element,name,GW,total_points,minutes,goals_scored,assists,clean_sheets,goals_conceded,own_goals,penalties_saved,penalties_missed,yellow_cards,red_cards,saves,bonus,bps,ict_index,expected_goals,expected_assists,expected_goal_involvements,expected_goals_conceded,starts,transfers_in,transfers_out,transfers_balance,selected,value,round,influence,creativity,threat,clearances_blocks_interceptions,recoveries,tackles,position,team,opponent_team,was_home,kickoff_time,fixture,team_h_score,team_a_score
19,Zubimendi,1,1,22,0,0,0,0,0,0,0,0,0,0,0,3,0.6,0.0,0.02,0.02,0.15,0,1414,17709,-16295.0,1.0,55.0,1,3.8,2.3,0.0,0,2,1,MID,Arsenal,Coventry City,True,2026-08-21T19:00:00Z,1,3.0,0.0
52,Alysson,1,1,8,0,0,0,0,0,0,0,0,0,0,0,5,0.4,0.0,0.0,0.0,0.14,0,317,508,-191.0,0.0,50.0,1,4.0,0.0,0.0,1,1,1,MID,Aston Villa,Brighton,False,2026-08-23T13:00:00Z,3,4.0,0.0
53,Manzambi,1,0,0,0,0,0,0,0,0,0,0,0,0,0,0,0.0,0.0,0.0,0.0,0.0,0,210,8065,-7855.0,0.2,60.0,1,0.0,0.0,0.0,0,0,0,MID,Aston Villa,Brighton,False,2026-08-23T13:00:00Z,3,4.0,0.0
55,Watkins,1,0,0,0,0,0,0,0,0,0,0,0,0,0,0,0.0,0.0,0.0,0.0,0.0,0,10109,216383,-206274.0,8.1,79.0,1,0.0,0.0,0.0,0,0,0,FWD,Aston Villa,Brighton,False,2026-08-23T13:00:00Z,3,4.0,0.0
56,Abraham,1,0,0,0,0,0,0,0,0,0,0,0,0,0,0,0.0,0.0,0.0,0.0,0.0,0,531,2261,-1730.0,0.1,55.0,1,0.0,0.0,0.0,0,0,0,FWD,Aston Villa,Brighton,False,2026-08-23T13:00:00Z,3,4.0,0.0
160,Garnacho,1,1,4,0,0,0,0,0,0,0,0,0,0,0,2,0.0,0.0,0.0,0.0,0.14,0,1852,8985,-7133.0,0.6,60.0,1,0.0,0.0,0.0,0,0,0,MID,Aston Villa,Brighton,False,2026-08-23T13:00:00Z,3,4.0,0.0
582,Madjo,1,0,0,0,0,0,0,0,0,0,0,0,0,0,0,0.0,0.0,0.0,0.0,0.0,0,1105,7527,-6422.0,0.4,55.0,1,0.0,0.0,0.0,0,0,0,FWD,Aston Villa,Brighton,False,2026-08-23T13:00:00Z,3,4.0,0.0
596,Ruggeri,1,1,8,0,0,0,0,0,0,0,0,0,0,0,3,0.4,0.0,0.0,0.0,0.14,0,785,908,-123.0,0.1,45.0,1,4.0,0.0,0.0,0,0,2,DEF,Aston Villa,Brighton,False,2026-08-23T13:00:00Z,3,4.0,0.0
597,Suzuki,1,0,0,0,0,0,0,0,0,0,0,0,0,0,0,0.0,0.0,0.0,0.0,0.0,0,3669,5667,-1998.0,0.8,50.0,1,0.0,0.0,0.0,0,0,0,GK,Aston Villa,Brighton,False,2026-08-23T13:00:00Z,3,4.0,0.0
606,Rowe,1,0,0,0,0,0,0,0,0,0,0,0,0,0,0,0.0,0.0,0.0,0.0,0.0,0,1264,206,1058.0,0.1,40.0,1,0.0,0.0,0.0,0,0,0,DEF,Aston Villa,Brighton,False,2026-08-23T13:00:00Z,3,4.0,0.0
607,Lynch,1,0,0,0,0,0,0,0,0,0,0,0,0,0,0,0.0,0.0,0.0,0.0,0.0,0,3333,739,2594.0,0.1,45.0,1,0.0,0.0,0.0,0,0,0,MID,Aston Villa,Brighton,False,2026-08-23T13:00:00Z,3,4.0,0.0
611,Wan-Bissaka,1,0,0,0,0,0,0,0,0,0,0,0,0,0,0,0.0,0.0,0.0,0.0,0.0,0,1151,111,1040.0,0.0,45.0,1,0.0,0.0,0.0,0,0,0,DEF,Aston Villa,Brighton,False,2026-08-23T13:00:00Z,3,4.0,0.0
57,Petrović,1,2,90,0,0,0,2,0,0,0,0,0,4,0,13,3.7,0.0,0.0,0.0,2.25,1,20207,11525,8682.0,3.3,45.0,1,36.8,0.0,0.0,2,5,0,GK,Bournemouth,Man City,False,2026-08-23T13:00:00Z,7,2.0,1.0
58,Forster,1,0,0,0,0,0,0,0,0,0,0,0,0,0,0,0.0,0.0,0.0,0.0,0.0,0,7938,8904,-966.0,3.2,40.0,1,0.0,0.0,0.0,0,0,0,GK,Bournemouth,Man City,False,2026-08-23T13:00:00Z,7,2.0,1.0
59,Dennis,1,0,0,0,0,0,0,0,0,0,0,0,0,0,0,0.0,0.0,0.0,0.0,0.0,0,1133,1057,76.0,0.2,40.0,1,0.0,0.0,0.0,0,0,0,GK,Bournemouth,Man City,False,2026-08-23T13:00:00Z,7,2.0,1.0
60,Hill,1,1,90,0,0,0,2,0,0,0,0,0,0,0,0,1.2,0.0,0.0,0.0,2.25,1,7413,5686,1727.0,0.9,55.0,1,11.6,0.3,0.0,5,1,1,DEF,Bournemouth,Man City,False,2026-08-23T13:00:00Z,7,2.0,1.0
61,Truffert,1,1,90,0,0,0,2,0,0,0,0,0,0,0,0,1.7,0.0,0.0,0.0,2.25,1,16851,21574,-4723.0,4.2,55.0,1,15.4,1.3,0.0,5,7,2,DEF,Bournemouth,Man City,False,2026-08-23T13:00:00Z,7,2.0,1.0
63,Milosavljević,1,0,0,0,0,0,0,0,0,0,0,0,0,0,0,0.0,0.0,0.0,0.0,0.0,0,70,266,-196.0,0.0,50.0,1,0.0,0.0,0.0,0,0,0,DEF,Bournemouth,Man City,False,2026-08-23T13:00:00Z,7,2.0,1.0
64,Smith,1,1,90,0,0,0,2,0,0,0,0,0,0,0,4,0.8,0.0,0.0,0.0,2.25,1,2313,868,1445.0,0.1,45.0,1,7.0,0.6,0.0,4,3,1,DEF,Bournemouth,Man City,False,2026-08-23T13:00:00Z,7,2.0,1.0
62,Diakité,1,0,0,0,0,0,0,0,0,0,0,0,0,0,0,0.0,0.0,0.0,0.0,0.0,0,2466,2076,390.0,0.2,50.0,1,0.0,0.0,0.0,0,0,0,DEF,Bournemouth,Man City,False,2026-08-23T13:00:00Z,7,2.0,1.0
65,J.Araujo,1,0,0,0,0,0,0,0,0,0,0,0,0,0,0,0.0,0.0,0.0,0.0,0.0,0,79,467,-388.0,0.0,45.0,1,0.0,0.0,0.0,0,0,0,DEF,Bournemouth,Man City,False,2026-08-23T13:00:00Z,7,2.0,1.0
66,Soler,1,0,0,0,0,0,0,0,0,0,0,0,0,0,0,0.0,0.0,0.0,0.0,0.0,0,364,2189,-1825.0,0.2,40.0,1,0.0,0.0,0.0,0,0,0,DEF,Bournemouth,Man City,False,2026-08-23T13:00:00Z,7,2.0,1.0
67,Rayan,1,2,88,0,0,0,1,0,0,0,0,0,0,0,9,3.5,0.04,0.03,0.07,2.06,1,19726,18633,1093.0,2.8,65.0,1,6.2,11.3,17.0,1,0,0,MID,Bournemouth,Man City,False,2026-08-23T13:00:00Z,7,2.0,1.0
68,Tavernier,1,10,90,1,0,0,2,0,0,0,0,0,0,3,32,7.5,0.4,0.08,0.48,2.25,1,63308,10016,53292.0,2.3,60.0,1,40.0,17.2,18.0,2,4,2,MID,Bournemouth,Man City,False,2026-08-23T13:00:00Z,7,2.0,1.0
70,Kluivert,1,3,74,0,0,1,0,0,0,0,0,0,0,0,15,4.2,0.11,0.0,0.11,1.94,1,12612,8059,4553.0,1.2,60.0,1,11.0,14.3,17.0,1,5,3,MID,Bournemouth,Man City,False,2026-08-23T13:00:00Z,7,2.0,1.0
71,Cook,1,3,75,0,0,1,0,0,0,0,0,0,0,0,8,0.7,0.0,0.0,0.0,1.94,1,2614,1414,1200.0,0.2,50.0,1,4.6,2.1,0.0,3,3,1,MID,Bournemouth,Man City,False,2026-08-23T13:00:00Z,7,2.0,1.0
72,Gannon-Doak,1,1,1,0,0,0,1,0,0,0,0,0,0,0,3,0.2,0.0,0.0,0.0,0.19,0,329,741,-412.0,0.1,50.0,1,0.2,0.1,2.0,0,1,0,MID,Bournemouth,Man City,False,2026-08-23T13:00:00Z,7,2.0,1.0
73,Adams,1,1,15,0,0,0,2,0,0,0,0,0,0,0,4,0.4,0.0,0.0,0.0,0.31,0,2530,2599,-69.0,0.2,50.0,1,3.6,0.6,0.0,3,0,0,MID,Bournemouth,Man City,False,2026-08-23T13:00:00Z,7,2.0,1.0
74,Brooks,1,0,0,0,0,0,0,0,0,0,0,0,0,0,0,0.0,0.0,0.0,0.0,0.0,0,480,601,-121.0,0.1,50.0,1,0.0,0.0,0.0,0,0,0,MID,Bournemouth,Man City,False,2026-08-23T13:00:00Z,7,2.0,1.0
75,Christie,1,0,0,0,0,0,0,0,0,0,0,0,0,0,0,0.0,0.0,0.0,0.0,0.0,0,438,166,272.0,0.0,50.0,1,0.0,0.0,0.0,0,0,0,MID,Bournemouth,Man City,False,2026-08-23T13:00:00Z,7,2.0,1.0
76,Tóth.A,1,1,15,0,0,0,2,0,0,0,0,0,0,0,5,0.3,0.0,0.0,0.0,0.31,0,87,128,-41.0,0.0,50.0,1,2.8,0.6,0.0,0,1,1,MID,Bournemouth,Man City,False,2026-08-23T13:00:00Z,7,2.0,1.0
77,Adli,1,0,0,0,0,0,0,0,0,0,0,0,0,0,0,0.0,0.0,0.0,0.0,0.0,0,47,893,-846.0,0.0,50.0,1,0.0,0.0,0.0,0,0,0,MID,Bournemouth,Man City,False,2026-08-23T13:00:00Z,7,2.0,1.0
78,Kroupi.Jr,1,0,0,0,0,0,0,0,0,0,0,0,0,0,0,0.0,0.0,0.0,0.0,0.0,0,429,12033,-11604.0,0.3,75.0,1,0.0,0.0,0.0,0,0,0,MID,Bournemouth,Man City,False,2026-08-23T13:00:00Z,7,2.0,1.0
79,Evanilson,1,4,74,0,1,1,0,0,0,0,1,0,0,0,17,3.3,0.0,0.21,0.21,1.94,1,57477,15649,41828.0,2.9,60.0,1,19.4,11.9,2.0,4,3,1,FWD,Bournemouth,Man City,False,2026-08-23T13:00:00Z,7,2.0,1.0
80,Enes Ünal,1,0,0,0,0,0,0,0,0,0,0,0,0,0,0,0.0,0.0,0.0,0.0,0.0,0,0,977,-977.0,0.0,55.0,1,0.0,0.0,0.0,0,0,0,FWD,Bournemouth,Man City,False,2026-08-23T13:00:00Z,7,2.0,1.0
81,Rodríguez,1,0,0,0,0,0,0,0,0,0,0,0,0,0,0,0.0,0.0,0.0,0.0,0.0,0,845,1073,-228.0,0.1,60.0,1,0.0,0.0,0.0,0,0,0,FWD,Bournemouth,Man City,False,2026-08-23T13:00:00Z,7,2.0,1.0
566,Silva,1,2,90,0,0,0,2,0,0,0,1,0,0,0,5,3.2,0.0,0.0,0.0,2.25,1,5555,1822,3733.0,0.4,50.0,1,31.4,0.3,0.0,13,1,0,DEF,Bournemouth,Man City,False,2026-08-23T13:00:00Z,7,2.0,1.0
608,Jebbison,1,1,15,0,0,0,2,0,0,0,0,0,0,0,6,2.1,0.1,0.0,0.1,0.31,0,2023,340,1683.0,0.0,50.0,1,3.4,0.8,17.0,0,1,0,FWD,Bournemouth,Man City,False,2026-08-23T13:00:00Z,7,2.0,1.0
22,Nwaneri,1,0,0,0,0,0,0,0,0,0,0,0,0,0,0,0.0,0.0,0.0,0.0,0.0,0,68,291,-223.0,0.0,55.0,1,0.0,0.0,0.0,0,0,0,MID,Arsenal,Coventry City,True,2026-08-21T19:00:00Z,1,3.0,0.0
23,Fábio Vieira,1,0,0,0,0,0,0,0,0,0,0,0,0,0,0,0.0,0.0,0.0,0.0,0.0,0,69,189,-120.0,0.0,55.0,1,0.0,0.0,0.0,0,0,0,MID,Arsenal,Coventry City,True,2026-08-21T19:00:00Z,1,3.0,0.0
615,Di Gregorio,1,0,0,0,0,0,0,0,0,0,0,0,0,0,0,0.0,0.0,0.0,0.0,0.0,0,83,9,74.0,0.0,45.0,1,0.0,0.0,0.0,0,0,0,GK,Bournemouth,Man City,False,2026-08-23T13:00:00Z,7,2.0,1.0
82,Kelleher,1,7,90,0,0,1,0,0,0,0,0,0,4,0,34,3.1,0.0,0.01,0.01,0.57,1,63717,16446,47271.0,6.5,50.0,1,31.4,0.0,0.0,0,5,0,GK,Brentford,Spurs,True,2026-08-22T16:30:00Z,2,3.0,0.0
83,Valdimarsson,1,0,0,0,0,0,0,0,0,0,0,0,0,0,0,0.0,0.0,0.0,0.0,0.0,0,569,762,-193.0,0.1,45.0,1,0.0,0.0,0.0,0,0,0,GK,Brentford,Spurs,True,2026-08-22T16:30:00Z,2,3.0,0.0
84,Collins,1,6,90,0,0,1,0,0,0,0,0,0,0,0,21,5.0,0.34,0.04,0.38,0.57,1,21651,7704,13947.0,2.1,55.0,1,11.6,21.5,17.0,3,3,0,DEF,Brentford,Spurs,True,2026-08-22T16:30:00Z,2,3.0,0.0
85,Van den Berg,1,0,0,0,0,0,0,0,0,0,0,0,0,0,0,0.0,0.0,0.0,0.0,0.0,0,138,3772,-3634.0,0.1,50.0,1,0.0,0.0,0.0,0,0,0,DEF,Brentford,Spurs,True,2026-08-22T16:30:00Z,2,3.0,0.0
86,Lewis-Potter,1,10,90,1,0,1,0,0,0,0,0,0,0,2,37,8.2,0.77,0.12,0.89,0.57,1,39431,5593,33838.0,1.0,55.0,1,47.2,15.9,19.0,4,5,1,MID,Brentford,Spurs,True,2026-08-22T16:30:00Z,2,3.0,0.0
87,Ajer,1,8,90,0,0,1,0,0,0,0,0,0,0,0,29,5.6,0.11,0.02,0.13,0.57,1,53683,11186,42497.0,4.0,45.0,1,20.0,0.9,35.0,8,3,2,DEF,Brentford,Spurs,True,2026-08-22T16:30:00Z,2,3.0,0.0
88,Kayode,1,13,75,1,0,1,0,0,0,0,0,0,0,1,36,8.1,0.5,0.0,0.5,0.47,1,273528,17595,255933.0,7.2,46.0,1,33.8,1.5,46.0,4,5,0,DEF,Brentford,Spurs,True,2026-08-22T16:30:00Z,2,3.0,0.0
89,Henry,1,0,0,0,0,0,0,0,0,0,0,0,0,0,0,0.0,0.0,0.0,0.0,0.0,0,487,1810,-1323.0,0.2,45.0,1,0.0,0.0,0.0,0,0,0,DEF,Brentford,Spurs,True,2026-08-22T16:30:00Z,2,3.0,0.0
90,Hickey,1,1,14,0,0,0,0,0,0,0,0,0,0,0,2,0.0,0.0,0.0,0.0,0.1,0,533,456,77.0,0.1,45.0,1,0.0,0.3,0.0,0,2,0,DEF,Brentford,Spurs,True,2026-08-22T16:30:00Z,2,3.0,0.0
91,Pinnock,1,0,0,0,0,0,0,0,0,0,0,0,0,0,0,0.0,0.0,0.0,0.0,0.0,0,395,819,-424.0,0.1,45.0,1,0.0,0.0,0.0,0,0,0,DEF,Coventry City,Arsenal,False,2026-08-21T19:00:00Z,1,3.0,0.0
92,Ji-soo,1,0,0,0,0,0,0,0,0,0,0,0,0,0,0,0.0,0.0,0.0,0.0,0.0,0,104,172,-68.0,0.0,45.0,1,0.0,0.0,0.0,0,0,0,DEF,Brentford,Spurs,True,2026-08-22T16:30:00Z,2,3.0,0.0
93,Schuster,1,0,0,0,0,0,0,0,0,0,0,0,0,0,0,0.0,0.0,0.0,0.0,0.0,0,127,989,-862.0,0.2,45.0,1,0.0,0.0,0.0,0,0,0,DEF,Brentford,Spurs,True,2026-08-22T16:30:00Z,2,3.0,0.0
94,Schade,1,3,90,0,0,1,0,0,0,0,0,0,0,0,17,8.5,0.52,0.01,0.53,0.57,1,19001,20755,-1754.0,3.5,60.0,1,14.4,11.8,59.0,1,5,3,MID,Brentford,Spurs,True,2026-08-22T16:30:00Z,2,3.0,0.0
95,O.Dango,1,3,66,0,0,1,0,0,0,0,0,0,0,0,6,4.7,0.05,0.29,0.34,0.47,1,6275,8664,-2389.0,1.1,65.0,1,1.0,30.8,15.0,2,4,0,MID,Brentford,Spurs,True,2026-08-22T16:30:00Z,2,3.0,0.0
96,Damsgaard,1,1,14,0,0,0,0,0,0,0,0,0,0,0,6,3.4,0.0,0.11,0.11,0.1,0,1845,6238,-4393.0,0.5,55.0,1,7.6,26.3,0.0,0,3,1,MID,Brentford,Spurs,True,2026-08-22T16:30:00Z,2,3.0,0.0
46,Barkley,1,2,73,0,0,0,4,0,0,0,0,0,0,0,11,3.8,0.1,0.02,0.12,3.55,1,1626,2299,-673.0,0.2,50.0,1,9.4,21.4,7.0,1,0,0,MID,Aston Villa,Brighton,False,2026-08-23T13:00:00Z,3,4.0,0.0
51,George Hemmings,1,2,90,0,0,0,4,0,0,0,0,0,0,0,12,2.4,0.0,0.0,0.0,3.77,1,7030,4589,2441.0,0.7,45.0,1,10.6,11.6,2.0,0,2,3,MID,Aston Villa,Brighton,False,2026-08-23T13:00:00Z,3,4.0,0.0
97,Jensen,1,6,66,0,1,1,0,0,0,0,0,0,0,0,22,7.2,0.08,0.34,0.42,0.47,1,3064,1120,1944.0,0.2,55.0,1,12.6,46.2,13.0,0,3,2,MID,Brentford,Spurs,True,2026-08-22T16:30:00Z,2,3.0,0.0
98,Janelt,1,9,90,1,0,1,0,0,0,0,1,0,0,0,35,11.6,0.39,0.17,0.56,0.57,1,25051,3434,21617.0,0.4,50.0,1,53.2,38.8,24.0,6,3,4,MID,Brentford,Spurs,True,2026-08-22T16:30:00Z,2,3.0,0.0
99,Milambo,1,0,0,0,0,0,0,0,0,0,0,0,0,0,0,0.0,0.0,0.0,0.0,0.0,0,25,43,-18.0,0.0,50.0,1,0.0,0.0,0.0,0,0,0,MID,Brentford,Spurs,True,2026-08-22T16:30:00Z,2,3.0,0.0
100,Carvalho,1,0,0,0,0,0,0,0,0,0,0,0,0,0,0,0.0,0.0,0.0,0.0,0.0,0,109,221,-112.0,0.0,50.0,1,0.0,0.0,0.0,0,0,0,MID,Brentford,Spurs,True,2026-08-22T16:30:00Z,2,3.0,0.0
102,Yarmoliuk,1,1,23,0,0,0,0,0,0,0,0,0,0,0,7,0.6,0.04,0.0,0.04,0.1,0,652,10751,-10099.0,1.2,50.0,1,2.2,0.8,3.0,1,3,2,MID,Brentford,Spurs,True,2026-08-22T16:30:00Z,2,3.0,0.0
103,Dasilva,1,0,0,0,0,0,0,0,0,0,0,0,0,0,0,0.0,0.0,0.0,0.0,0.0,0,152,301,-149.0,0.0,50.0,1,0.0,0.0,0.0,0,0,0,MID,Brentford,Spurs,True,2026-08-22T16:30:00Z,2,3.0,0.0
105,Anthony,1,1,23,0,0,0,0,0,0,0,0,0,0,0,9,4.7,0.03,0.35,0.38,0.1,0,1629,1989,-360.0,0.2,60.0,1,10.6,34.9,1.0,0,6,2,MID,Brentford,Spurs,True,2026-08-22T16:30:00Z,2,3.0,0.0
107,Furo,1,0,0,0,0,0,0,0,0,0,0,0,0,0,0,0.0,0.0,0.0,0.0,0.0,0,7004,7236,-232.0,0.9,45.0,1,0.0,0.0,0.0,0,0,0,FWD,Brentford,Spurs,True,2026-08-22T16:30:00Z,2,3.0,0.0
108,Wilson,1,1,7,0,0,0,0,0,0,0,0,0,0,0,4,1.8,0.03,0.04,0.07,0.07,0,3699,4129,-430.0,0.4,55.0,1,2.2,10.3,5.0,0,0,0,FWD,Brentford,Spurs,True,2026-08-22T16:30:00Z,2,3.0,0.0
565,M.Sangaré,1,14,75,0,2,1,0,0,0,0,0,0,0,3,41,7.4,0.05,0.33,0.38,0.47,1,365523,18499,347024.0,8.1,56.0,1,31.6,21.8,21.0,4,7,2,MID,Brentford,Spurs,True,2026-08-22T16:30:00Z,2,3.0,0.0
109,Verbruggen,1,6,90,0,0,1,0,0,0,0,0,0,0,0,25,0.7,0.0,0.0,0.0,0.29,1,72141,36858,35283.0,21.5,45.0,1,6.6,0.0,0.0,0,4,0,GK,Brighton,Aston Villa,True,2026-08-23T13:00:00Z,3,4.0,0.0
111,Steele,1,0,0,0,0,0,0,0,0,0,0,0,0,0,0,0.0,0.0,0.0,0.0,0.0,0,8983,11735,-2752.0,4.0,40.0,1,0.0,0.0,0.0,0,0,0,GK,Brighton,Aston Villa,True,2026-08-23T13:00:00Z,3,4.0,0.0
113,F.Kadıoğlu,1,0,0,0,0,0,0,0,0,0,0,0,0,0,0,0.0,0.0,0.0,0.0,0.0,0,2226,45846,-43620.0,2.3,45.0,1,0.0,0.0,0.0,0,0,0,DEF,Brighton,Aston Villa,True,2026-08-23T13:00:00Z,3,4.0,0.0
114,Boscagli,1,6,90,0,0,1,0,0,0,0,0,0,0,0,29,2.9,0.0,0.04,0.04,0.29,1,3281,1270,2011.0,0.3,45.0,1,15.2,7.3,6.0,5,4,1,DEF,Brighton,Aston Villa,True,2026-08-23T13:00:00Z,3,4.0,0.0
115,De Cuyper,1,17,77,1,1,1,0,0,0,0,0,0,0,2,46,12.9,1.47,0.21,1.68,0.29,1,427291,17340,409951.0,7.6,46.0,1,40.6,45.3,43.0,1,3,3,DEF,Brighton,Aston Villa,True,2026-08-23T13:00:00Z,3,4.0,0.0
118,Igor,1,0,0,0,0,0,0,0,0,0,0,0,0,0,0,0.0,0.0,0.0,0.0,0.0,0,426,743,-317.0,0.1,45.0,1,0.0,0.0,0.0,0,0,0,DEF,Brighton,Aston Villa,True,2026-08-23T13:00:00Z,3,4.0,0.0
48,Onana,1,0,0,0,0,0,0,0,0,0,0,0,0,0,0,0.0,0.0,0.0,0.0,0.0,0,136,477,-341.0,0.0,50.0,1,0.0,0.0,0.0,0,0,0,MID,Aston Villa,Brighton,False,2026-08-23T13:00:00Z,3,4.0,0.0
117,Coppola,1,0,0,0,0,0,0,0,0,0,0,0,0,0,0,0.0,0.0,0.0,0.0,0.0,0,157,190,-33.0,0.0,45.0,1,0.0,0.0,0.0,0,0,0,DEF,Brighton,Aston Villa,True,2026-08-23T13:00:00Z,3,4.0,0.0
119,Costinha,1,1,26,0,0,0,0,0,0,0,0,0,0,0,7,2.8,0.12,0.0,0.12,0.1,0,254,181,73.0,0.0,45.0,1,8.2,1.9,18.0,3,0,1,DEF,Brighton,Aston Villa,True,2026-08-23T13:00:00Z,3,4.0,0.0
120,Svoboda,1,0,0,0,0,0,0,0,0,0,0,0,0,0,0,0.0,0.0,0.0,0.0,0.0,0,729,600,129.0,0.1,50.0,1,0.0,0.0,0.0,0,0,0,DEF,Brighton,Aston Villa,True,2026-08-23T13:00:00Z,3,4.0,0.0
121,Mitoma,1,0,0,0,0,0,0,0,0,0,0,0,0,0,0,0.0,0.0,0.0,0.0,0.0,0,149,1108,-959.0,0.0,60.0,1,0.0,0.0,0.0,0,0,0,MID,Brighton,Aston Villa,True,2026-08-23T13:00:00Z,3,4.0,0.0
122,Minteh,1,0,0,0,0,0,0,0,0,0,0,0,0,0,0,0.0,0.0,0.0,0.0,0.0,0,133,3178,-3045.0,0.1,60.0,1,0.0,0.0,0.0,0,0,0,MID,Brighton,Aston Villa,True,2026-08-23T13:00:00Z,3,4.0,0.0
123,Hinshelwood,1,16,63,2,0,1,0,0,0,0,0,0,0,3,54,14.5,1.41,0.02,1.43,0.19,1,136867,19740,117127.0,2.6,60.0,1,72.8,13.4,59.0,0,1,2,MID,Brighton,Aston Villa,True,2026-08-23T13:00:00Z,3,4.0,0.0
124,Groß,1,2,90,0,0,1,0,0,0,0,1,0,0,0,18,8.6,0.0,0.27,0.27,0.29,1,20089,86562,-66473.0,13.0,55.0,1,21.0,56.9,8.0,0,2,3,MID,Brighton,Aston Villa,True,2026-08-23T13:00:00Z,3,4.0,0.0
125,Georginio,1,5,90,0,1,1,0,0,0,0,0,0,0,0,22,4.6,0.08,0.44,0.52,0.29,1,22905,11122,11783.0,1.0,55.0,1,19.8,11.4,15.0,1,4,2,FWD,Brighton,Aston Villa,True,2026-08-23T13:00:00Z,3,4.0,0.0
126,O'Riley,1,0,0,0,0,0,0,0,0,0,0,0,0,0,0,0.0,0.0,0.0,0.0,0.0,0,568,1179,-611.0,0.1,55.0,1,0.0,0.0,0.0,0,0,0,MID,Brighton,Aston Villa,True,2026-08-23T13:00:00Z,3,4.0,0.0
128,Buonanotte,1,0,0,0,0,0,0,0,0,0,0,0,0,0,0,0.0,0.0,0.0,0.0,0.0,0,0,156,-156.0,0.0,50.0,1,0.0,0.0,0.0,0,0,0,MID,Brighton,Aston Villa,True,2026-08-23T13:00:00Z,3,4.0,0.0
129,Ayari,1,2,63,0,0,1,0,0,0,0,1,0,0,0,8,1.7,0.11,0.03,0.14,0.19,1,2781,6247,-3466.0,0.6,55.0,1,0.0,15.0,6.0,1,3,0,MID,Brighton,Aston Villa,True,2026-08-23T13:00:00Z,3,4.0,0.0
130,Wieffer,1,7,77,0,0,1,0,0,0,0,0,0,0,1,32,4.9,0.09,0.05,0.14,0.29,1,11812,2551,9261.0,0.4,50.0,1,16.6,26.3,6.0,4,5,4,DEF,Brighton,Aston Villa,True,2026-08-23T13:00:00Z,3,4.0,0.0
132,Howell,1,0,0,0,0,0,0,0,0,0,0,0,0,0,0,0.0,0.0,0.0,0.0,0.0,0,0,1408,-1408.0,0.1,45.0,1,0.0,0.0,0.0,0,0,0,MID,Brighton,Aston Villa,True,2026-08-23T13:00:00Z,3,4.0,0.0
133,Watson,1,0,0,0,0,0,0,0,0,0,0,0,0,0,0,0.0,0.0,0.0,0.0,0.0,0,0,48,-48.0,0.0,50.0,1,0.0,0.0,0.0,0,0,0,MID,Brighton,Aston Villa,True,2026-08-23T13:00:00Z,3,4.0,0.0
134,Oriola,1,0,0,0,0,0,0,0,0,0,0,0,0,0,0,0.0,0.0,0.0,0.0,0.0,0,1497,2358,-861.0,0.3,45.0,1,0.0,0.0,0.0,0,0,0,MID,Brighton,Aston Villa,True,2026-08-23T13:00:00Z,3,4.0,0.0
135,Yohanna,1,1,12,0,0,0,0,0,0,0,0,0,0,0,3,0.2,0.0,0.03,0.03,0.0,0,335,707,-372.0,0.1,50.0,1,0.2,1.3,0.0,0,0,0,MID,Brighton,Aston Villa,True,2026-08-23T13:00:00Z,3,4.0,0.0
137,Tzimas,1,0,0,0,0,0,0,0,0,0,0,0,0,0,0,0.0,0.0,0.0,0.0,0.0,0,77,223,-146.0,0.0,55.0,1,0.0,0.0,0.0,0,0,0,FWD,Brighton,Aston Villa,True,2026-08-23T13:00:00Z,3,4.0,0.0
138,Kostoulas,1,1,26,0,0,0,0,0,0,0,0,0,0,0,-1,0.9,0.18,0.0,0.18,0.1,0,982,1785,-803.0,0.2,55.0,1,0.0,0.4,10.0,0,1,1,FWD,Brighton,Aston Villa,True,2026-08-23T13:00:00Z,3,4.0,0.0
139,Ferguson,1,0,0,0,0,0,0,0,0,0,0,0,0,0,0,0.0,0.0,0.0,0.0,0.0,0,288,570,-282.0,0.0,50.0,1,0.0,0.0,0.0,0,0,0,FWD,Brighton,Aston Villa,True,2026-08-23T13:00:00Z,3,4.0,0.0
328,Struijk,1,0,0,0,0,0,0,0,0,0,0,0,0,0,0,0.0,0.0,0.0,0.0,0.0,0,1312,2124,-812.0,0.2,50.0,1,0.0,0.0,0.0,0,0,0,DEF,Brighton,Aston Villa,True,2026-08-23T13:00:00Z,3,4.0,0.0
594,David,1,0,0,0,0,0,0,0,0,0,0,0,0,0,0,0.0,0.0,0.0,0.0,0.0,0,2281,3317,-1036.0,0.3,60.0,1,0.0,0.0,0.0,0,0,0,FWD,Brighton,Aston Villa,True,2026-08-23T13:00:00Z,3,4.0,0.0
600,Osman,1,1,12,0,0,0,0,0,0,0,0,0,0,0,7,2.4,0.0,0.05,0.05,0.0,0,201,124,77.0,0.0,50.0,1,4.2,15.4,4.0,0,2,0,MID,Brighton,Aston Villa,True,2026-08-23T13:00:00Z,3,4.0,0.0
605,Yalcouyé,1,1,4,0,0,0,0,0,0,0,0,0,0,0,3,0.3,0.0,0.01,0.01,0.0,0,3706,803,2903.0,0.1,45.0,1,0.6,2.7,0.0,0,0,0,MID,Brighton,Aston Villa,True,2026-08-23T13:00:00Z,3,4.0,0.0
614,Hadjam,1,0,0,0,0,0,0,0,0,0,0,0,0,0,0,0.0,0.0,0.0,0.0,0.0,0,715,30,685.0,0.0,45.0,1,0.0,0.0,0.0,0,0,0,DEF,Brighton,Aston Villa,True,2026-08-23T13:00:00Z,3,4.0,0.0
101,Henderson,1,0,0,0,0,0,0,0,0,0,0,0,0,0,0,0.0,0.0,0.0,0.0,0.0,0,203,615,-412.0,0.0,50.0,1,0.0,0.0,0.0,0,0,0,MID,Chelsea,Fulham,False,2026-08-24T19:00:00Z,10,2.0,3.0
136,Welbeck,1,0,0,0,0,0,0,0,0,0,0,0,0,0,0,0.0,0.0,0.0,0.0,0.0,0,1773,20036,-18263.0,1.0,60.0,1,0.0,0.0,0.0,0,0,0,FWD,Chelsea,Fulham,False,2026-08-24T19:00:00Z,10,2.0,3.0
140,Sánchez,1,2,90,0,0,0,2,0,0,0,0,0,4,0,6,2.1,0.0,0.01,0.01,1.33,1,7933,17954,-10021.0,2.3,50.0,1,21.4,0.0,0.0,1,5,0,GK,Chelsea,Fulham,False,2026-08-24T19:00:00Z,10,2.0,3.0
141,Jörgensen,1,0,0,0,0,0,0,0,0,0,0,0,0,0,0,0.0,0.0,0.0,0.0,0.0,0,0,478,-478.0,0.0,50.0,1,0.0,0.0,0.0,0,0,0,GK,Chelsea,Fulham,False,2026-08-24T19:00:00Z,10,2.0,3.0
142,James,1,0,90,0,0,0,2,0,0,0,1,0,0,0,5,5.9,0.1,0.07,0.17,1.33,1,53801,68376,-14575.0,10.0,55.0,1,23.4,16.8,19.0,6,4,0,DEF,Chelsea,Fulham,False,2026-08-24T19:00:00Z,10,2.0,3.0
143,Chalobah,1,0,0,0,0,0,0,0,0,0,0,0,0,0,0,0.0,0.0,0.0,0.0,0.0,0,0,7441,-7441.0,0.1,55.0,1,0.0,0.0,0.0,0,0,0,DEF,Chelsea,Fulham,False,2026-08-24T19:00:00Z,10,2.0,3.0
144,Gusto,1,1,75,0,0,0,2,0,0,0,0,0,0,0,2,2.3,0.0,0.03,0.03,1.11,1,11239,9373,1866.0,1.2,50.0,1,7.2,9.8,6.0,2,4,1,DEF,Chelsea,Fulham,False,2026-08-24T19:00:00Z,10,2.0,3.0
145,Fofana,1,0,0,0,0,0,0,0,0,0,0,0,0,0,0,0.0,0.0,0.0,0.0,0.0,0,676,228,448.0,0.0,50.0,1,0.0,0.0,0.0,0,0,0,DEF,Chelsea,Fulham,False,2026-08-24T19:00:00Z,10,2.0,3.0
146,B.Badiashile,1,0,0,0,0,0,0,0,0,0,0,0,0,0,0,0.0,0.0,0.0,0.0,0.0,0,232,687,-455.0,0.0,45.0,1,0.0,0.0,0.0,0,0,0,DEF,Chelsea,Fulham,False,2026-08-24T19:00:00Z,10,2.0,3.0
147,Tosin,1,0,0,0,0,0,0,0,0,0,0,0,0,0,0,0.0,0.0,0.0,0.0,0.0,0,238,1763,-1525.0,0.2,45.0,1,0.0,0.0,0.0,0,0,0,DEF,Spurs,Brentford,False,2026-08-22T16:30:00Z,2,3.0,0.0
148,Hato,1,1,64,0,0,0,2,0,0,0,0,0,0,0,5,3.2,0.01,0.03,0.04,1.05,1,3663,3837,-174.0,0.5,45.0,1,8.4,12.3,11.0,1,2,2,DEF,Chelsea,Fulham,False,2026-08-24T19:00:00Z,10,2.0,3.0
149,Colwill,1,0,90,0,0,0,2,0,0,0,1,0,0,0,6,1.5,0.01,0.03,0.04,1.33,1,9367,14874,-5507.0,1.5,50.0,1,6.0,1.6,7.0,2,3,2,DEF,Chelsea,Fulham,False,2026-08-24T19:00:00Z,10,2.0,3.0
150,M.Sarr,1,0,0,0,0,0,0,0,0,0,0,0,0,0,0,0.0,0.0,0.0,0.0,0.0,0,384,843,-459.0,0.1,45.0,1,0.0,0.0,0.0,0,0,0,DEF,Chelsea,Fulham,False,2026-08-24T19:00:00Z,10,2.0,3.0
151,Acheampong,1,3,90,0,0,0,2,0,0,0,0,0,0,0,13,3.7,0.0,0.01,0.01,1.33,1,6012,2577,3435.0,0.4,45.0,1,33.2,2.2,2.0,10,6,5,DEF,Chelsea,Fulham,False,2026-08-24T19:00:00Z,10,2.0,3.0
152,Palestra,1,0,0,0,0,0,0,0,0,0,0,0,0,0,0,0.0,0.0,0.0,0.0,0.0,0,4858,49546,-44688.0,2.3,55.0,1,0.0,0.0,0.0,0,0,0,DEF,Chelsea,Fulham,False,2026-08-24T19:00:00Z,10,2.0,3.0
154,Palmer,1,13,82,1,1,0,2,0,0,0,0,0,0,3,60,16.1,0.28,0.19,0.47,1.24,1,298289,27629,270660.0,15.3,95.0,1,65.2,41.3,54.0,0,7,2,MID,Chelsea,Fulham,False,2026-08-24T19:00:00Z,10,2.0,3.0
155,Enzo,1,1,25,0,0,0,0,0,0,0,0,0,0,0,6,1.5,0.0,0.02,0.02,0.28,0,14216,69803,-55587.0,4.6,70.0,1,3.4,12.0,0.0,0,3,0,MID,Man City,Bournemouth,True,2026-08-23T13:00:00Z,7,2.0,1.0
156,Neto,1,1,14,0,0,0,0,0,0,0,0,0,0,0,9,1.3,0.03,0.07,0.1,0.22,0,5171,18712,-13541.0,1.2,65.0,1,5.2,4.1,4.0,0,3,1,MID,Chelsea,Fulham,False,2026-08-24T19:00:00Z,10,2.0,3.0
157,Estêvão,1,1,7,0,0,0,0,0,0,0,0,0,0,0,3,0.1,0.0,0.0,0.0,0.09,0,4901,20295,-15394.0,1.2,65.0,1,0.2,0.4,0.0,0,1,0,MID,Chelsea,Fulham,False,2026-08-24T19:00:00Z,10,2.0,3.0
158,Gittens,1,0,0,0,0,0,0,0,0,0,0,0,0,0,0,0.0,0.0,0.0,0.0,0.0,0,243,656,-413.0,0.0,60.0,1,0.0,0.0,0.0,0,0,0,MID,Chelsea,Fulham,False,2026-08-24T19:00:00Z,10,2.0,3.0
159,Caicedo,1,0,0,0,0,0,0,0,0,0,0,0,0,0,0,0.0,0.0,0.0,0.0,0.0,0,9314,80938,-71624.0,3.1,55.0,1,0.0,0.0,0.0,0,0,0,MID,Chelsea,Fulham,False,2026-08-24T19:00:00Z,10,2.0,3.0
161,Lavia,1,1,64,0,0,0,2,0,0,0,1,0,0,0,8,6.9,0.21,0.03,0.24,1.05,1,965,803,162.0,0.1,50.0,1,13.6,21.9,33.0,2,4,3,MID,Chelsea,Fulham,False,2026-08-24T19:00:00Z,10,2.0,3.0
163,D.Essugo,1,0,0,0,0,0,0,0,0,0,0,0,0,0,0,0.0,0.0,0.0,0.0,0.0,0,1143,2510,-1367.0,0.2,45.0,1,0.0,0.0,0.0,0,0,0,MID,Chelsea,Fulham,False,2026-08-24T19:00:00Z,10,2.0,3.0
164,Quenda,1,1,8,0,0,0,0,0,0,0,0,0,0,0,2,0.4,0.0,0.0,0.0,0.09,0,208,695,-487.0,0.0,55.0,1,1.2,0.3,2.0,1,0,0,MID,Chelsea,Fulham,False,2026-08-24T19:00:00Z,10,2.0,3.0
165,João Pedro,1,11,90,1,1,0,2,0,0,0,0,0,0,2,45,11.1,0.63,0.06,0.69,1.33,1,331231,24331,306900.0,67.6,76.0,1,51.2,23.0,37.0,1,2,0,FWD,Chelsea,Fulham,False,2026-08-24T19:00:00Z,10,2.0,3.0
166,N.Jackson,1,0,0,0,0,0,0,0,0,0,0,0,0,0,0,0.0,0.0,0.0,0.0,0.0,0,3958,7002,-3044.0,0.3,65.0,1,0.0,0.0,0.0,0,0,0,FWD,Aston Villa,Brighton,False,2026-08-23T13:00:00Z,3,4.0,0.0
167,Delap,1,0,0,0,0,0,0,0,0,0,0,0,0,0,0,0.0,0.0,0.0,0.0,0.0,0,4899,6604,-1705.0,0.5,55.0,1,0.0,0.0,0.0,0,0,0,FWD,Nott'm Forest,Leeds,True,2026-08-22T14:00:00Z,4,0.0,1.0
168,Marc Guiu,1,0,0,0,0,0,0,0,0,0,0,0,0,0,0,0.0,0.0,0.0,0.0,0.0,0,1972,5239,-3267.0,0.5,50.0,1,0.0,0.0,0.0,0,0,0,FWD,Chelsea,Fulham,False,2026-08-24T19:00:00Z,10,2.0,3.0
169,Mheuka,1,0,0,0,0,0,0,0,0,0,0,0,0,0,0,0.0,0.0,0.0,0.0,0.0,0,2594,3902,-1308.0,0.3,45.0,1,0.0,0.0,0.0,0,0,0,FWD,Chelsea,Fulham,False,2026-08-24T19:00:00Z,10,2.0,3.0
170,Emegha,1,0,0,0,0,0,0,0,0,0,0,0,0,0,0,0.0,0.0,0.0,0.0,0.0,0,1327,2027,-700.0,0.2,50.0,1,0.0,0.0,0.0,0,0,0,FWD,Chelsea,Fulham,False,2026-08-24T19:00:00Z,10,2.0,3.0
200,Lacroix,1,6,90,0,1,0,2,0,0,0,0,0,0,0,25,5.7,0.0,0.2,0.2,1.33,1,54007,37693,16314.0,9.5,60.0,1,44.2,11.2,2.0,7,2,5,DEF,Chelsea,Fulham,False,2026-08-24T19:00:00Z,10,2.0,3.0
560,Penders,1,0,0,0,0,0,0,0,0,0,0,0,0,0,0,0.0,0.0,0.0,0.0,0.0,0,334,660,-326.0,0.1,45.0,1,0.0,0.0,0.0,0,0,0,GK,Chelsea,Fulham,False,2026-08-24T19:00:00Z,10,2.0,3.0
14,Eze,1,1,14,0,0,0,0,0,0,0,0,0,0,0,4,0.1,0.04,0.0,0.04,0.15,0,5106,38423,-33317.0,1.8,65.0,1,0.0,1.8,1.0,0,2,0,MID,Arsenal,Coventry City,True,2026-08-21T19:00:00Z,1,3.0,0.0
561,Anselmino,1,0,0,0,0,0,0,0,0,0,0,0,0,0,0,0.0,0.0,0.0,0.0,0.0,0,108,426,-318.0,0.0,45.0,1,0.0,0.0,0.0,0,0,0,DEF,Chelsea,Fulham,False,2026-08-24T19:00:00Z,10,2.0,3.0
583,Chavarria,1,1,25,0,0,0,0,0,0,0,0,0,0,0,3,0.5,0.0,0.0,0.0,0.28,0,903,2031,-1128.0,0.2,50.0,1,2.4,0.2,2.0,1,1,0,DEF,Chelsea,Fulham,False,2026-08-24T19:00:00Z,10,2.0,3.0
104,Onyeka,1,2,90,0,0,0,3,0,0,0,0,0,0,0,8,0.5,0.0,0.01,0.01,1.88,1,1716,1292,424.0,0.2,50.0,1,3.6,1.6,0.0,3,5,1,MID,Coventry City,Arsenal,False,2026-08-21T19:00:00Z,1,3.0,0.0
110,Rushworth,1,1,90,0,0,0,3,0,0,0,0,0,2,0,0,1.4,0.0,0.01,0.01,1.88,1,6938,3750,3188.0,1.2,45.0,1,14.2,0.0,0.0,1,7,0,GK,Coventry City,Arsenal,False,2026-08-21T19:00:00Z,1,3.0,0.0
172,Wilson,1,0,0,0,0,0,0,0,0,0,0,0,0,0,0,0.0,0.0,0.0,0.0,0.0,0,189,2838,-2649.0,0.5,45.0,1,0.0,0.0,0.0,0,0,0,GK,Coventry City,Arsenal,False,2026-08-21T19:00:00Z,1,3.0,0.0
173,Thomas,1,3,90,0,0,0,3,0,0,0,0,0,0,0,11,3.5,0.02,0.01,0.03,1.88,1,29640,19972,9668.0,7.9,40.0,1,23.2,11.2,1.0,9,2,1,DEF,Coventry City,Arsenal,False,2026-08-21T19:00:00Z,1,3.0,0.0
174,Kitching,1,0,0,0,0,0,0,0,0,0,0,0,0,0,0,0.0,0.0,0.0,0.0,0.0,0,439,3951,-3512.0,0.7,40.0,1,0.0,0.0,0.0,0,0,0,DEF,Coventry City,Arsenal,False,2026-08-21T19:00:00Z,1,3.0,0.0
175,van Ewijk,1,1,90,0,0,0,3,0,0,0,0,0,0,0,-8,1.5,0.0,0.01,0.01,1.88,1,27716,43365,-15649.0,13.1,40.0,1,10.6,2.0,2.0,6,3,1,DEF,Coventry City,Arsenal,False,2026-08-21T19:00:00Z,1,3.0,0.0
176,Dasilva,1,1,90,0,0,0,3,0,0,0,0,0,0,0,-4,1.8,0.0,0.02,0.02,1.88,1,2425,3305,-880.0,0.8,40.0,1,13.8,3.8,0.0,6,1,0,DEF,Coventry City,Arsenal,False,2026-08-21T19:00:00Z,1,3.0,0.0
177,Kesler-Hayden,1,0,0,0,0,0,0,0,0,0,0,0,0,0,0,0.0,0.0,0.0,0.0,0.0,0,150,521,-371.0,0.1,40.0,1,0.0,0.0,0.0,0,0,0,DEF,Coventry City,Arsenal,False,2026-08-21T19:00:00Z,1,3.0,0.0
178,Bidwell,1,0,0,0,0,0,0,0,0,0,0,0,0,0,0,0.0,0.0,0.0,0.0,0.0,0,453,631,-178.0,0.1,40.0,1,0.0,0.0,0.0,0,0,0,DEF,Coventry City,Arsenal,False,2026-08-21T19:00:00Z,1,3.0,0.0
179,Latibeaudiere,1,0,0,0,0,0,0,0,0,0,0,0,0,0,0,0.0,0.0,0.0,0.0,0.0,0,113,346,-233.0,0.0,40.0,1,0.0,0.0,0.0,0,0,0,DEF,Coventry City,Arsenal,False,2026-08-21T19:00:00Z,1,3.0,0.0
180,Woolfenden,1,0,0,0,0,0,0,0,0,0,0,0,0,0,0,0.0,0.0,0.0,0.0,0.0,0,882,1663,-781.0,0.2,40.0,1,0.0,0.0,0.0,0,0,0,DEF,Coventry City,Arsenal,False,2026-08-21T19:00:00Z,1,3.0,0.0
181,Brau,1,0,0,0,0,0,0,0,0,0,0,0,0,0,0,0.0,0.0,0.0,0.0,0.0,0,215,289,-74.0,0.0,40.0,1,0.0,0.0,0.0,0,0,0,DEF,Coventry City,Arsenal,False,2026-08-21T19:00:00Z,1,3.0,0.0
182,Amenda,1,1,90,0,0,0,3,0,0,0,0,0,0,0,1,3.0,0.0,0.01,0.01,1.88,1,2596,3734,-1138.0,0.9,40.0,1,28.8,0.8,0.0,9,4,0,DEF,Coventry City,Arsenal,False,2026-08-21T19:00:00Z,1,3.0,0.0
183,Rudoni,1,1,20,0,0,0,0,0,0,0,0,0,0,0,3,2.6,0.15,0.0,0.15,0.29,0,823,1055,-232.0,0.1,50.0,1,5.6,3.8,17.0,0,4,1,MID,Coventry City,Arsenal,False,2026-08-21T19:00:00Z,1,3.0,0.0
185,Sakamoto,1,0,0,0,0,0,0,0,0,0,0,0,0,0,0,0.0,0.0,0.0,0.0,0.0,0,113,1197,-1084.0,0.1,50.0,1,0.0,0.0,0.0,0,0,0,MID,Coventry City,Arsenal,False,2026-08-21T19:00:00Z,1,3.0,0.0
186,Mason-Clark,1,0,0,0,0,0,0,0,0,0,0,0,0,0,0,0.0,0.0,0.0,0.0,0.0,0,343,1306,-963.0,0.1,55.0,1,0.0,0.0,0.0,0,0,0,MID,Coventry City,Arsenal,False,2026-08-21T19:00:00Z,1,3.0,0.0
15,Ødegaard,1,11,75,1,0,1,0,0,0,0,0,0,0,3,41,12.3,0.21,0.1,0.31,0.06,1,255521,30394,225127.0,11.4,66.0,1,50.6,41.5,31.0,1,4,3,MID,Arsenal,Coventry City,True,2026-08-21T19:00:00Z,1,3.0,0.0
20,Dowman,1,0,0,0,0,0,0,0,0,0,0,0,0,0,0,0.0,0.0,0.0,0.0,0.0,0,399,2115,-1716.0,0.1,54.0,1,0.0,0.0,0.0,0,0,0,MID,Arsenal,Coventry City,True,2026-08-21T19:00:00Z,1,3.0,0.0
25,Gyökeres,1,0,0,0,0,0,0,0,0,0,0,0,0,0,0,0.0,0.0,0.0,0.0,0.0,0,7902,196470,-188568.0,7.0,74.0,1,0.0,0.0,0.0,0,0,0,FWD,Arsenal,Coventry City,True,2026-08-21T19:00:00Z,1,3.0,0.0
187,Eccles,1,0,0,0,0,0,0,0,0,0,0,0,0,0,0,0.0,0.0,0.0,0.0,0.0,0,63,228,-165.0,0.0,50.0,1,0.0,0.0,0.0,0,0,0,MID,Coventry City,Arsenal,False,2026-08-21T19:00:00Z,1,3.0,0.0
188,Torp,1,1,28,0,0,0,0,0,0,0,0,0,0,0,8,2.3,0.0,0.11,0.11,0.32,0,366,1514,-1148.0,0.2,55.0,1,6.8,16.4,0.0,1,0,0,MID,Coventry City,Arsenal,False,2026-08-21T19:00:00Z,1,3.0,0.0
189,Shepherd,1,0,0,0,0,0,0,0,0,0,0,0,0,0,0,0.0,0.0,0.0,0.0,0.0,0,890,2695,-1805.0,0.3,45.0,1,0.0,0.0,0.0,0,0,0,MID,Coventry City,Arsenal,False,2026-08-21T19:00:00Z,1,3.0,0.0
190,Tchaouna,1,2,81,0,0,0,3,0,0,0,0,0,0,0,11,1.1,0.04,0.02,0.06,1.76,1,1852,1110,742.0,0.2,55.0,1,1.8,6.0,3.0,3,5,0,MID,Coventry City,Arsenal,False,2026-08-21T19:00:00Z,1,3.0,0.0
191,Borges Rodrigues,1,0,0,0,0,0,0,0,0,0,0,0,0,0,0,0.0,0.0,0.0,0.0,0.0,0,591,1611,-1020.0,0.2,45.0,1,0.0,0.0,0.0,0,0,0,MID,Coventry City,Arsenal,False,2026-08-21T19:00:00Z,1,3.0,0.0
192,Andrews,1,0,0,0,0,0,0,0,0,0,0,0,0,0,0,0.0,0.0,0.0,0.0,0.0,0,2298,6191,-3893.0,0.6,45.0,1,0.0,0.0,0.0,0,0,0,MID,Coventry City,Arsenal,False,2026-08-21T19:00:00Z,1,3.0,0.0
193,Wright,1,0,0,0,0,0,0,0,0,0,0,0,0,0,0,0.0,0.0,0.0,0.0,0.0,0,98,4871,-4773.0,0.1,55.0,1,0.0,0.0,0.0,0,0,0,FWD,Coventry City,Arsenal,False,2026-08-21T19:00:00Z,1,3.0,0.0
194,Thomas-Asante,1,2,69,0,0,0,3,0,0,0,0,0,0,0,9,0.6,0.0,0.02,0.02,1.6,1,11615,6592,5023.0,0.8,50.0,1,4.6,1.1,0.0,5,1,0,FWD,Coventry City,Arsenal,False,2026-08-21T19:00:00Z,1,3.0,0.0
195,Simms,1,2,69,0,0,0,3,0,0,0,0,0,0,0,7,1.7,0.0,0.01,0.01,1.6,1,15977,7681,8296.0,1.0,50.0,1,2.6,12.3,2.0,1,2,0,FWD,Coventry City,Arsenal,False,2026-08-21T19:00:00Z,1,3.0,0.0
196,Markelo,1,0,0,0,0,0,0,0,0,0,0,0,0,0,0,0.0,0.0,0.0,0.0,0.0,0,0,546,-546.0,0.0,50.0,1,0.0,0.0,0.0,0,0,0,FWD,Coventry City,Arsenal,False,2026-08-21T19:00:00Z,1,3.0,0.0
197,Bassette,1,0,0,0,0,0,0,0,0,0,0,0,0,0,0,0.0,0.0,0.0,0.0,0.0,0,0,726,-726.0,0.0,45.0,1,0.0,0.0,0.0,0,0,0,FWD,Coventry City,Arsenal,False,2026-08-21T19:00:00Z,1,3.0,0.0
492,Awoniyi,1,1,20,0,0,0,0,0,0,0,0,0,0,0,4,0.1,0.0,0.0,0.0,0.29,0,5680,7501,-1821.0,0.8,55.0,1,0.0,1.4,0.0,0,1,0,FWD,Coventry City,Arsenal,False,2026-08-21T19:00:00Z,1,3.0,0.0
575,Yirenkyi,1,1,61,0,0,0,3,0,0,0,1,0,0,0,2,0.0,0.0,0.0,0.0,1.56,1,780,2225,-1445.0,0.2,50.0,1,0.0,3.1,0.0,0,3,0,MID,Coventry City,Arsenal,False,2026-08-21T19:00:00Z,1,3.0,0.0
584,Hamer,1,1,8,0,0,0,0,0,0,0,0,0,0,0,3,0.1,0.0,0.0,0.0,0.13,0,308,1186,-878.0,0.1,55.0,1,0.4,0.3,0.0,0,1,0,MID,Coventry City,Arsenal,False,2026-08-21T19:00:00Z,1,3.0,0.0
599,Cherif,1,0,0,0,0,0,0,0,0,0,0,0,0,0,0,0.0,0.0,0.0,0.0,0.0,0,1457,1158,299.0,0.1,50.0,1,0.0,0.0,0.0,0,0,0,FWD,Coventry City,Arsenal,False,2026-08-21T19:00:00Z,1,3.0,0.0
42,Guessand,1,1,27,0,0,0,0,0,0,0,0,0,0,0,3,1.2,0.03,0.02,0.05,0.14,0,379,545,-166.0,0.0,55.0,1,3.2,1.8,7.0,0,0,1,MID,Crystal Palace,Everton,False,2026-08-22T14:00:00Z,5,2.0,0.0
198,Henderson,1,2,90,0,0,0,2,0,0,0,0,0,3,0,14,2.8,0.0,0.0,0.0,1.12,1,4983,11936,-6953.0,1.9,50.0,1,28.2,0.0,0.0,3,13,0,GK,Crystal Palace,Everton,False,2026-08-22T14:00:00Z,5,2.0,0.0
199,Benitez,1,0,0,0,0,0,0,0,0,0,0,0,0,0,0,0.0,0.0,0.0,0.0,0.0,0,420,1081,-661.0,0.1,45.0,1,0.0,0.0,0.0,0,0,0,GK,Crystal Palace,Everton,False,2026-08-22T14:00:00Z,5,2.0,0.0
201,Muñoz,1,0,54,0,0,0,2,0,0,0,0,0,0,0,-4,2.4,0.23,0.01,0.24,0.84,1,14424,103400,-88976.0,8.5,55.0,1,1.2,1.8,21.0,3,1,1,DEF,Nott'm Forest,Leeds,True,2026-08-22T14:00:00Z,4,0.0,1.0
202,Richards,1,3,90,0,0,0,2,0,0,0,0,0,0,0,13,4.3,0.0,0.0,0.0,1.12,1,3675,5232,-1557.0,0.7,50.0,1,42.6,0.7,0.0,14,1,2,DEF,Crystal Palace,Everton,False,2026-08-22T14:00:00Z,5,2.0,0.0
203,Canvot,1,1,90,0,0,0,2,0,0,0,0,0,0,0,9,3.8,0.05,0.01,0.06,1.12,1,722,3265,-2543.0,0.3,50.0,1,27.4,5.7,5.0,4,3,4,DEF,Crystal Palace,Everton,False,2026-08-22T14:00:00Z,5,2.0,0.0
204,Mitchell,1,1,90,0,0,0,2,0,0,0,0,0,0,0,9,2.7,0.0,0.01,0.01,1.12,1,5333,41684,-36351.0,5.7,45.0,1,11.6,13.8,2.0,3,4,2,DEF,Crystal Palace,Everton,False,2026-08-22T14:00:00Z,5,2.0,0.0
205,Sosa,1,0,0,0,0,0,0,0,0,0,0,0,0,0,0,0.0,0.0,0.0,0.0,0.0,0,115,311,-196.0,0.0,45.0,1,0.0,0.0,0.0,0,0,0,DEF,Crystal Palace,Everton,False,2026-08-22T14:00:00Z,5,2.0,0.0
206,Chadi Riad,1,1,72,0,0,0,2,0,0,0,0,0,0,0,7,1.4,0.0,0.01,0.01,0.98,1,276,2487,-2211.0,0.0,45.0,1,12.6,1.3,0.0,6,3,1,DEF,Crystal Palace,Everton,False,2026-08-22T14:00:00Z,5,2.0,0.0
207,Mingueza,1,0,0,0,0,0,0,0,0,0,0,0,0,0,0,0.0,0.0,0.0,0.0,0.0,0,175,1081,-906.0,0.1,45.0,1,0.0,0.0,0.0,0,0,0,DEF,Crystal Palace,Everton,False,2026-08-22T14:00:00Z,5,2.0,0.0
208,Sarr,1,0,0,0,0,0,0,0,0,0,0,0,0,0,0,0.0,0.0,0.0,0.0,0.0,0,2060,163906,-161846.0,2.8,64.0,1,0.0,0.0,0.0,0,0,0,MID,Crystal Palace,Everton,False,2026-08-22T14:00:00Z,5,2.0,0.0
210,Wharton,1,4,90,0,0,0,2,0,0,0,0,0,0,0,20,4.8,0.0,0.24,0.24,1.12,1,5511,6420,-909.0,0.9,55.0,1,16.8,30.9,0.0,4,8,2,MID,Crystal Palace,Everton,False,2026-08-22T14:00:00Z,5,2.0,0.0
211,Yeremy,1,1,35,0,0,0,0,0,0,0,0,0,0,0,4,1.4,0.06,0.02,0.08,0.27,0,247,2012,-1765.0,0.2,55.0,1,2.0,6.3,6.0,0,3,2,MID,Crystal Palace,Everton,False,2026-08-22T14:00:00Z,5,2.0,0.0
212,Hughes,1,0,0,0,0,0,0,0,0,0,0,0,0,0,0,0.0,0.0,0.0,0.0,0.0,0,17639,76100,-58461.0,10.9,45.0,1,0.0,0.0,0.0,0,0,0,MID,Crystal Palace,Everton,False,2026-08-22T14:00:00Z,5,2.0,0.0
213,Lerma,1,0,0,0,0,0,0,0,0,0,0,0,0,0,0,0.0,0.0,0.0,0.0,0.0,0,178,1208,-1030.0,0.1,50.0,1,0.0,0.0,0.0,0,0,0,MID,Crystal Palace,Everton,False,2026-08-22T14:00:00Z,5,2.0,0.0
214,Kamada,1,3,90,0,0,0,2,0,0,0,1,0,0,0,25,5.0,0.0,0.27,0.27,1.12,1,1576,2576,-1000.0,0.3,50.0,1,20.4,29.3,0.0,3,8,3,MID,Crystal Palace,Everton,False,2026-08-22T14:00:00Z,5,2.0,0.0
215,Devenny,1,0,0,0,0,0,0,0,0,0,0,0,0,0,0,0.0,0.0,0.0,0.0,0.0,0,63,153,-90.0,0.0,50.0,1,0.0,0.0,0.0,0,0,0,MID,Crystal Palace,Everton,False,2026-08-22T14:00:00Z,5,2.0,0.0
216,Esse,1,0,0,0,0,0,0,0,0,0,0,0,0,0,0,0.0,0.0,0.0,0.0,0.0,0,190,519,-329.0,0.0,50.0,1,0.0,0.0,0.0,0,0,0,MID,Crystal Palace,Everton,False,2026-08-22T14:00:00Z,5,2.0,0.0
217,M.França,1,0,0,0,0,0,0,0,0,0,0,0,0,0,0,0.0,0.0,0.0,0.0,0.0,0,15,579,-564.0,0.0,50.0,1,0.0,0.0,0.0,0,0,0,MID,Crystal Palace,Everton,False,2026-08-22T14:00:00Z,5,2.0,0.0
218,Doucouré,1,0,0,0,0,0,0,0,0,0,0,0,0,0,0,0.0,0.0,0.0,0.0,0.0,0,215,882,-667.0,0.1,50.0,1,0.0,0.0,0.0,0,0,0,MID,Crystal Palace,Everton,False,2026-08-22T14:00:00Z,5,2.0,0.0
219,J.Rak-Sakyi,1,0,0,0,0,0,0,0,0,0,0,0,0,0,0,0.0,0.0,0.0,0.0,0.0,0,33,74,-41.0,0.0,50.0,1,0.0,0.0,0.0,0,0,0,MID,Crystal Palace,Everton,False,2026-08-22T14:00:00Z,5,2.0,0.0
220,Cardines,1,0,0,0,0,0,0,0,0,0,0,0,0,0,0,0.0,0.0,0.0,0.0,0.0,0,0,60,-60.0,0.0,45.0,1,0.0,0.0,0.0,0,0,0,DEF,Crystal Palace,Everton,False,2026-08-22T14:00:00Z,5,2.0,0.0
221,Drakes-Thomas,1,0,0,0,0,0,0,0,0,0,0,0,0,0,0,0.0,0.0,0.0,0.0,0.0,0,356,842,-486.0,0.1,45.0,1,0.0,0.0,0.0,0,0,0,MID,Crystal Palace,Everton,False,2026-08-22T14:00:00Z,5,2.0,0.0
222,Strand Larsen,1,1,27,0,0,0,0,0,0,0,0,0,0,0,3,2.2,0.25,0.01,0.26,0.14,0,1204,6158,-4954.0,0.5,60.0,1,1.0,3.5,17.0,0,0,0,FWD,Crystal Palace,Everton,False,2026-08-22T14:00:00Z,5,2.0,0.0
223,Mateta,1,2,62,0,0,0,2,0,0,0,0,0,0,0,-3,2.5,0.7,0.02,0.72,0.98,1,20407,57463,-37056.0,5.3,65.0,1,1.4,12.3,11.0,1,2,2,FWD,Crystal Palace,Everton,False,2026-08-22T14:00:00Z,5,2.0,0.0
224,Nketiah,1,1,55,0,0,0,2,0,0,0,0,0,0,0,12,5.8,0.6,0.58,1.18,0.84,1,2721,4827,-2106.0,0.5,55.0,1,10.4,24.5,23.0,1,1,1,FWD,Crystal Palace,Everton,False,2026-08-22T14:00:00Z,5,2.0,0.0
225,Uche,1,0,0,0,0,0,0,0,0,0,0,0,0,0,0,0.0,0.0,0.0,0.0,0.0,0,0,0,0.0,0.0,50.0,1,0.0,0.0,0.0,0,0,0,FWD,Crystal Palace,Everton,False,2026-08-22T14:00:00Z,5,2.0,0.0
241,McNeil,1,2,62,0,0,0,2,0,0,0,0,0,0,0,11,1.6,0.05,0.02,0.07,0.98,1,339,1385,-1046.0,0.2,55.0,1,9.6,4.7,2.0,3,2,0,MID,Crystal Palace,Everton,False,2026-08-22T14:00:00Z,5,2.0,0.0
555,Matthews,1,0,0,0,0,0,0,0,0,0,0,0,0,0,0,0.0,0.0,0.0,0.0,0.0,0,5221,5502,-281.0,1.8,40.0,1,0.0,0.0,0.0,0,0,0,GK,Crystal Palace,Everton,False,2026-08-22T14:00:00Z,5,2.0,0.0
577,Tomiyasu,1,1,18,0,0,0,0,0,0,0,0,0,0,0,3,0.5,0.0,0.01,0.01,0.14,0,741,2184,-1443.0,0.4,45.0,1,2.4,2.4,0.0,1,1,0,DEF,Crystal Palace,Everton,False,2026-08-22T14:00:00Z,5,2.0,0.0
588,Khalaili,1,1,35,0,0,0,0,0,0,0,0,0,0,0,12,5.5,0.0,0.16,0.16,0.27,0,381,657,-276.0,0.1,50.0,1,24.0,26.5,4.0,5,3,4,DEF,Crystal Palace,Everton,False,2026-08-22T14:00:00Z,5,2.0,0.0
595,Gozo,1,0,0,0,0,0,0,0,0,0,0,0,0,0,0,0.0,0.0,0.0,0.0,0.0,0,91,147,-56.0,0.0,50.0,1,0.0,0.0,0.0,0,0,0,MID,Crystal Palace,Everton,False,2026-08-22T14:00:00Z,5,2.0,0.0
21,Nørgaard,1,0,0,0,0,0,0,0,0,0,0,0,0,0,0,0.0,0.0,0.0,0.0,0.0,0,95,2547,-2452.0,0.1,50.0,1,0.0,0.0,0.0,0,0,0,MID,Everton,Crystal Palace,True,2026-08-22T14:00:00Z,5,2.0,0.0
209,Johnson,1,1,6,0,0,0,0,0,0,0,0,0,0,0,3,0.4,0.0,0.0,0.0,0.29,0,580,2108,-1528.0,0.2,60.0,1,4.0,0.3,0.0,2,0,0,MID,Everton,Crystal Palace,True,2026-08-22T14:00:00Z,5,2.0,0.0
226,Pickford,1,7,90,0,0,1,0,0,0,0,0,0,4,0,34,3.2,0.0,0.02,0.02,1.96,1,55567,22875,32692.0,8.8,55.0,1,31.8,0.0,0.0,0,12,0,GK,Everton,Crystal Palace,True,2026-08-22T14:00:00Z,5,2.0,0.0
227,Travers,1,0,0,0,0,0,0,0,0,0,0,0,0,0,0,0.0,0.0,0.0,0.0,0.0,0,244,344,-100.0,0.0,50.0,1,0.0,0.0,0.0,0,0,0,GK,Everton,Crystal Palace,True,2026-08-22T14:00:00Z,5,2.0,0.0
228,King,1,0,0,0,0,0,0,0,0,0,0,0,0,0,0,0.0,0.0,0.0,0.0,0.0,0,222,331,-109.0,0.0,45.0,1,0.0,0.0,0.0,0,0,0,GK,Everton,Crystal Palace,True,2026-08-22T14:00:00Z,5,2.0,0.0
229,Tarkowski,1,6,90,0,0,1,0,0,0,0,0,0,0,0,25,2.0,0.05,0.0,0.05,1.96,1,37789,28510,9279.0,8.8,60.0,1,15.2,0.8,4.0,8,4,1,DEF,Everton,Crystal Palace,True,2026-08-22T14:00:00Z,5,2.0,0.0
230,Branthwaite,1,6,90,0,0,1,0,0,0,0,0,0,0,0,27,2.5,0.0,0.01,0.01,1.96,1,16668,7149,9519.0,1.8,55.0,1,18.6,0.8,6.0,6,2,2,DEF,Everton,Crystal Palace,True,2026-08-22T14:00:00Z,5,2.0,0.0
231,Keane,1,0,0,0,0,0,0,0,0,0,0,0,0,0,0,0.0,0.0,0.0,0.0,0.0,0,2937,20363,-17426.0,1.4,50.0,1,0.0,0.0,0.0,0,0,0,DEF,Everton,Crystal Palace,True,2026-08-22T14:00:00Z,5,2.0,0.0
232,O'Brien,1,0,0,0,0,0,0,0,0,0,0,0,0,0,0,0.0,0.0,0.0,0.0,0.0,0,1264,6049,-4785.0,0.4,50.0,1,0.0,0.0,0.0,0,0,0,DEF,Everton,Crystal Palace,True,2026-08-22T14:00:00Z,5,2.0,0.0
233,Mykolenko,1,6,90,0,0,1,0,0,0,0,0,0,0,0,27,2.9,0.0,0.05,0.05,1.96,1,17901,7210,10691.0,1.6,45.0,1,12.8,13.8,2.0,4,4,0,DEF,Everton,Crystal Palace,True,2026-08-22T14:00:00Z,5,2.0,0.0
235,Aznou,1,0,0,0,0,0,0,0,0,0,0,0,0,0,0,0.0,0.0,0.0,0.0,0.0,0,909,1455,-546.0,0.2,40.0,1,0.0,0.0,0.0,0,0,0,DEF,Everton,Crystal Palace,True,2026-08-22T14:00:00Z,5,2.0,0.0
236,Dewsbury-Hall,1,11,90,1,0,1,0,0,0,0,0,0,0,3,40,9.8,0.12,0.17,0.29,1.92,1,111533,21968,89565.0,4.6,65.0,1,42.8,28.3,27.0,1,5,2,MID,Everton,Crystal Palace,True,2026-08-22T14:00:00Z,5,2.0,0.0
237,Ndiaye,1,9,90,0,1,1,0,0,0,0,0,0,0,1,36,12.9,0.24,0.32,0.56,1.96,1,100063,44357,55706.0,16.0,60.0,1,40.8,39.8,48.0,0,8,4,MID,Man City,Bournemouth,True,2026-08-23T13:00:00Z,7,2.0,1.0
239,Garner,1,1,11,0,0,0,0,0,0,0,0,0,0,0,6,1.9,0.0,0.03,0.03,0.34,0,1208,1450,-242.0,0.1,60.0,1,4.8,11.8,2.0,0,0,1,MID,Everton,Crystal Palace,True,2026-08-22T14:00:00Z,5,2.0,0.0
240,Iroegbunam,1,0,0,0,0,0,0,0,0,0,0,0,0,0,0,0.0,0.0,0.0,0.0,0.0,0,19,310,-291.0,0.0,50.0,1,0.0,0.0,0.0,0,0,0,MID,Hull City,Man Utd,True,2026-08-22T11:30:00Z,6,2.0,0.0
242,George,1,3,83,0,0,1,0,0,0,0,0,0,0,0,13,5.5,0.18,0.08,0.26,1.67,1,1843,2036,-193.0,0.3,55.0,1,7.0,23.4,25.0,3,4,0,MID,Everton,Crystal Palace,True,2026-08-22T14:00:00Z,5,2.0,0.0
243,Alcaraz,1,1,1,0,0,0,0,0,0,0,0,0,0,0,7,2.2,0.02,0.0,0.02,0.04,0,659,960,-301.0,0.1,50.0,1,5.0,0.3,17.0,0,2,1,MID,Everton,Crystal Palace,True,2026-08-22T14:00:00Z,5,2.0,0.0
244,Armstrong,1,8,90,0,1,1,0,0,0,0,0,0,0,0,25,4.8,0.0,0.04,0.04,1.96,1,10045,2028,8017.0,0.2,50.0,1,28.8,14.7,4.0,3,11,2,MID,Everton,Crystal Palace,True,2026-08-22T14:00:00Z,5,2.0,0.0
245,Dibling,1,0,0,0,0,0,0,0,0,0,0,0,0,0,0,0.0,0.0,0.0,0.0,0.0,0,156,630,-474.0,0.0,55.0,1,0.0,0.0,0.0,0,0,0,MID,Everton,Crystal Palace,True,2026-08-22T14:00:00Z,5,2.0,0.0
246,Röhl,1,3,90,0,0,1,0,0,0,0,0,0,0,0,12,2.9,0.0,0.06,0.06,1.96,1,418,524,-106.0,0.1,50.0,1,13.8,13.0,2.0,2,5,2,MID,Everton,Crystal Palace,True,2026-08-22T14:00:00Z,5,2.0,0.0
247,Hackney,1,3,78,0,0,1,0,0,0,0,0,0,0,0,16,2.6,0.01,0.01,0.02,1.62,1,818,2197,-1379.0,0.3,55.0,1,8.6,12.2,5.0,1,4,2,MID,Everton,Crystal Palace,True,2026-08-22T14:00:00Z,5,2.0,0.0
248,Beto,1,1,11,0,0,0,0,0,0,0,0,0,0,0,3,0.2,0.05,0.0,0.05,0.34,0,6741,34420,-27679.0,2.4,55.0,1,0.0,0.0,2.0,0,0,0,FWD,Everton,Crystal Palace,True,2026-08-22T14:00:00Z,5,2.0,0.0
249,Barry,1,8,78,1,0,1,0,0,0,0,0,0,0,2,37,9.8,0.45,0.09,0.54,1.62,1,114596,17511,97085.0,3.1,55.0,1,38.0,19.0,41.0,0,2,1,FWD,Everton,Crystal Palace,True,2026-08-22T14:00:00Z,5,2.0,0.0
250,Leno,1,2,90,0,0,0,3,0,0,0,0,0,3,0,11,3.0,0.0,0.0,0.0,2.24,1,9761,9568,193.0,3.0,45.0,1,29.6,0.0,0.0,1,9,0,GK,Fulham,Chelsea,True,2026-08-24T19:00:00Z,10,2.0,3.0
251,Lecomte,1,0,0,0,0,0,0,0,0,0,0,0,0,0,0,0.0,0.0,0.0,0.0,0.0,0,1202,3288,-2086.0,1.2,40.0,1,0.0,0.0,0.0,0,0,0,GK,Fulham,Chelsea,True,2026-08-24T19:00:00Z,10,2.0,3.0
252,McNally,1,0,0,0,0,0,0,0,0,0,0,0,0,0,0,0.0,0.0,0.0,0.0,0.0,0,661,522,139.0,0.2,40.0,1,0.0,0.0,0.0,0,0,0,GK,Fulham,Chelsea,True,2026-08-24T19:00:00Z,10,2.0,3.0
253,Andersen,1,0,0,0,0,0,0,0,0,0,0,0,0,0,0,0.0,0.0,0.0,0.0,0.0,0,1766,525,1241.0,0.1,50.0,1,0.0,0.0,0.0,0,0,0,DEF,Fulham,Chelsea,True,2026-08-24T19:00:00Z,10,2.0,3.0
258,Castagne,1,6,90,0,2,0,3,0,0,0,1,0,0,0,21,8.9,0.09,0.18,0.27,2.24,1,9238,2041,7197.0,0.4,45.0,1,38.0,27.8,23.0,5,4,1,DEF,Fulham,Chelsea,True,2026-08-24T19:00:00Z,10,2.0,3.0
261,Iwobi,1,2,90,0,0,0,3,0,0,0,0,0,0,0,17,2.4,0.0,0.04,0.04,2.24,1,4991,7681,-2690.0,1.0,55.0,1,12.4,11.3,0.0,3,6,1,MID,Fulham,Chelsea,True,2026-08-24T19:00:00Z,10,2.0,3.0
262,Smith Rowe,1,0,0,0,0,0,0,0,0,0,0,0,0,0,0,0.0,0.0,0.0,0.0,0.0,0,1136,3885,-2749.0,0.4,55.0,1,0.0,0.0,0.0,0,0,0,MID,Fulham,Chelsea,True,2026-08-24T19:00:00Z,10,2.0,3.0
263,Kevin,1,1,17,0,0,0,0,0,0,0,0,0,0,0,2,0.7,0.0,0.01,0.01,0.03,0,356,718,-362.0,0.1,55.0,1,5.2,1.9,0.0,0,1,2,MID,Fulham,Chelsea,True,2026-08-24T19:00:00Z,10,2.0,3.0
264,Bobb,1,2,66,0,0,0,3,0,0,0,0,0,0,0,10,3.0,0.0,0.26,0.26,2.21,1,3719,2600,1119.0,0.3,55.0,1,9.8,13.8,6.0,1,2,3,MID,Fulham,Chelsea,True,2026-08-24T19:00:00Z,10,2.0,3.0
265,Berge,1,2,72,0,0,0,3,0,0,0,0,0,0,0,14,4.4,0.03,0.03,0.06,2.21,1,1266,2804,-1538.0,0.4,50.0,1,13.6,23.1,7.0,1,2,1,MID,Fulham,Chelsea,True,2026-08-24T19:00:00Z,10,2.0,3.0
266,Cairney,1,0,0,0,0,0,0,0,0,0,0,0,0,0,0,0.0,0.0,0.0,0.0,0.0,0,12,107,-95.0,0.0,50.0,1,0.0,0.0,0.0,0,0,0,MID,Fulham,Chelsea,True,2026-08-24T19:00:00Z,10,2.0,3.0
268,King,1,7,90,1,0,0,3,0,0,0,0,0,0,0,34,9.8,0.17,0.04,0.21,2.24,1,27449,3237,24212.0,0.5,55.0,1,41.6,15.6,41.0,2,4,2,MID,Fulham,Chelsea,True,2026-08-24T19:00:00Z,10,2.0,3.0
269,Sessegnon,1,1,17,0,0,0,0,0,0,0,0,0,0,0,7,2.6,0.03,0.0,0.03,0.03,0,814,2434,-1620.0,0.4,45.0,1,6.6,0.5,19.0,1,1,0,DEF,Fulham,Chelsea,True,2026-08-24T19:00:00Z,10,2.0,3.0
270,Reed,1,0,0,0,0,0,0,0,0,0,0,0,0,0,0,0.0,0.0,0.0,0.0,0.0,0,4958,12149,-7191.0,1.5,45.0,1,0.0,0.0,0.0,0,0,0,MID,Fulham,Chelsea,True,2026-08-24T19:00:00Z,10,2.0,3.0
271,Muniz,1,1,8,0,0,0,0,0,0,0,0,0,0,0,6,2.5,0.02,0.0,0.02,0.03,0,2336,5589,-3253.0,0.6,55.0,1,6.0,11.5,7.0,1,0,0,FWD,Fulham,Chelsea,True,2026-08-24T19:00:00Z,10,2.0,3.0
272,Kusi-Asare,1,0,0,0,0,0,0,0,0,0,0,0,0,0,0,0.0,0.0,0.0,0.0,0.0,0,20744,37190,-16446.0,7.0,45.0,1,0.0,0.0,0.0,0,0,0,FWD,Fulham,Chelsea,True,2026-08-24T19:00:00Z,10,2.0,3.0
570,Palacios,1,2,72,0,0,0,3,0,0,0,0,0,0,0,10,1.8,0.16,0.01,0.17,2.21,1,788,1501,-713.0,0.2,55.0,1,2.8,7.3,8.0,0,2,2,MID,Fulham,Chelsea,True,2026-08-24T19:00:00Z,10,2.0,3.0
580,Charles,1,1,23,0,0,0,0,0,0,0,0,0,0,0,5,0.5,0.0,0.0,0.0,0.03,0,321,668,-347.0,0.1,50.0,1,3.4,1.3,0.0,0,2,1,MID,Fulham,Chelsea,True,2026-08-24T19:00:00Z,10,2.0,3.0
610,De Fougerolles,1,0,0,0,0,0,0,0,0,0,0,0,0,0,0,0.0,0.0,0.0,0.0,0.0,0,2652,331,2321.0,0.1,40.0,1,0.0,0.0,0.0,0,0,0,DEF,Fulham,Chelsea,True,2026-08-24T19:00:00Z,10,2.0,3.0
273,Phillips,1,0,0,0,0,0,0,0,0,0,0,0,0,0,0,0.0,0.0,0.0,0.0,0.0,0,2695,5758,-3063.0,1.5,40.0,1,0.0,0.0,0.0,0,0,0,GK,Hull City,Man Utd,True,2026-08-22T11:30:00Z,6,2.0,0.0
274,Butland,1,0,0,0,0,0,0,0,0,0,0,0,0,0,0,0.0,0.0,0.0,0.0,0.0,0,104,1540,-1436.0,0.1,45.0,1,0.0,0.0,0.0,0,0,0,GK,Hull City,Man Utd,True,2026-08-22T11:30:00Z,6,2.0,0.0
275,Cartwright,1,0,0,0,0,0,0,0,0,0,0,0,0,0,0,0.0,0.0,0.0,0.0,0.0,0,0,106,-106.0,0.0,40.0,1,0.0,0.0,0.0,0,0,0,GK,Hull City,Man Utd,True,2026-08-22T11:30:00Z,6,2.0,0.0
276,Lo-Tutala,1,0,0,0,0,0,0,0,0,0,0,0,0,0,0,0.0,0.0,0.0,0.0,0.0,0,0,350,-350.0,0.0,40.0,1,0.0,0.0,0.0,0,0,0,GK,Hull City,Man Utd,True,2026-08-22T11:30:00Z,6,2.0,0.0
277,Egan,1,8,90,0,0,1,0,0,0,0,0,0,0,0,27,4.6,0.0,0.0,0.0,1.83,1,38934,9129,29805.0,2.0,40.0,1,43.4,0.1,2.0,20,3,1,DEF,Hull City,Man Utd,True,2026-08-22T11:30:00Z,6,2.0,0.0
47,Kamara,1,2,90,0,0,0,4,0,0,0,0,0,0,0,9,1.4,0.0,0.0,0.0,3.77,1,2270,4064,-1794.0,0.3,50.0,1,11.2,2.8,0.0,3,2,2,MID,Aston Villa,Brighton,False,2026-08-23T13:00:00Z,3,4.0,0.0
50,Burrowes,1,0,0,0,0,0,0,0,0,0,0,0,0,0,0,0.0,0.0,0.0,0.0,0.0,0,3151,5957,-2806.0,0.7,45.0,1,0.0,0.0,0.0,0,0,0,MID,Aston Villa,Brighton,False,2026-08-23T13:00:00Z,3,4.0,0.0
278,Hughes,1,0,0,0,0,0,0,0,0,0,0,0,0,0,0,0.0,0.0,0.0,0.0,0.0,0,89,2095,-2006.0,0.1,40.0,1,0.0,0.0,0.0,0,0,0,DEF,Hull City,Man Utd,True,2026-08-22T11:30:00Z,6,2.0,0.0
279,Ajayi,1,14,63,1,0,1,0,0,0,0,0,0,0,2,39,7.9,0.52,0.0,0.52,0.86,1,58061,13756,44305.0,1.7,40.0,1,44.2,0.2,35.0,7,3,0,DEF,Hull City,Man Utd,True,2026-08-22T11:30:00Z,6,2.0,0.0
280,Coyle,1,6,69,0,0,1,0,0,0,0,0,0,0,0,23,1.7,0.0,0.01,0.01,1.16,1,1798,4547,-2749.0,0.6,40.0,1,5.8,11.3,0.0,1,3,1,DEF,Hull City,Man Utd,True,2026-08-22T11:30:00Z,6,2.0,0.0
281,Drameh,1,1,20,0,0,0,0,0,0,0,0,0,0,0,4,0.3,0.05,0.0,0.05,0.67,0,981,356,625.0,0.1,40.0,1,2.2,0.0,1.0,2,2,1,DEF,Hull City,Man Utd,True,2026-08-22T11:30:00Z,6,2.0,0.0
282,Giles,1,6,84,0,0,1,0,0,0,0,0,0,0,0,24,3.7,0.02,0.07,0.09,1.76,1,11508,3370,8138.0,0.9,40.0,1,13.8,18.8,4.0,5,1,1,DEF,Hull City,Man Utd,True,2026-08-22T11:30:00Z,6,2.0,0.0
283,Jacob,1,0,0,0,0,0,0,0,0,0,0,0,0,0,0,0.0,0.0,0.0,0.0,0.0,0,47,197,-150.0,0.0,40.0,1,0.0,0.0,0.0,0,0,0,DEF,Hull City,Man Utd,True,2026-08-22T11:30:00Z,6,2.0,0.0
284,McCarthy,1,0,0,0,0,0,0,0,0,0,0,0,0,0,0,0.0,0.0,0.0,0.0,0.0,0,598,841,-243.0,0.1,40.0,1,0.0,0.0,0.0,0,0,0,DEF,Hull City,Man Utd,True,2026-08-22T11:30:00Z,6,2.0,0.0
285,McNair,1,1,26,0,0,0,0,0,0,0,0,0,0,0,3,0.4,0.0,0.0,0.0,0.96,0,583,578,5.0,0.1,40.0,1,4.2,0.0,0.0,2,1,0,DEF,Hull City,Man Utd,True,2026-08-22T11:30:00Z,6,2.0,0.0
286,Belloumi,1,3,90,0,0,1,0,0,0,0,0,0,0,0,8,2.0,0.05,0.03,0.08,1.83,1,11680,3296,8384.0,0.6,50.0,1,10.6,2.2,7.0,3,3,4,MID,Hull City,Man Utd,True,2026-08-22T11:30:00Z,6,2.0,0.0
287,Millar,1,0,19,0,0,0,0,0,0,0,1,0,0,0,2,0.4,0.0,0.0,0.0,0.67,0,268,792,-524.0,0.1,50.0,1,2.0,0.3,2.0,1,1,1,MID,Hull City,Man Utd,True,2026-08-22T11:30:00Z,6,2.0,0.0
292,Ömür,1,0,0,0,0,0,0,0,0,0,0,0,0,0,0,0.0,0.0,0.0,0.0,0.0,0,189,331,-142.0,0.0,50.0,1,0.0,0.0,0.0,0,0,0,MID,Hull City,Man Utd,True,2026-08-22T11:30:00Z,6,2.0,0.0
293,Kamara,1,0,0,0,0,0,0,0,0,0,0,0,0,0,0,0.0,0.0,0.0,0.0,0.0,0,0,179,-179.0,0.0,50.0,1,0.0,0.0,0.0,0,0,0,MID,Hull City,Man Utd,True,2026-08-22T11:30:00Z,6,2.0,0.0
294,Zambrano,1,0,0,0,0,0,0,0,0,0,0,0,0,0,0,0.0,0.0,0.0,0.0,0.0,0,413,1967,-1554.0,0.1,45.0,1,0.0,0.0,0.0,0,0,0,MID,Hull City,Man Utd,True,2026-08-22T11:30:00Z,6,2.0,0.0
295,McBurnie,1,5,90,0,1,1,0,0,0,0,0,0,0,0,21,9.0,0.16,0.01,0.17,1.83,1,67651,12922,54729.0,2.1,55.0,1,17.2,21.1,52.0,3,2,0,FWD,Hull City,Man Utd,True,2026-08-22T11:30:00Z,6,2.0,0.0
296,Akintola,1,0,0,0,0,0,0,0,0,0,0,0,0,0,0,0.0,0.0,0.0,0.0,0.0,0,825,831,-6.0,0.0,50.0,1,0.0,0.0,0.0,0,0,0,MID,Hull City,Man Utd,True,2026-08-22T11:30:00Z,6,2.0,0.0
297,Gyabi,1,0,0,0,0,0,0,0,0,0,0,0,0,0,0,0.0,0.0,0.0,0.0,0.0,0,55,491,-436.0,0.0,45.0,1,0.0,0.0,0.0,0,0,0,MID,Hull City,Man Utd,True,2026-08-22T11:30:00Z,6,2.0,0.0
26,Havertz,1,6,90,1,0,1,0,0,0,0,0,0,0,0,34,7.5,0.26,0.03,0.29,0.2,1,162463,31273,131190.0,7.4,75.0,1,37.2,13.2,25.0,2,0,0,FWD,Arsenal,Coventry City,True,2026-08-21T19:00:00Z,1,3.0,0.0
30,Digne,1,0,0,0,0,0,0,0,0,0,0,0,0,0,0,0.0,0.0,0.0,0.0,0.0,0,0,4631,-4631.0,0.1,45.0,1,0.0,0.0,0.0,0,0,0,DEF,Aston Villa,Brighton,False,2026-08-23T13:00:00Z,3,4.0,0.0
38,A.García,1,0,0,0,0,0,0,0,0,0,0,0,0,0,0,0.0,0.0,0.0,0.0,0.0,0,6593,12122,-5529.0,1.7,40.0,1,0.0,0.0,0.0,0,0,0,DEF,Aston Villa,Brighton,False,2026-08-23T13:00:00Z,3,4.0,0.0
298,Destan,1,0,0,0,0,0,0,0,0,0,0,0,0,0,0,0.0,0.0,0.0,0.0,0.0,0,0,8143,-8143.0,0.3,45.0,1,0.0,0.0,0.0,0,0,0,FWD,Hull City,Man Utd,True,2026-08-22T11:30:00Z,6,2.0,0.0
299,Burstow,1,0,0,0,0,0,0,0,0,0,0,0,0,0,0,0.0,0.0,0.0,0.0,0.0,0,0,1117,-1117.0,0.1,45.0,1,0.0,0.0,0.0,0,0,0,FWD,Hull City,Man Utd,True,2026-08-22T11:30:00Z,6,2.0,0.0
340,Gelhardt,1,0,0,0,0,0,0,0,0,0,0,0,0,0,0,0.0,0.0,0.0,0.0,0.0,0,40,248,-208.0,0.0,50.0,1,0.0,0.0,0.0,0,0,0,MID,Hull City,Man Utd,True,2026-08-22T11:30:00Z,6,2.0,0.0
556,Targett,1,1,5,0,0,0,0,0,0,0,0,0,0,0,3,0.0,0.0,0.0,0.0,0.07,0,4822,13141,-8319.0,2.3,40.0,1,0.4,0.0,0.0,0,1,0,DEF,Hull City,Man Utd,True,2026-08-22T11:30:00Z,6,2.0,0.0
563,Morita,1,0,0,0,0,0,0,0,0,0,0,0,0,0,0,0.0,0.0,0.0,0.0,0.0,0,91,308,-217.0,0.0,50.0,1,0.0,0.0,0.0,0,0,0,MID,Hull City,Man Utd,True,2026-08-22T11:30:00Z,6,2.0,0.0
572,Tzolakis,1,10,90,0,0,1,0,0,0,0,0,0,5,3,41,3.5,0.0,0.0,0.0,1.83,1,84783,9907,74876.0,2.7,45.0,1,34.6,0.0,0.0,0,22,0,GK,Hull City,Man Utd,True,2026-08-22T11:30:00Z,6,2.0,0.0
585,Herrington,1,1,26,0,0,0,0,0,0,0,0,0,0,0,4,0.8,0.0,0.0,0.0,0.96,0,2582,2974,-392.0,0.7,40.0,1,8.0,0.0,0.0,4,0,0,DEF,Hull City,Man Utd,True,2026-08-22T11:30:00Z,6,2.0,0.0
586,Mendy,1,15,63,1,0,1,0,0,0,0,0,0,0,1,35,8.5,0.28,0.0,0.28,0.86,1,135833,16588,119245.0,3.5,40.0,1,51.8,0.6,33.0,13,2,0,DEF,Hull City,Man Utd,True,2026-08-22T11:30:00Z,6,2.0,0.0
589,Gourna-Douath,1,0,0,0,0,0,0,0,0,0,0,0,0,0,0,0.0,0.0,0.0,0.0,0.0,0,119,242,-123.0,0.0,50.0,1,0.0,0.0,0.0,0,0,0,MID,Hull City,Man Utd,True,2026-08-22T11:30:00Z,6,2.0,0.0
259,Diop,1,2,90,0,0,0,1,0,0,0,0,0,0,0,7,1.0,0.0,0.01,0.01,0.66,1,23246,58385,-35139.0,17.2,40.0,1,7.2,0.8,2.0,4,6,1,DEF,Ipswich Town,Sunderland,True,2026-08-22T14:00:00Z,8,2.0,1.0
267,Lukić,1,5,90,0,1,0,1,0,0,0,0,0,0,0,22,4.0,0.0,0.02,0.02,0.66,1,972,955,17.0,0.1,50.0,1,23.4,14.8,2.0,2,3,1,MID,Ipswich Town,Sunderland,True,2026-08-22T14:00:00Z,8,2.0,1.0
300,Walton,1,0,0,0,0,0,0,0,0,0,0,0,0,0,0,0.0,0.0,0.0,0.0,0.0,0,197,3646,-3449.0,0.5,45.0,1,0.0,0.0,0.0,0,0,0,GK,Ipswich Town,Sunderland,True,2026-08-22T14:00:00Z,8,2.0,1.0
301,Palmer,1,0,0,0,0,0,0,0,0,0,0,0,0,0,0,0.0,0.0,0.0,0.0,0.0,0,6515,14568,-8053.0,4.5,40.0,1,0.0,0.0,0.0,0,0,0,GK,Ipswich Town,Sunderland,True,2026-08-22T14:00:00Z,8,2.0,1.0
302,Button,1,0,0,0,0,0,0,0,0,0,0,0,0,0,0,0.0,0.0,0.0,0.0,0.0,0,1613,1564,49.0,0.4,40.0,1,0.0,0.0,0.0,0,0,0,GK,Ipswich Town,Sunderland,True,2026-08-22T14:00:00Z,8,2.0,1.0
27,G.Jesus,1,0,0,0,0,0,0,0,0,0,0,0,0,0,0,0.0,0.0,0.0,0.0,0.0,0,1702,6379,-4677.0,0.3,60.0,1,0.0,0.0,0.0,0,0,0,FWD,Arsenal,Coventry City,True,2026-08-21T19:00:00Z,1,3.0,0.0
452,Bruno G.,1,0,0,0,0,0,0,0,0,0,0,0,0,0,0,0.0,0.0,0.0,0.0,0.0,0,748,109756,-109008.0,2.9,69.0,1,0.0,0.0,0.0,0,0,0,MID,Arsenal,Coventry City,True,2026-08-21T19:00:00Z,1,3.0,0.0
303,Kipré,1,0,0,0,0,0,0,0,0,0,0,0,0,0,0,0.0,0.0,0.0,0.0,0.0,0,305,3987,-3682.0,0.6,40.0,1,0.0,0.0,0.0,0,0,0,DEF,Ipswich Town,Sunderland,True,2026-08-22T14:00:00Z,8,2.0,1.0
304,O'Shea,1,4,90,0,0,0,1,0,0,0,0,0,0,0,16,7.5,0.0,0.16,0.16,0.66,1,13214,11146,2068.0,3.4,40.0,1,48.0,24.5,2.0,16,6,2,DEF,Ipswich Town,Sunderland,True,2026-08-22T14:00:00Z,8,2.0,1.0
305,Davis,1,2,90,0,0,0,1,0,0,0,0,0,0,0,10,1.8,0.0,0.01,0.01,0.66,1,6369,17436,-11067.0,4.9,40.0,1,15.2,2.3,0.0,7,4,0,DEF,Ipswich Town,Sunderland,True,2026-08-22T14:00:00Z,8,2.0,1.0
306,Greaves,1,2,90,0,0,0,1,0,0,0,0,0,0,0,12,1.8,0.0,0.0,0.0,0.66,1,1445,4735,-3290.0,1.5,40.0,1,16.4,1.3,0.0,4,1,3,DEF,Ipswich Town,Sunderland,True,2026-08-22T14:00:00Z,8,2.0,1.0
307,Johnson,1,0,0,0,0,0,0,0,0,0,0,0,0,0,0,0.0,0.0,0.0,0.0,0.0,0,380,889,-509.0,0.1,40.0,1,0.0,0.0,0.0,0,0,0,DEF,Ipswich Town,Sunderland,True,2026-08-22T14:00:00Z,8,2.0,1.0
308,Furlong,1,0,0,0,0,0,0,0,0,0,0,0,0,0,0,0.0,0.0,0.0,0.0,0.0,0,238,3560,-3322.0,0.6,40.0,1,0.0,0.0,0.0,0,0,0,DEF,Ipswich Town,Sunderland,True,2026-08-22T14:00:00Z,8,2.0,1.0
309,Núñez,1,4,79,0,0,0,1,0,0,0,0,0,0,0,26,2.4,0.03,0.03,0.06,0.63,1,996,1079,-83.0,0.1,50.0,1,13.0,7.3,4.0,4,6,2,MID,Ipswich Town,Sunderland,True,2026-08-22T14:00:00Z,8,2.0,1.0
310,Matusiwa,1,0,0,0,0,0,0,0,0,0,0,0,0,0,0,0.0,0.0,0.0,0.0,0.0,0,6,98,-92.0,0.0,50.0,1,0.0,0.0,0.0,0,0,0,MID,Ipswich Town,Sunderland,True,2026-08-22T14:00:00Z,8,2.0,1.0
311,Burns,1,0,0,0,0,0,0,0,0,0,0,0,0,0,0,0.0,0.0,0.0,0.0,0.0,0,0,179,-179.0,0.0,50.0,1,0.0,0.0,0.0,0,0,0,MID,Ipswich Town,Sunderland,True,2026-08-22T14:00:00Z,8,2.0,1.0
312,Taylor,1,0,0,0,0,0,0,0,0,0,0,0,0,0,0,0.0,0.0,0.0,0.0,0.0,0,92,798,-706.0,0.0,45.0,1,0.0,0.0,0.0,0,0,0,MID,Ipswich Town,Sunderland,True,2026-08-22T14:00:00Z,8,2.0,1.0
313,Clarke,1,7,19,1,0,0,0,0,0,0,0,0,0,1,27,5.2,0.1,0.0,0.1,0.03,0,2782,1953,829.0,0.3,55.0,1,33.6,0.6,18.0,0,1,1,MID,Ipswich Town,Sunderland,True,2026-08-22T14:00:00Z,8,2.0,1.0
314,Ogbene,1,0,0,0,0,0,0,0,0,0,0,0,0,0,0,0.0,0.0,0.0,0.0,0.0,0,34,199,-165.0,0.0,50.0,1,0.0,0.0,0.0,0,0,0,MID,Ipswich Town,Sunderland,True,2026-08-22T14:00:00Z,8,2.0,1.0
315,Fatawu,1,2,65,0,0,0,1,0,0,0,0,0,0,0,22,5.5,0.0,0.41,0.41,0.63,1,509,2278,-1769.0,0.2,55.0,1,18.6,28.4,8.0,1,2,4,MID,Ipswich Town,Sunderland,True,2026-08-22T14:00:00Z,8,2.0,1.0
316,Emersonn,1,9,65,1,0,0,1,0,0,0,0,0,0,3,41,11.2,0.82,0.06,0.88,0.63,1,67710,13625,54085.0,1.7,55.0,1,45.6,26.3,40.0,1,1,1,FWD,Ipswich Town,Sunderland,True,2026-08-22T14:00:00Z,8,2.0,1.0
317,Hirst,1,0,0,0,0,0,0,0,0,0,0,0,0,0,0,0.0,0.0,0.0,0.0,0.0,0,0,7695,-7695.0,0.2,50.0,1,0.0,0.0,0.0,0,0,0,FWD,Ipswich Town,Sunderland,True,2026-08-22T14:00:00Z,8,2.0,1.0
318,Philogene,1,0,0,0,0,0,0,0,0,0,0,0,0,0,0,0.0,0.0,0.0,0.0,0.0,0,105,3063,-2958.0,0.1,55.0,1,0.0,0.0,0.0,0,0,0,MID,Ipswich Town,Sunderland,True,2026-08-22T14:00:00Z,8,2.0,1.0
31,Konsa,1,0,0,0,0,0,0,0,0,0,0,0,0,0,0,0.0,0.0,0.0,0.0,0.0,0,41742,201556,-159814.0,11.0,45.0,1,0.0,0.0,0.0,0,0,0,DEF,Arsenal,Coventry City,True,2026-08-21T19:00:00Z,1,3.0,0.0
319,Szmodics,1,0,0,0,0,0,0,0,0,0,0,0,0,0,0,0.0,0.0,0.0,0.0,0.0,0,0,375,-375.0,0.0,50.0,1,0.0,0.0,0.0,0,0,0,MID,Ipswich Town,Sunderland,True,2026-08-22T14:00:00Z,8,2.0,1.0
320,Akpom,1,1,24,0,0,0,0,0,0,0,0,0,0,0,3,0.3,0.0,0.0,0.0,0.03,0,4046,5235,-1189.0,0.5,50.0,1,1.4,0.0,2.0,0,2,1,FWD,Ipswich Town,Sunderland,True,2026-08-22T14:00:00Z,8,2.0,1.0
321,Walle Egeli,1,1,10,0,0,0,0,0,0,0,0,0,0,0,3,0.0,0.0,0.0,0.0,0.03,0,32952,19493,13459.0,2.4,45.0,1,0.0,0.1,0.0,0,0,0,FWD,Ipswich Town,Sunderland,True,2026-08-22T14:00:00Z,8,2.0,1.0
322,Al-Hamadi,1,0,0,0,0,0,0,0,0,0,0,0,0,0,0,0.0,0.0,0.0,0.0,0.0,0,755,2231,-1476.0,0.1,50.0,1,0.0,0.0,0.0,0,0,0,FWD,Ipswich Town,Sunderland,True,2026-08-22T14:00:00Z,8,2.0,1.0
323,McAteer,1,1,24,0,0,0,0,0,0,0,0,0,0,0,4,0.3,0.0,0.0,0.0,0.03,0,4922,9790,-4868.0,1.4,45.0,1,1.2,1.3,0.0,0,2,1,MID,Ipswich Town,Sunderland,True,2026-08-22T14:00:00Z,8,2.0,1.0
554,Van Oevelen,1,0,0,0,0,0,0,0,0,0,0,0,0,0,0,0.0,0.0,0.0,0.0,0.0,0,54,528,-474.0,0.0,45.0,1,0.0,0.0,0.0,0,0,0,GK,Ipswich Town,Sunderland,True,2026-08-22T14:00:00Z,8,2.0,1.0
562,Maeda,1,2,79,0,0,0,1,0,0,0,0,0,0,0,7,2.1,0.61,0.0,0.61,0.63,1,675,3223,-2548.0,0.4,55.0,1,12.6,1.4,7.0,3,2,4,MID,Ipswich Town,Sunderland,True,2026-08-22T14:00:00Z,8,2.0,1.0
564,Scherpen,1,2,90,0,0,0,1,0,0,0,0,0,2,0,12,1.4,0.0,0.0,0.0,0.66,1,1159,2716,-1557.0,0.6,45.0,1,14.4,0.0,0.0,1,10,0,GK,Ipswich Town,Sunderland,True,2026-08-22T14:00:00Z,8,2.0,1.0
571,Florentino,1,0,0,0,0,0,0,0,0,0,0,0,0,0,0,0.0,0.0,0.0,0.0,0.0,0,202,1686,-1484.0,0.1,50.0,1,0.0,0.0,0.0,0,0,0,MID,Ipswich Town,Sunderland,True,2026-08-22T14:00:00Z,8,2.0,1.0
591,Enciso,1,5,70,0,1,0,1,0,0,0,0,0,0,0,24,5.4,0.23,0.31,0.54,0.63,1,14160,3719,10441.0,0.4,55.0,1,21.6,14.0,18.0,2,5,1,MID,Ipswich Town,Sunderland,True,2026-08-22T14:00:00Z,8,2.0,1.0
592,Ouattara,1,1,10,0,0,0,0,0,0,0,0,0,0,0,4,1.5,0.0,0.0,0.0,0.03,0,2525,4839,-2314.0,1.0,40.0,1,5.2,10.0,0.0,2,0,0,DEF,Ipswich Town,Sunderland,True,2026-08-22T14:00:00Z,8,2.0,1.0
602,Humphreys,1,0,0,0,0,0,0,0,0,0,0,0,0,0,0,0.0,0.0,0.0,0.0,0.0,0,1150,300,850.0,0.0,45.0,1,0.0,0.0,0.0,0,0,0,MID,Ipswich Town,Sunderland,True,2026-08-22T14:00:00Z,8,2.0,1.0
260,Wilson,1,3,65,0,0,1,0,0,0,0,0,0,0,0,8,2.6,0.0,0.02,0.02,0.53,1,12833,46093,-33260.0,5.7,65.0,1,6.2,15.3,4.0,0,0,2,MID,Leeds,Nott'm Forest,False,2026-08-22T14:00:00Z,4,0.0,1.0
326,Perri,1,0,0,0,0,0,0,0,0,0,0,0,0,0,0,0.0,0.0,0.0,0.0,0.0,0,293,4282,-3989.0,0.6,45.0,1,0.0,0.0,0.0,0,0,0,GK,Leeds,Nott'm Forest,False,2026-08-22T14:00:00Z,4,0.0,1.0
327,Bijol,1,10,90,0,0,1,0,0,0,0,0,0,0,2,28,3.9,0.11,0.0,0.11,0.66,1,37170,6653,30517.0,0.9,50.0,1,23.6,0.4,15.0,11,5,1,DEF,Leeds,Nott'm Forest,False,2026-08-22T14:00:00Z,4,0.0,1.0
329,Rodon,1,6,90,0,0,1,0,0,0,0,0,0,0,0,21,3.4,0.03,0.06,0.09,0.66,1,16686,9956,6730.0,3.6,45.0,1,14.4,14.4,5.0,6,1,1,DEF,Leeds,Nott'm Forest,False,2026-08-22T14:00:00Z,4,0.0,1.0
330,Bogle,1,6,90,0,0,1,0,0,0,0,0,0,0,0,24,0.8,0.0,0.0,0.0,0.66,1,5173,2440,2733.0,0.6,45.0,1,7.0,1.1,0.0,2,3,1,DEF,Leeds,Nott'm Forest,False,2026-08-22T14:00:00Z,4,0.0,1.0
331,Gudmundsson,1,0,0,0,0,0,0,0,0,0,0,0,0,0,0,0.0,0.0,0.0,0.0,0.0,0,56,890,-834.0,0.0,45.0,1,0.0,0.0,0.0,0,0,0,DEF,Leeds,Nott'm Forest,False,2026-08-22T14:00:00Z,4,0.0,1.0
332,Justin,1,10,90,0,0,1,0,0,0,0,0,0,0,2,28,2.9,0.0,0.01,0.01,0.66,1,33909,7355,26554.0,1.1,45.0,1,24.6,2.3,2.0,6,4,6,DEF,Leeds,Nott'm Forest,False,2026-08-22T14:00:00Z,4,0.0,1.0
333,Bornauw,1,0,0,0,0,0,0,0,0,0,0,0,0,0,0,0.0,0.0,0.0,0.0,0.0,0,0,149,-149.0,0.0,45.0,1,0.0,0.0,0.0,0,0,0,DEF,Leeds,Nott'm Forest,False,2026-08-22T14:00:00Z,4,0.0,1.0
334,Muharemović,1,6,90,0,0,1,0,0,0,0,0,0,0,0,25,3.3,0.09,0.0,0.09,0.66,1,18524,9365,9159.0,3.4,50.0,1,15.6,0.6,17.0,7,1,0,DEF,Leeds,Nott'm Forest,False,2026-08-22T14:00:00Z,4,0.0,1.0
335,Stach,1,13,90,1,0,1,0,0,0,0,0,0,0,3,37,6.6,0.1,0.05,0.15,0.66,1,62141,11012,51129.0,2.2,60.0,1,47.8,2.3,16.0,8,5,3,MID,Leeds,Nott'm Forest,False,2026-08-22T14:00:00Z,4,0.0,1.0
336,Okafor,1,1,24,0,0,0,0,0,0,0,0,0,0,0,10,2.8,0.0,0.16,0.16,0.13,0,1138,7219,-6081.0,0.4,60.0,1,10.0,14.0,4.0,1,2,2,MID,Leeds,Nott'm Forest,False,2026-08-22T14:00:00Z,4,0.0,1.0
337,Aaronson,1,3,81,0,0,1,0,0,0,0,0,0,0,0,16,1.6,0.01,0.01,0.02,0.58,1,2138,6732,-4594.0,0.9,55.0,1,8.0,1.1,7.0,0,6,1,MID,Leeds,Nott'm Forest,False,2026-08-22T14:00:00Z,4,0.0,1.0
338,Ampadu,1,5,90,0,0,1,0,0,0,0,0,0,0,0,18,4.2,0.0,0.04,0.04,0.66,1,3651,7853,-4202.0,1.4,55.0,1,18.6,23.3,0.0,6,5,2,MID,Leeds,Nott'm Forest,False,2026-08-22T14:00:00Z,4,0.0,1.0
339,Longstaff,1,1,8,0,0,0,0,0,0,0,0,0,0,0,3,0.0,0.0,0.0,0.0,0.07,0,503,1383,-880.0,0.1,50.0,1,0.0,0.2,0.0,0,0,0,MID,Leeds,Nott'm Forest,False,2026-08-22T14:00:00Z,4,0.0,1.0
341,Gnonto,1,0,0,0,0,0,0,0,0,0,0,0,0,0,0,0.0,0.0,0.0,0.0,0.0,0,14,642,-628.0,0.0,50.0,1,0.0,0.0,0.0,0,0,0,MID,Leeds,Nott'm Forest,False,2026-08-22T14:00:00Z,4,0.0,1.0
342,Harrison,1,0,0,0,0,0,0,0,0,0,0,0,0,0,0,0.0,0.0,0.0,0.0,0.0,0,0,34,-34.0,0.0,50.0,1,0.0,0.0,0.0,0,0,0,MID,Leeds,Nott'm Forest,False,2026-08-22T14:00:00Z,4,0.0,1.0
343,James,1,0,0,0,0,0,0,0,0,0,0,0,0,0,0,0.0,0.0,0.0,0.0,0.0,0,689,1483,-794.0,0.1,50.0,1,0.0,0.0,0.0,0,0,0,MID,Leeds,Nott'm Forest,False,2026-08-22T14:00:00Z,4,0.0,1.0
344,Gruev,1,0,0,0,0,0,0,0,0,0,0,0,0,0,0,0.0,0.0,0.0,0.0,0.0,0,7,120,-113.0,0.0,50.0,1,0.0,0.0,0.0,0,0,0,MID,Leeds,Nott'm Forest,False,2026-08-22T14:00:00Z,4,0.0,1.0
349,Mateo Joseph,1,0,0,0,0,0,0,0,0,0,0,0,0,0,0,0.0,0.0,0.0,0.0,0.0,0,277,918,-641.0,0.1,45.0,1,0.0,0.0,0.0,0,0,0,FWD,Leeds,Nott'm Forest,False,2026-08-22T14:00:00Z,4,0.0,1.0
385,Trafford,1,9,90,0,0,1,0,0,0,0,0,0,3,2,28,1.9,0.0,0.0,0.0,0.66,1,54337,12147,42190.0,4.2,50.0,1,19.4,0.0,0.0,0,9,0,GK,Leeds,Nott'm Forest,False,2026-08-22T14:00:00Z,4,0.0,1.0
598,Elvedi,1,0,0,0,0,0,0,0,0,0,0,0,0,0,0,0.0,0.0,0.0,0.0,0.0,0,306,232,74.0,0.0,45.0,1,0.0,0.0,0.0,0,0,0,DEF,Leeds,Nott'm Forest,False,2026-08-22T14:00:00Z,4,0.0,1.0
603,Lienou,1,0,0,0,0,0,0,0,0,0,0,0,0,0,0,0.0,0.0,0.0,0.0,0.0,0,1370,285,1085.0,0.1,40.0,1,0.0,0.0,0.0,0,0,0,DEF,Leeds,Nott'm Forest,False,2026-08-22T14:00:00Z,4,0.0,1.0
604,Cresswell,1,0,0,0,0,0,0,0,0,0,0,0,0,0,0,0.0,0.0,0.0,0.0,0.0,0,2658,630,2028.0,0.1,45.0,1,0.0,0.0,0.0,0,0,0,MID,Leeds,Nott'm Forest,False,2026-08-22T14:00:00Z,4,0.0,1.0
350,A.Becker,1,2,90,0,0,0,2,0,0,0,0,0,3,0,7,1.8,0.0,0.0,0.0,1.58,1,20505,17918,2587.0,3.8,55.0,1,17.8,0.0,0.0,2,6,0,GK,Liverpool,Newcastle,False,2026-08-23T15:30:00Z,9,2.0,2.0
351,Mamardashvili,1,0,0,0,0,0,0,0,0,0,0,0,0,0,0,0.0,0.0,0.0,0.0,0.0,0,589,1841,-1252.0,0.2,50.0,1,0.0,0.0,0.0,0,0,0,GK,Liverpool,Newcastle,False,2026-08-23T15:30:00Z,9,2.0,2.0
352,Woodman,1,0,0,0,0,0,0,0,0,0,0,0,0,0,0,0.0,0.0,0.0,0.0,0.0,0,2773,4858,-2085.0,1.1,40.0,1,0.0,0.0,0.0,0,0,0,GK,Liverpool,Newcastle,False,2026-08-23T15:30:00Z,9,2.0,2.0
16,Madueke,1,1,22,0,0,0,0,0,0,0,0,0,0,0,8,5.3,0.0,0.04,0.04,0.15,0,1151,7038,-5887.0,0.3,64.0,1,9.4,43.1,0.0,0,2,0,MID,Arsenal,Coventry City,True,2026-08-21T19:00:00Z,1,3.0,0.0
17,Merino,1,1,14,0,0,0,0,0,0,0,0,0,0,0,5,1.9,0.14,0.02,0.16,0.15,0,2149,13708,-11559.0,0.6,60.0,1,3.6,1.2,14.0,0,2,0,MID,Arsenal,Coventry City,True,2026-08-21T19:00:00Z,1,3.0,0.0
353,Pecsi,1,0,0,0,0,0,0,0,0,0,0,0,0,0,0,0.0,0.0,0.0,0.0,0.0,0,0,418,-418.0,0.0,40.0,1,0.0,0.0,0.0,0,0,0,GK,Liverpool,Newcastle,False,2026-08-23T15:30:00Z,9,2.0,2.0
354,Jaros,1,0,0,0,0,0,0,0,0,0,0,0,0,0,0,0.0,0.0,0.0,0.0,0.0,0,134,159,-25.0,0.0,40.0,1,0.0,0.0,0.0,0,0,0,GK,Liverpool,Newcastle,False,2026-08-23T15:30:00Z,9,2.0,2.0
355,Davies,1,0,0,0,0,0,0,0,0,0,0,0,0,0,0,0.0,0.0,0.0,0.0,0.0,0,563,622,-59.0,0.1,40.0,1,0.0,0.0,0.0,0,0,0,GK,Liverpool,Newcastle,False,2026-08-23T15:30:00Z,9,2.0,2.0
356,Virgil,1,2,90,0,0,0,2,0,0,0,1,0,0,0,8,5.1,0.25,0.01,0.26,1.58,1,63291,66634,-3343.0,19.6,65.0,1,25.6,1.6,24.0,9,6,2,DEF,Liverpool,Newcastle,False,2026-08-23T15:30:00Z,9,2.0,2.0
358,Kerkez,1,0,90,0,0,0,2,0,0,0,1,0,0,0,3,4.4,0.02,0.02,0.04,1.58,1,12895,29029,-16134.0,3.6,55.0,1,18.0,13.8,12.0,4,3,3,DEF,Liverpool,Newcastle,False,2026-08-23T15:30:00Z,9,2.0,2.0
359,Gomez,1,0,0,0,0,0,0,0,0,0,0,0,0,0,0,0.0,0.0,0.0,0.0,0.0,0,68,379,-311.0,0.0,50.0,1,0.0,0.0,0.0,0,0,0,DEF,Liverpool,Newcastle,False,2026-08-23T15:30:00Z,9,2.0,2.0
360,Bradley,1,0,0,0,0,0,0,0,0,0,0,0,0,0,0,0.0,0.0,0.0,0.0,0.0,0,71,204,-133.0,0.0,50.0,1,0.0,0.0,0.0,0,0,0,DEF,Liverpool,Newcastle,False,2026-08-23T15:30:00Z,9,2.0,2.0
361,Lucky,1,0,0,0,0,0,0,0,0,0,0,0,0,0,0,0.0,0.0,0.0,0.0,0.0,0,549,997,-448.0,0.1,40.0,1,0.0,0.0,0.0,0,0,0,DEF,Liverpool,Newcastle,False,2026-08-23T15:30:00Z,9,2.0,2.0
362,Jacquet,1,1,69,0,0,0,2,0,0,0,0,0,0,0,9,2.4,0.0,0.02,0.02,1.04,1,19206,15420,3786.0,2.4,50.0,1,12.4,11.9,0.0,2,3,1,DEF,Liverpool,Newcastle,False,2026-08-23T15:30:00Z,9,2.0,2.0
363,Leoni,1,0,0,0,0,0,0,0,0,0,0,0,0,0,0,0.0,0.0,0.0,0.0,0.0,0,164,471,-307.0,0.0,40.0,1,0.0,0.0,0.0,0,0,0,DEF,Liverpool,Newcastle,False,2026-08-23T15:30:00Z,9,2.0,2.0
364,Tsimikas,1,0,0,0,0,0,0,0,0,0,0,0,0,0,0,0.0,0.0,0.0,0.0,0.0,0,307,853,-546.0,0.1,50.0,1,0.0,0.0,0.0,0,0,0,DEF,Liverpool,Newcastle,False,2026-08-23T15:30:00Z,9,2.0,2.0
365,Ramsay,1,0,0,0,0,0,0,0,0,0,0,0,0,0,0,0.0,0.0,0.0,0.0,0.0,0,638,2907,-2269.0,0.2,40.0,1,0.0,0.0,0.0,0,0,0,DEF,Liverpool,Newcastle,False,2026-08-23T15:30:00Z,9,2.0,2.0
366,Wirtz,1,2,62,0,0,0,2,0,0,0,0,0,0,0,16,5.7,0.26,0.04,0.3,0.51,1,21705,99413,-77708.0,11.6,75.0,1,9.8,17.9,29.0,0,4,1,MID,Liverpool,Newcastle,False,2026-08-23T15:30:00Z,9,2.0,2.0
367,Gakpo,1,12,90,1,0,0,2,0,0,0,0,0,0,3,33,11.5,0.3,0.15,0.45,1.58,1,166348,22155,144193.0,6.0,70.0,1,44.0,34.0,37.0,4,5,3,MID,Liverpool,Newcastle,False,2026-08-23T15:30:00Z,9,2.0,2.0
368,Szoboszlai,1,8,90,1,0,0,2,0,0,0,0,0,0,1,29,11.9,0.85,0.27,1.12,1.58,1,200844,55880,144964.0,43.1,70.0,1,50.4,47.1,21.0,2,4,1,MID,Liverpool,Newcastle,False,2026-08-23T15:30:00Z,9,2.0,2.0
32,Cash,1,-1,90,0,0,0,4,0,0,0,1,0,0,0,-8,1.3,0.0,0.0,0.0,3.77,1,25780,89194,-63414.0,7.8,45.0,1,12.0,1.1,0.0,5,0,2,DEF,Aston Villa,Brighton,False,2026-08-23T13:00:00Z,3,4.0,0.0
369,Ngumoha,1,2,62,0,0,0,2,0,0,0,0,0,0,0,9,1.3,0.04,0.02,0.06,0.51,1,4735,12473,-7738.0,1.1,60.0,1,2.4,6.0,5.0,0,2,1,MID,Liverpool,Newcastle,False,2026-08-23T15:30:00Z,9,2.0,2.0
370,Chiesa,1,0,0,0,0,0,0,0,0,0,0,0,0,0,0,0.0,0.0,0.0,0.0,0.0,0,581,2781,-2200.0,0.1,55.0,1,0.0,0.0,0.0,0,0,0,MID,Liverpool,Newcastle,False,2026-08-23T15:30:00Z,9,2.0,2.0
371,Gravenberch,1,5,77,0,1,0,2,0,0,0,0,0,0,0,26,4.4,0.06,0.05,0.11,1.1,1,12339,12927,-588.0,2.0,60.0,1,24.4,16.0,4.0,2,8,1,MID,Liverpool,Newcastle,False,2026-08-23T15:30:00Z,9,2.0,2.0
372,Mac Allister,1,1,27,0,0,0,0,0,0,0,0,0,0,0,9,0.7,0.0,0.01,0.01,1.07,0,5636,18442,-12806.0,1.6,55.0,1,5.8,1.4,0.0,0,1,2,MID,Liverpool,Newcastle,False,2026-08-23T15:30:00Z,9,2.0,2.0
373,C.Jones,1,0,0,0,0,0,0,0,0,0,0,0,0,0,0,0.0,0.0,0.0,0.0,0.0,0,29,1012,-983.0,0.0,55.0,1,0.0,0.0,0.0,0,0,0,MID,Liverpool,Newcastle,False,2026-08-23T15:30:00Z,9,2.0,2.0
374,Endo,1,0,0,0,0,0,0,0,0,0,0,0,0,0,0,0.0,0.0,0.0,0.0,0.0,0,445,878,-433.0,0.1,50.0,1,0.0,0.0,0.0,0,0,0,MID,Liverpool,Newcastle,False,2026-08-23T15:30:00Z,9,2.0,2.0
375,Nyoni,1,0,0,0,0,0,0,0,0,0,0,0,0,0,0,0.0,0.0,0.0,0.0,0.0,0,126,590,-464.0,0.0,50.0,1,0.0,0.0,0.0,0,0,0,MID,Liverpool,Newcastle,False,2026-08-23T15:30:00Z,9,2.0,2.0
377,Munoz,1,4,27,0,1,0,0,0,0,0,0,0,0,0,15,2.7,0.1,0.04,0.14,1.07,0,5475,4930,545.0,0.6,65.0,1,4.0,8.9,14.0,0,0,0,MID,Liverpool,Newcastle,False,2026-08-23T15:30:00Z,9,2.0,2.0
378,McConnell,1,0,0,0,0,0,0,0,0,0,0,0,0,0,0,0.0,0.0,0.0,0.0,0.0,0,836,2543,-1707.0,0.3,45.0,1,0.0,0.0,0.0,0,0,0,MID,Liverpool,Newcastle,False,2026-08-23T15:30:00Z,9,2.0,2.0
379,Isak,1,2,90,0,0,0,2,0,0,0,0,0,0,0,6,9.2,1.09,0.01,1.1,1.58,1,58179,83278,-25099.0,16.5,90.0,1,11.4,14.6,66.0,1,0,0,FWD,Liverpool,Newcastle,False,2026-08-23T15:30:00Z,9,2.0,2.0
380,Ekitiké,1,0,0,0,0,0,0,0,0,0,0,0,0,0,0,0.0,0.0,0.0,0.0,0.0,0,667,3494,-2827.0,0.1,75.0,1,0.0,0.0,0.0,0,0,0,FWD,Liverpool,Newcastle,False,2026-08-23T15:30:00Z,9,2.0,2.0
381,Koumas,1,1,12,0,0,0,0,0,0,0,0,0,0,0,4,0.9,0.03,0.0,0.03,0.48,0,132,176,-44.0,0.0,50.0,1,1.2,0.5,7.0,0,1,0,MID,Liverpool,Newcastle,False,2026-08-23T15:30:00Z,9,2.0,2.0
382,Danns,1,0,0,0,0,0,0,0,0,0,0,0,0,0,0,0.0,0.0,0.0,0.0,0.0,0,279,493,-214.0,0.0,45.0,1,0.0,0.0,0.0,0,0,0,FWD,Liverpool,Newcastle,False,2026-08-23T15:30:00Z,9,2.0,2.0
383,Elliott,1,0,0,0,0,0,0,0,0,0,0,0,0,0,0,0.0,0.0,0.0,0.0,0.0,0,334,1069,-735.0,0.1,55.0,1,0.0,0.0,0.0,0,0,0,MID,Liverpool,Newcastle,False,2026-08-23T15:30:00Z,9,2.0,2.0
579,Araujo,1,1,20,0,0,0,0,0,0,0,0,0,0,0,3,1.4,0.0,0.03,0.03,0.54,0,22244,29309,-7065.0,2.7,55.0,1,13.2,1.2,0.0,3,1,1,DEF,Liverpool,Newcastle,False,2026-08-23T15:30:00Z,9,2.0,2.0
238,Grealish,1,1,8,0,0,0,0,0,0,0,0,0,0,0,2,0.2,0.0,0.0,0.0,0.0,0,1068,1927,-859.0,0.2,65.0,1,1.0,0.6,0.0,0,0,1,MID,Everton,Crystal Palace,True,2026-08-22T14:00:00Z,5,2.0,0.0
384,Donnarumma,1,3,90,0,0,0,1,0,0,0,0,0,3,0,12,2.7,0.0,0.0,0.0,0.65,1,28376,38804,-10428.0,8.3,55.0,1,26.8,0.0,0.0,1,4,0,GK,Man City,Bournemouth,True,2026-08-23T13:00:00Z,7,2.0,1.0
386,Bettinelli,1,0,0,0,0,0,0,0,0,0,0,0,0,0,0,0.0,0.0,0.0,0.0,0.0,0,113,200,-87.0,0.0,45.0,1,0.0,0.0,0.0,0,0,0,GK,Man City,Bournemouth,True,2026-08-23T13:00:00Z,7,2.0,1.0
24,Nelson,1,0,0,0,0,0,0,0,0,0,0,0,0,0,0,0.0,0.0,0.0,0.0,0.0,0,55,141,-86.0,0.0,55.0,1,0.0,0.0,0.0,0,0,0,MID,Arsenal,Coventry City,True,2026-08-21T19:00:00Z,1,3.0,0.0
33,Mings,1,1,16,0,0,0,0,0,0,0,0,0,0,0,5,0.2,0.0,0.0,0.0,0.22,0,3026,3001,25.0,0.4,45.0,1,2.0,0.0,0.0,0,0,1,DEF,Aston Villa,Brighton,False,2026-08-23T13:00:00Z,3,4.0,0.0
387,O'Reilly,1,2,62,0,0,0,1,0,0,0,0,0,0,0,5,5.0,0.07,0.41,0.48,0.55,1,58694,90045,-31351.0,21.0,65.0,1,8.8,30.4,11.0,1,5,1,DEF,Man City,Bournemouth,True,2026-08-23T13:00:00Z,7,2.0,1.0
388,Guéhi,1,10,90,1,0,0,1,0,0,0,0,0,0,2,31,8.9,0.89,0.32,1.21,0.65,1,156220,34512,121708.0,19.4,60.0,1,43.6,17.5,28.0,1,4,3,DEF,Man City,Bournemouth,True,2026-08-23T13:00:00Z,7,2.0,1.0
389,Matheus N.,1,1,33,0,0,0,0,0,0,0,0,0,0,0,4,0.9,0.0,0.04,0.04,0.1,0,2990,12268,-9278.0,1.5,60.0,1,3.8,1.5,4.0,1,2,0,DEF,Man City,Bournemouth,True,2026-08-23T13:00:00Z,7,2.0,1.0
390,Rúben,1,2,90,0,0,0,1,0,0,0,0,0,0,0,11,4.4,0.0,0.14,0.14,0.65,1,8716,10723,-2007.0,1.8,55.0,1,24.4,17.9,2.0,6,8,0,DEF,Man City,Bournemouth,True,2026-08-23T13:00:00Z,7,2.0,1.0
391,Gvardiol,1,9,90,1,0,0,1,0,0,0,0,0,0,1,28,7.8,0.19,0.05,0.24,0.65,1,186695,29138,157557.0,13.5,55.0,1,47.6,13.3,17.0,5,5,2,DEF,Man City,Bournemouth,True,2026-08-23T13:00:00Z,7,2.0,1.0
392,Aït-Nouri,1,0,0,0,0,0,0,0,0,0,0,0,0,0,0,0.0,0.0,0.0,0.0,0.0,0,2410,13998,-11588.0,0.8,55.0,1,0.0,0.0,0.0,0,0,0,DEF,Man City,Bournemouth,True,2026-08-23T13:00:00Z,7,2.0,1.0
393,Khusanov,1,2,90,0,0,0,1,0,0,0,0,0,0,0,14,2.0,0.0,0.02,0.02,0.65,1,5449,12331,-6882.0,1.7,55.0,1,17.0,3.4,0.0,2,6,2,DEF,Man City,Bournemouth,True,2026-08-23T13:00:00Z,7,2.0,1.0
394,Alleyne,1,0,0,0,0,0,0,0,0,0,0,0,0,0,0,0.0,0.0,0.0,0.0,0.0,0,0,331,-331.0,0.0,50.0,1,0.0,0.0,0.0,0,0,0,DEF,Man City,Bournemouth,True,2026-08-23T13:00:00Z,7,2.0,1.0
395,Lewis,1,1,56,0,0,0,1,0,0,0,0,0,0,0,-1,4.7,0.17,0.02,0.19,0.55,1,3051,2148,903.0,0.2,45.0,1,3.8,3.8,39.0,2,0,0,DEF,Man City,Bournemouth,True,2026-08-23T13:00:00Z,7,2.0,1.0
396,Vitor Reis,1,0,0,0,0,0,0,0,0,0,0,0,0,0,0,0.0,0.0,0.0,0.0,0.0,0,91,197,-106.0,0.0,45.0,1,0.0,0.0,0.0,0,0,0,DEF,Man City,Bournemouth,True,2026-08-23T13:00:00Z,7,2.0,1.0
397,Semenyo,1,2,90,0,0,0,1,0,0,0,0,0,0,0,16,4.6,0.06,0.02,0.08,0.65,1,40049,139541,-99492.0,24.3,85.0,1,5.8,8.9,31.0,0,4,1,MID,Man City,Bournemouth,True,2026-08-23T13:00:00Z,7,2.0,1.0
398,Foden,1,1,81,0,0,0,1,0,0,0,1,0,0,0,15,7.5,0.12,0.4,0.52,0.65,1,15924,36922,-20998.0,4.1,70.0,1,10.4,49.6,15.0,0,3,3,MID,Man City,Bournemouth,True,2026-08-23T13:00:00Z,7,2.0,1.0
399,Cherki,1,8,27,0,2,0,0,0,0,0,0,0,0,1,28,9.2,0.0,0.5,0.5,0.1,0,166811,34676,132135.0,10.4,75.0,1,39.2,48.8,4.0,0,0,0,MID,Man City,Bournemouth,True,2026-08-23T13:00:00Z,7,2.0,1.0
400,Doku,1,0,0,0,0,0,0,0,0,0,0,0,0,0,0,0.0,0.0,0.0,0.0,0.0,0,463,61842,-61379.0,1.3,75.0,1,0.0,0.0,0.0,0,0,0,MID,Man City,Bournemouth,True,2026-08-23T13:00:00Z,7,2.0,1.0
401,Marmoush,1,0,0,0,0,0,0,0,0,0,0,0,0,0,0,0.0,0.0,0.0,0.0,0.0,0,23386,16833,6553.0,1.1,70.0,1,0.0,0.0,0.0,0,0,0,FWD,Spurs,Brentford,False,2026-08-22T16:30:00Z,2,3.0,0.0
402,Rodrigo,1,0,0,0,0,0,0,0,0,0,0,0,0,0,0,0.0,0.0,0.0,0.0,0.0,0,0,766,-766.0,0.0,65.0,1,0.0,0.0,0.0,0,0,0,MID,Man City,Bournemouth,True,2026-08-23T13:00:00Z,7,2.0,1.0
404,Reijnders,1,0,0,0,0,0,0,0,0,0,0,0,0,0,0,0.0,0.0,0.0,0.0,0.0,0,0,5257,-5257.0,0.1,60.0,1,0.0,0.0,0.0,0,0,0,MID,Man City,Bournemouth,True,2026-08-23T13:00:00Z,7,2.0,1.0
405,N.Gonzalez,1,0,0,0,0,0,0,0,0,0,0,0,0,0,0,0.0,0.0,0.0,0.0,0.0,0,1507,1487,20.0,0.2,55.0,1,0.0,0.0,0.0,0,0,0,MID,Newcastle,Liverpool,True,2026-08-23T15:30:00Z,9,2.0,2.0
406,Kovačić,1,1,27,0,0,0,0,0,0,0,0,0,0,0,3,0.4,0.0,0.01,0.01,0.1,0,715,1113,-398.0,0.1,55.0,1,2.2,2.1,0.0,0,2,0,MID,Man City,Bournemouth,True,2026-08-23T13:00:00Z,7,2.0,1.0
407,Echeverri,1,0,0,0,0,0,0,0,0,0,0,0,0,0,0,0.0,0.0,0.0,0.0,0.0,0,85,251,-166.0,0.0,50.0,1,0.0,0.0,0.0,0,0,0,MID,Man City,Bournemouth,True,2026-08-23T13:00:00Z,7,2.0,1.0
408,Phillips,1,0,0,0,0,0,0,0,0,0,0,0,0,0,0,0.0,0.0,0.0,0.0,0.0,0,0,279,-279.0,0.0,50.0,1,0.0,0.0,0.0,0,0,0,MID,Man City,Bournemouth,True,2026-08-23T13:00:00Z,7,2.0,1.0
409,Mukasa,1,0,0,0,0,0,0,0,0,0,0,0,0,0,0,0.0,0.0,0.0,0.0,0.0,0,845,2167,-1322.0,0.2,45.0,1,0.0,0.0,0.0,0,0,0,MID,Man City,Bournemouth,True,2026-08-23T13:00:00Z,7,2.0,1.0
410,Monga,1,0,0,0,0,0,0,0,0,0,0,0,0,0,0,0.0,0.0,0.0,0.0,0.0,0,71,247,-176.0,0.0,50.0,1,0.0,0.0,0.0,0,0,0,MID,Man City,Bournemouth,True,2026-08-23T13:00:00Z,7,2.0,1.0
411,Haaland,1,2,90,0,0,0,1,0,0,0,0,0,0,0,6,5.9,0.74,0.02,0.76,0.65,1,57317,86490,-29173.0,68.0,155.0,1,3.8,5.2,50.0,0,3,0,FWD,Man City,Bournemouth,True,2026-08-23T13:00:00Z,7,2.0,1.0
481,Anderson,1,2,62,0,0,0,1,0,0,0,0,0,0,0,14,2.8,0.0,0.25,0.25,0.55,1,7013,139170,-132157.0,6.2,64.0,1,7.2,20.8,0.0,1,3,2,MID,Man City,Bournemouth,True,2026-08-23T13:00:00Z,7,2.0,1.0
587,Rulli,1,0,0,0,0,0,0,0,0,0,0,0,0,0,0,0.0,0.0,0.0,0.0,0.0,0,85,189,-104.0,0.0,50.0,1,0.0,0.0,0.0,0,0,0,GK,Man City,Bournemouth,True,2026-08-23T13:00:00Z,7,2.0,1.0
131,Baleba,1,0,0,0,0,0,0,0,0,0,0,0,0,0,0,0.0,0.0,0.0,0.0,0.0,0,2198,3837,-1639.0,0.2,50.0,1,0.0,0.0,0.0,0,0,0,MID,Man Utd,Hull City,False,2026-08-22T11:30:00Z,6,2.0,0.0
162,Andrey Santos,1,2,66,0,0,0,2,0,0,0,0,0,0,0,17,1.8,0.0,0.23,0.23,0.94,1,6552,13204,-6652.0,1.0,50.0,1,11.4,4.2,2.0,3,5,1,MID,Man Utd,Hull City,False,2026-08-22T11:30:00Z,6,2.0,0.0
325,Darlow,1,0,0,0,0,0,0,0,0,0,0,0,0,0,0,0.0,0.0,0.0,0.0,0.0,0,204,221,-17.0,0.0,45.0,1,0.0,0.0,0.0,0,0,0,GK,Man Utd,Hull City,False,2026-08-22T11:30:00Z,6,2.0,0.0
412,Lammens,1,1,90,0,0,0,2,0,0,0,0,0,2,0,7,2.0,0.0,0.0,0.0,1.01,1,27909,76626,-48717.0,15.7,50.0,1,20.2,0.0,0.0,2,8,0,GK,Man Utd,Hull City,False,2026-08-22T11:30:00Z,6,2.0,0.0
413,Bayindir,1,0,0,0,0,0,0,0,0,0,0,0,0,0,0,0.0,0.0,0.0,0.0,0.0,0,0,547,-547.0,0.0,45.0,1,0.0,0.0,0.0,0,0,0,GK,Man Utd,Hull City,False,2026-08-22T11:30:00Z,6,2.0,0.0
414,Heaton,1,0,0,0,0,0,0,0,0,0,0,0,0,0,0,0.0,0.0,0.0,0.0,0.0,0,183,927,-744.0,0.1,40.0,1,0.0,0.0,0.0,0,0,0,GK,Man Utd,Hull City,False,2026-08-22T11:30:00Z,6,2.0,0.0
415,Dorgu,1,0,45,0,0,0,2,0,0,0,1,0,0,0,-11,0.7,0.47,0.03,0.5,0.92,1,4122,23931,-19809.0,1.1,60.0,1,0.0,1.2,16.0,1,0,0,MID,Man Utd,Hull City,False,2026-08-22T11:30:00Z,6,2.0,0.0
416,De Ligt,1,0,0,0,0,0,0,0,0,0,0,0,0,0,0,0.0,0.0,0.0,0.0,0.0,0,107,466,-359.0,0.0,50.0,1,0.0,0.0,0.0,0,0,0,DEF,Man Utd,Hull City,False,2026-08-22T11:30:00Z,6,2.0,0.0
417,Dalot,1,1,10,0,0,0,0,0,0,0,0,0,0,0,6,1.9,0.0,0.0,0.0,0.0,0,7110,27481,-20371.0,2.5,50.0,1,7.6,11.3,0.0,1,1,2,DEF,Man Utd,Hull City,False,2026-08-22T11:30:00Z,6,2.0,0.0
418,Maguire,1,1,90,0,0,0,2,0,0,0,0,0,0,0,15,7.3,0.04,0.4,0.44,1.01,1,42911,89197,-46286.0,17.1,50.0,1,25.4,28.6,19.0,4,5,0,DEF,Man Utd,Hull City,False,2026-08-22T11:30:00Z,6,2.0,0.0
419,Martinez,1,0,0,0,0,0,0,0,0,0,0,0,0,0,0,0.0,0.0,0.0,0.0,0.0,0,6217,16474,-10257.0,1.3,50.0,1,0.0,0.0,0.0,0,0,0,DEF,Man Utd,Hull City,False,2026-08-22T11:30:00Z,6,2.0,0.0
420,Yoro,1,0,0,0,0,0,0,0,0,0,0,0,0,0,0,0.0,0.0,0.0,0.0,0.0,0,1452,9214,-7762.0,0.7,50.0,1,0.0,0.0,0.0,0,0,0,DEF,Man Utd,Hull City,False,2026-08-22T11:30:00Z,6,2.0,0.0
421,Heaven,1,1,90,0,0,0,2,0,0,0,0,0,0,0,5,2.0,0.12,0.04,0.16,1.01,1,2692,3590,-898.0,0.4,45.0,1,6.8,2.6,11.0,1,4,1,DEF,Man Utd,Hull City,False,2026-08-22T11:30:00Z,6,2.0,0.0
422,Mazraoui,1,1,79,0,0,0,2,0,0,0,0,0,0,0,8,5.6,0.22,0.05,0.27,1.01,1,5009,5318,-309.0,0.7,45.0,1,17.4,29.4,9.0,4,3,1,DEF,Man Utd,Hull City,False,2026-08-22T11:30:00Z,6,2.0,0.0
423,Shaw,1,1,90,0,0,0,2,0,0,0,0,0,0,0,13,9.0,0.0,0.26,0.26,1.01,1,35316,100569,-65253.0,19.7,45.0,1,25.2,59.2,6.0,3,3,1,DEF,Man Utd,Hull City,False,2026-08-22T11:30:00Z,6,2.0,0.0
424,Amass,1,0,0,0,0,0,0,0,0,0,0,0,0,0,0,0.0,0.0,0.0,0.0,0.0,0,799,1745,-946.0,0.2,40.0,1,0.0,0.0,0.0,0,0,0,DEF,Man Utd,Hull City,False,2026-08-22T11:30:00Z,6,2.0,0.0
426,B.Fernandes,1,2,90,0,0,0,2,0,0,0,0,0,0,0,18,9.3,0.08,0.26,0.34,1.01,1,39250,190750,-151500.0,48.5,120.0,1,20.2,55.4,17.0,1,5,0,MID,Man Utd,Hull City,False,2026-08-22T11:30:00Z,6,2.0,0.0
427,Mbeumo,1,2,90,0,0,0,2,0,0,0,0,0,0,0,12,8.7,0.5,0.23,0.73,1.01,1,65812,178339,-112527.0,36.0,80.0,1,9.6,28.1,49.0,0,4,0,MID,Man Utd,Hull City,False,2026-08-22T11:30:00Z,6,2.0,0.0
428,Cunha,1,2,79,0,0,0,2,0,0,0,0,0,0,0,14,6.9,0.24,0.21,0.45,1.01,1,22395,78093,-55698.0,9.5,80.0,1,5.4,28.2,35.0,0,3,0,MID,Man Utd,Hull City,False,2026-08-22T11:30:00Z,6,2.0,0.0
429,Rashford,1,1,45,0,0,0,0,0,0,0,0,0,0,0,9,6.4,0.0,0.1,0.1,0.09,0,12942,19006,-6064.0,1.7,70.0,1,11.6,48.6,4.0,0,1,0,MID,Man Utd,Hull City,False,2026-08-22T11:30:00Z,6,2.0,0.0
430,Mount,1,0,0,0,0,0,0,0,0,0,0,0,0,0,0,0.0,0.0,0.0,0.0,0.0,0,32,633,-601.0,0.0,55.0,1,0.0,0.0,0.0,0,0,0,MID,Man Utd,Hull City,False,2026-08-22T11:30:00Z,6,2.0,0.0
431,Amad,1,0,0,0,0,0,0,0,0,0,0,0,0,0,0,0.0,0.0,0.0,0.0,0.0,0,1527,47058,-45531.0,1.1,59.0,1,0.0,0.0,0.0,0,0,0,MID,Man Utd,Hull City,False,2026-08-22T11:30:00Z,6,2.0,0.0
432,Mainoo,1,1,23,0,0,0,0,0,0,0,0,0,0,0,7,0.7,0.07,0.01,0.08,0.07,0,2994,12121,-9127.0,1.0,55.0,1,2.8,2.5,2.0,0,1,0,MID,Man Utd,Hull City,False,2026-08-22T11:30:00Z,6,2.0,0.0
433,Ugarte,1,0,0,0,0,0,0,0,0,0,0,0,0,0,0,0.0,0.0,0.0,0.0,0.0,0,22,81,-59.0,0.0,50.0,1,0.0,0.0,0.0,0,0,0,MID,Man Utd,Hull City,False,2026-08-22T11:30:00Z,6,2.0,0.0
434,J.Fletcher,1,0,0,0,0,0,0,0,0,0,0,0,0,0,0,0.0,0.0,0.0,0.0,0.0,0,40,152,-112.0,0.0,50.0,1,0.0,0.0,0.0,0,0,0,MID,Man Utd,Hull City,False,2026-08-22T11:30:00Z,6,2.0,0.0
435,Lacey,1,1,10,0,0,0,0,0,0,0,0,0,0,0,3,0.1,0.0,0.0,0.0,0.0,0,286,512,-226.0,0.0,50.0,1,0.2,0.6,0.0,0,1,0,MID,Man Utd,Hull City,False,2026-08-22T11:30:00Z,6,2.0,0.0
436,Collyer,1,0,0,0,0,0,0,0,0,0,0,0,0,0,0,0.0,0.0,0.0,0.0,0.0,0,57,211,-154.0,0.0,50.0,1,0.0,0.0,0.0,0,0,0,MID,Man Utd,Hull City,False,2026-08-22T11:30:00Z,6,2.0,0.0
437,Bendito Mantato,1,0,0,0,0,0,0,0,0,0,0,0,0,0,0,0.0,0.0,0.0,0.0,0.0,0,903,2141,-1238.0,0.2,45.0,1,0.0,0.0,0.0,0,0,0,MID,Man Utd,Hull City,False,2026-08-22T11:30:00Z,6,2.0,0.0
438,Fletcher,1,0,0,0,0,0,0,0,0,0,0,0,0,0,0,0.0,0.0,0.0,0.0,0.0,0,1217,3556,-2339.0,0.3,45.0,1,0.0,0.0,0.0,0,0,0,MID,Man Utd,Hull City,False,2026-08-22T11:30:00Z,6,2.0,0.0
439,Šeško,1,1,23,0,0,0,0,0,0,0,0,0,0,0,2,0.9,0.04,0.0,0.04,0.07,0,25388,13085,12303.0,1.8,70.0,1,0.0,0.5,9.0,0,0,0,FWD,Man Utd,Hull City,False,2026-08-22T11:30:00Z,6,2.0,0.0
440,Zirkzee,1,0,0,0,0,0,0,0,0,0,0,0,0,0,0,0.0,0.0,0.0,0.0,0.0,0,1875,11169,-9294.0,0.5,55.0,1,0.0,0.0,0.0,0,0,0,FWD,Man Utd,Hull City,False,2026-08-22T11:30:00Z,6,2.0,0.0
441,Obi,1,0,0,0,0,0,0,0,0,0,0,0,0,0,0,0.0,0.0,0.0,0.0,0.0,0,5593,10153,-4560.0,1.1,45.0,1,0.0,0.0,0.0,0,0,0,FWD,Man Utd,Hull City,False,2026-08-22T11:30:00Z,6,2.0,0.0
442,Pope,1,0,0,0,0,0,0,0,0,0,0,0,0,0,0,0.0,0.0,0.0,0.0,0.0,0,2386,10366,-7980.0,1.3,50.0,1,0.0,0.0,0.0,0,0,0,GK,Newcastle,Liverpool,True,2026-08-23T15:30:00Z,9,2.0,2.0
443,Gillespie,1,0,0,0,0,0,0,0,0,0,0,0,0,0,0,0.0,0.0,0.0,0.0,0.0,0,152,199,-47.0,0.0,45.0,1,0.0,0.0,0.0,0,0,0,GK,Newcastle,Liverpool,True,2026-08-23T15:30:00Z,9,2.0,2.0
454,Elanga,1,9,75,1,0,0,1,0,0,0,0,0,0,2,31,6.9,0.22,0.01,0.23,1.94,1,75502,9667,65835.0,1.9,60.0,1,37.4,3.5,28.0,1,1,0,MID,Newcastle,Liverpool,True,2026-08-23T15:30:00Z,9,2.0,2.0
465,Osula,1,4,55,0,1,0,1,0,0,0,0,0,0,0,18,5.0,0.06,0.14,0.2,1.48,1,20263,18059,2204.0,1.0,60.0,1,28.2,13.7,8.0,2,2,1,FWD,Newcastle,Liverpool,True,2026-08-23T15:30:00Z,9,2.0,2.0
482,Hudson-Odoi,1,0,0,0,0,0,0,0,0,0,0,0,0,0,0,0.0,0.0,0.0,0.0,0.0,0,638,4320,-3682.0,0.2,60.0,1,0.0,0.0,0.0,0,0,0,MID,Nott'm Forest,Leeds,True,2026-08-22T14:00:00Z,4,0.0,1.0
483,Ndoye,1,3,61,0,0,1,0,0,0,0,0,0,0,0,5,0.4,0.0,0.0,0.0,0.25,1,1108,4100,-2992.0,0.4,55.0,1,1.4,2.5,0.0,1,1,1,MID,Nott'm Forest,Leeds,True,2026-08-22T14:00:00Z,4,0.0,1.0
498,Senesi,1,3,90,0,0,0,3,0,0,0,0,0,0,0,10,3.9,0.0,0.02,0.02,3.87,1,13733,52624,-38891.0,7.7,60.0,1,36.6,2.2,0.0,11,2,5,DEF,Spurs,Brentford,False,2026-08-22T16:30:00Z,2,3.0,0.0
499,Pedro Porro,1,0,0,0,0,0,0,0,0,0,0,0,0,0,0,0.0,0.0,0.0,0.0,0.0,0,14530,295207,-280677.0,13.6,55.0,1,0.0,0.0,0.0,0,0,0,DEF,Spurs,Brentford,False,2026-08-22T16:30:00Z,2,3.0,0.0
510,Rowswell,1,0,0,0,0,0,0,0,0,0,0,0,0,0,0,0.0,0.0,0.0,0.0,0.0,0,292,609,-317.0,0.1,40.0,1,0.0,0.0,0.0,0,0,0,DEF,Spurs,Brentford,False,2026-08-22T16:30:00Z,2,3.0,0.0
511,Souza,1,0,0,0,0,0,0,0,0,0,0,0,0,0,0,0.0,0.0,0.0,0.0,0.0,0,1042,2350,-1308.0,0.3,40.0,1,0.0,0.0,0.0,0,0,0,DEF,Spurs,Brentford,False,2026-08-22T16:30:00Z,2,3.0,0.0
521,Kulusevski,1,0,0,0,0,0,0,0,0,0,0,0,0,0,0,0.0,0.0,0.0,0.0,0.0,0,69,214,-145.0,0.0,65.0,1,0.0,0.0,0.0,0,0,0,MID,Spurs,Brentford,False,2026-08-22T16:30:00Z,2,3.0,0.0
550,Jocelin.T,1,0,0,0,0,0,0,0,0,0,0,0,0,0,0,0.0,0.0,0.0,0.0,0.0,0,47,86,-39.0,0.0,50.0,1,0.0,0.0,0.0,0,0,0,MID,Sunderland,Ipswich Town,False,2026-08-22T14:00:00Z,8,2.0,1.0
551,Angulo,1,5,58,1,0,0,1,0,0,0,1,0,0,0,23,5.2,0.15,0.01,0.16,1.66,1,4415,1166,3249.0,0.1,50.0,1,32.8,3.3,16.0,1,5,1,MID,Sunderland,Ipswich Town,False,2026-08-22T14:00:00Z,8,2.0,1.0
552,Brobbey,1,2,66,0,0,0,1,0,0,0,0,0,0,0,1,1.1,0.3,0.0,0.3,1.69,1,31713,94669,-62956.0,13.0,60.0,1,0.0,1.5,9.0,0,0,0,FWD,Sunderland,Ipswich Town,False,2026-08-22T14:00:00Z,8,2.0,1.0
557,Tzolis,1,6,75,0,1,1,0,0,0,0,0,0,0,0,30,8.7,0.19,0.14,0.33,0.06,1,201603,44504,157099.0,26.0,65.0,1,17.0,39.8,30.0,2,3,1,MID,Arsenal,Coventry City,True,2026-08-21T19:00:00Z,1,3.0,0.0
28,Martinez,1,0,0,0,0,0,0,0,0,0,0,0,0,0,0,0.0,0.0,0.0,0.0,0.0,0,10741,48614,-37873.0,4.1,50.0,1,0.0,0.0,0.0,0,0,0,GK,Chelsea,Fulham,False,2026-08-24T19:00:00Z,10,2.0,3.0
29,M.Bizot,1,1,90,0,0,0,4,0,0,0,0,0,3,0,1,2.8,0.0,0.0,0.0,3.77,1,693,710,-17.0,0.1,45.0,1,28.2,0.0,0.0,2,6,0,GK,Aston Villa,Brighton,False,2026-08-23T13:00:00Z,3,4.0,0.0
34,Pau,1,0,73,0,0,0,4,0,0,0,0,0,0,0,-14,0.0,0.0,0.0,0.0,3.55,1,1755,4275,-2520.0,0.4,45.0,1,0.0,0.7,0.0,5,1,0,DEF,Aston Villa,Brighton,False,2026-08-23T13:00:00Z,3,4.0,0.0
35,Bogarde,1,1,16,0,0,0,0,0,0,0,0,0,0,0,3,0.3,0.0,0.0,0.0,0.22,0,585,831,-246.0,0.1,50.0,1,2.2,0.5,0.0,1,0,0,MID,Aston Villa,Brighton,False,2026-08-23T13:00:00Z,3,4.0,0.0
36,Maatsen,1,0,81,0,0,0,4,0,0,0,0,0,0,0,-9,1.3,0.03,0.0,0.03,3.62,1,2376,7438,-5062.0,0.8,45.0,1,9.2,0.8,3.0,7,2,2,DEF,Aston Villa,Brighton,False,2026-08-23T13:00:00Z,3,4.0,0.0
37,Lindelöf,1,-2,90,0,0,0,4,1,0,0,0,0,0,0,-13,0.2,0.0,0.0,0.0,3.77,1,1656,3476,-1820.0,0.3,45.0,1,1.8,0.1,0.0,3,1,0,DEF,Aston Villa,Brighton,False,2026-08-23T13:00:00Z,3,4.0,0.0
39,Nedeljkovic,1,0,0,0,0,0,0,0,0,0,0,0,0,0,0,0.0,0.0,0.0,0.0,0.0,0,0,6410,-6410.0,0.2,40.0,1,0.0,0.0,0.0,0,0,0,DEF,Aston Villa,Brighton,False,2026-08-23T13:00:00Z,3,4.0,0.0
41,Buendía,1,2,85,0,0,0,4,0,0,0,0,0,0,0,4,2.2,0.13,0.09,0.22,3.62,1,4371,17523,-13152.0,1.2,60.0,1,0.0,16.3,8.0,3,3,1,MID,Aston Villa,Brighton,False,2026-08-23T13:00:00Z,3,4.0,0.0
44,Bailey,1,0,0,0,0,0,0,0,0,0,0,0,0,0,0,0.0,0.0,0.0,0.0,0.0,0,901,2306,-1405.0,0.1,55.0,1,0.0,0.0,0.0,0,0,0,MID,Aston Villa,Brighton,False,2026-08-23T13:00:00Z,3,4.0,0.0
6,Saliba,1,0,0,0,0,0,0,0,0,0,0,0,0,0,0,0.0,0.0,0.0,0.0,0.0,0,788,6265,-5477.0,0.3,60.0,1,0.0,0.0,0.0,0,0,0,DEF,Arsenal,Coventry City,True,2026-08-21T19:00:00Z,1,3.0,0.0
7,Lewis-Skelly,1,3,90,0,0,1,0,0,0,0,0,0,0,0,15,4.1,0.06,0.11,0.17,0.2,1,8405,7709,696.0,0.7,55.0,1,11.0,22.9,7.0,1,5,1,MID,Arsenal,Coventry City,True,2026-08-21T19:00:00Z,1,3.0,0.0
8,Calafiori,1,9,80,0,1,1,0,0,0,0,0,0,0,0,31,4.2,0.04,0.09,0.13,0.06,1,278570,34684,243886.0,41.6,56.0,1,26.0,12.2,4.0,4,1,1,DEF,Arsenal,Coventry City,True,2026-08-21T19:00:00Z,1,3.0,0.0
9,Hincapie,1,1,9,0,0,0,0,0,0,0,0,0,0,0,3,0.1,0.0,0.0,0.0,0.15,0,3510,36007,-32497.0,1.5,54.0,1,0.4,0.5,0.0,0,0,0,DEF,Arsenal,Coventry City,True,2026-08-21T19:00:00Z,1,3.0,0.0
10,White,1,11,90,0,1,1,0,0,0,0,0,0,0,2,37,7.3,0.18,0.21,0.39,0.2,1,121537,20236,101301.0,6.5,55.0,1,33.2,26.8,13.0,4,3,1,DEF,Arsenal,Coventry City,True,2026-08-21T19:00:00Z,1,3.0,0.0
11,Mosquera,1,6,90,0,0,1,0,0,0,0,0,0,0,0,27,1.5,0.0,0.0,0.0,0.2,1,13722,36312,-22590.0,5.8,55.0,1,14.4,0.6,0.0,6,3,0,DEF,Arsenal,Coventry City,True,2026-08-21T19:00:00Z,1,3.0,0.0
12,Saka,1,9,67,1,0,1,0,0,0,0,0,0,0,1,36,10.2,0.64,0.08,0.72,0.06,1,77206,28185,49021.0,10.4,95.0,1,42.8,26.1,33.0,2,4,1,MID,Arsenal,Coventry City,True,2026-08-21T19:00:00Z,1,3.0,0.0
13,Rice,1,3,67,0,0,1,0,0,0,0,0,0,0,0,10,1.5,0.07,0.08,0.15,0.06,1,32020,131890,-99870.0,17.1,75.0,1,6.8,6.4,2.0,3,3,0,MID,Arsenal,Coventry City,True,2026-08-21T19:00:00Z,1,3.0,0.0
18,Martinelli,1,0,0,0,0,0,0,0,0,0,0,0,0,0,0,0.0,0.0,0.0,0.0,0.0,0,1144,6190,-5046.0,0.2,64.0,1,0.0,0.0,0.0,0,0,0,MID,Arsenal,Coventry City,True,2026-08-21T19:00:00Z,1,3.0,0.0
1,Raya,1,6,90,0,0,1,0,0,0,0,0,0,1,0,24,1.2,0.0,0.0,0.0,0.2,1,91769,68530,23239.0,38.3,60.0,1,11.8,0.0,0.0,1,8,0,GK,Arsenal,Coventry City,True,2026-08-21T19:00:00Z,1,3.0,0.0
2,Arrizabalaga,1,0,0,0,0,0,0,0,0,0,0,0,0,0,0,0.0,0.0,0.0,0.0,0.0,0,290,1191,-901.0,0.1,50.0,1,0.0,0.0,0.0,0,0,0,GK,Arsenal,Coventry City,True,2026-08-21T19:00:00Z,1,3.0,0.0
3,Meslier,1,0,0,0,0,0,0,0,0,0,0,0,0,0,0,0.0,0.0,0.0,0.0,0.0,0,93,429,-336.0,0.0,50.0,1,0.0,0.0,0.0,0,0,0,GK,Arsenal,Coventry City,True,2026-08-21T19:00:00Z,1,3.0,0.0
4,Gabriel,1,5,90,0,0,1,0,0,0,0,1,0,0,0,21,0.9,0.05,0.01,0.06,0.2,1,52011,103869,-51858.0,29.2,80.0,1,6.6,1.8,1.0,4,2,0,DEF,Arsenal,Coventry City,True,2026-08-21T19:00:00Z,1,3.0,0.0
5,J.Timber,1,0,0,0,0,0,0,0,0,0,0,0,0,0,0,0.0,0.0,0.0,0.0,0.0,0,368,2803,-2435.0,0.1,65.0,1,0.0,0.0,0.0,0,0,0,DEF,Arsenal,Coventry City,True,2026-08-21T19:00:00Z,1,3.0,0.0
45,McGinn,1,1,81,0,0,0,4,0,0,0,1,0,0,0,8,0.5,0.04,0.01,0.05,3.62,1,6811,36781,-29970.0,2.9,55.0,1,1.6,2.4,1.0,2,3,1,MID,Aston Villa,Brighton,False,2026-08-23T13:00:00Z,3,4.0,0.0
49,Iling Jr,1,0,0,0,0,0,0,0,0,0,0,0,0,0,0,0.0,0.0,0.0,0.0,0.0,0,0,115,-115.0,0.0,50.0,1,0.0,0.0,0.0,0,0,0,MID,Aston Villa,Brighton,False,2026-08-23T13:00:00Z,3,4.0,0.0
54,Gomes,1,-2,39,0,0,0,4,0,0,0,0,1,0,0,-2,1.2,0.0,0.01,0.01,2.58,1,131,1702,-1571.0,0.1,55.0,1,1.0,11.0,0.0,1,2,4,MID,Aston Villa,Brighton,False,2026-08-23T13:00:00Z,3,4.0,0.0
69,Scott,1,2,90,0,0,0,2,0,0,0,0,0,0,0,17,1.6,0.0,0.01,0.01,2.25,1,7030,10911,-3881.0,1.5,60.0,1,11.4,4.8,0.0,1,6,4,MID,Bournemouth,Man City,False,2026-08-23T13:00:00Z,7,2.0,1.0
573,Sanchez,1,0,0,0,0,0,0,0,0,0,0,0,0,0,0,0.0,0.0,0.0,0.0,0.0,0,417,1220,-803.0,0.2,45.0,1,0.0,0.0,0.0,0,0,0,DEF,Bournemouth,Man City,False,2026-08-23T13:00:00Z,7,2.0,1.0
106,Thiago,1,0,82,0,0,1,0,0,0,1,0,0,0,0,-3,1.4,1.0,0.08,1.08,0.5,1,80025,114699,-34674.0,16.7,80.0,1,2.2,4.0,8.0,1,4,0,FWD,Brentford,Spurs,True,2026-08-22T16:30:00Z,2,3.0,0.0
116,Dunk,1,6,90,0,0,1,0,0,0,0,0,0,0,0,24,2.0,0.0,0.04,0.04,0.29,1,11134,4320,6814.0,1.2,45.0,1,13.4,6.4,0.0,1,2,1,DEF,Brighton,Aston Villa,True,2026-08-23T13:00:00Z,3,4.0,0.0
127,Gomez,1,6,85,0,1,1,0,0,0,0,0,0,0,0,27,9.9,0.18,0.48,0.66,0.29,1,18192,13825,4367.0,3.8,50.0,1,33.0,25.1,41.0,2,1,3,MID,Brighton,Aston Villa,True,2026-08-23T13:00:00Z,3,4.0,0.0
504,Vuskovic,1,6,90,0,0,1,0,0,0,0,0,0,0,0,19,2.9,0.13,0.03,0.16,0.29,1,19228,10307,8921.0,2.5,50.0,1,12.4,4.5,12.0,4,2,0,DEF,Brighton,Aston Villa,True,2026-08-23T13:00:00Z,3,4.0,0.0
40,Rogers,1,8,81,1,0,0,2,0,0,0,0,0,0,1,37,13.1,0.96,0.1,1.06,1.24,1,208930,57840,151090.0,26.0,75.0,1,48.8,53.5,29.0,0,5,2,MID,Chelsea,Fulham,False,2026-08-24T19:00:00Z,10,2.0,3.0
153,Disasi,1,0,0,0,0,0,0,0,0,0,0,0,0,0,0,0.0,0.0,0.0,0.0,0.0,0,403,746,-343.0,0.1,45.0,1,0.0,0.0,0.0,0,0,0,DEF,Crystal Palace,Everton,False,2026-08-22T14:00:00Z,5,2.0,0.0
568,Barco,1,0,0,0,0,0,0,0,0,0,0,0,0,0,0,0.0,0.0,0.0,0.0,0.0,0,338,1382,-1044.0,0.1,55.0,1,0.0,0.0,0.0,0,0,0,MID,Chelsea,Fulham,False,2026-08-24T19:00:00Z,10,2.0,3.0
578,Mudryk,1,0,0,0,0,0,0,0,0,0,0,0,0,0,0,0.0,0.0,0.0,0.0,0.0,0,214,854,-640.0,0.0,55.0,1,0.0,0.0,0.0,0,0,0,MID,Spurs,Brentford,False,2026-08-22T16:30:00Z,2,3.0,0.0
171,Dovin,1,0,0,0,0,0,0,0,0,0,0,0,0,0,0,0.0,0.0,0.0,0.0,0.0,0,2054,5257,-3203.0,1.6,40.0,1,0.0,0.0,0.0,0,0,0,GK,Coventry City,Arsenal,False,2026-08-21T19:00:00Z,1,3.0,0.0
184,Grimes,1,2,90,0,0,0,3,0,0,0,0,0,0,0,14,1.7,0.0,0.01,0.01,1.88,1,1626,1318,308.0,0.2,50.0,1,13.4,3.7,0.0,4,3,0,MID,Coventry City,Arsenal,False,2026-08-21T19:00:00Z,1,3.0,0.0
234,Patterson,1,0,0,0,0,0,0,0,0,0,0,0,0,0,0,0.0,0.0,0.0,0.0,0.0,0,179,314,-135.0,0.0,45.0,1,0.0,0.0,0.0,0,0,0,DEF,Everton,Crystal Palace,True,2026-08-22T14:00:00Z,5,2.0,0.0
254,Robinson,1,1,81,0,0,0,3,0,0,0,0,0,0,0,4,5.0,0.13,0.04,0.17,2.21,1,9516,8175,1341.0,1.7,45.0,1,21.6,25.2,3.0,4,5,3,DEF,Fulham,Chelsea,True,2026-08-24T19:00:00Z,10,2.0,3.0
255,J.Cuenca,1,3,90,0,0,0,3,0,0,0,0,0,0,0,7,5.4,0.0,0.03,0.03,2.24,1,641,207,434.0,0.0,45.0,1,32.8,21.3,0.0,9,3,1,DEF,Fulham,Chelsea,True,2026-08-24T19:00:00Z,10,2.0,3.0
256,Tete,1,0,0,0,0,0,0,0,0,0,0,0,0,0,0,0.0,0.0,0.0,0.0,0.0,0,286,1690,-1404.0,0.3,45.0,1,0.0,0.0,0.0,0,0,0,DEF,Fulham,Chelsea,True,2026-08-24T19:00:00Z,10,2.0,3.0
257,Bassey,1,0,90,0,0,0,3,0,0,0,1,0,0,0,1,2.0,0.02,0.02,0.04,2.24,1,6045,5067,978.0,0.8,45.0,1,13.8,3.8,2.0,3,4,1,DEF,Fulham,Chelsea,True,2026-08-24T19:00:00Z,10,2.0,3.0
569,Gonzalo,1,6,90,1,0,0,3,0,0,0,0,0,0,0,33,8.2,0.73,0.01,0.74,2.24,1,104641,13822,90819.0,3.5,60.0,1,37.2,4.3,40.0,0,1,1,FWD,Fulham,Chelsea,True,2026-08-24T19:00:00Z,10,2.0,3.0
288,Dowell,1,0,0,0,0,0,0,0,0,0,0,0,0,0,0,0.0,0.0,0.0,0.0,0.0,0,1505,3626,-2121.0,0.4,45.0,1,0.0,0.0,0.0,0,0,0,MID,Hull City,Man Utd,True,2026-08-22T11:30:00Z,6,2.0,0.0
289,Crooks,1,2,90,0,0,1,0,0,0,0,1,0,0,0,9,2.1,0.0,0.0,0.0,1.83,1,8569,4805,3764.0,0.7,45.0,1,19.0,2.4,0.0,4,1,4,MID,Hull City,Man Utd,True,2026-08-22T11:30:00Z,6,2.0,0.0
290,Slater,1,6,90,0,1,1,0,0,0,0,0,0,0,0,20,3.8,0.0,0.44,0.44,1.83,1,74954,18861,56093.0,3.8,45.0,1,18.4,19.3,0.0,0,2,1,MID,Hull City,Man Utd,True,2026-08-22T11:30:00Z,6,2.0,0.0
291,Matazo,1,0,0,0,0,0,0,0,0,0,0,0,0,0,0,0.0,0.0,0.0,0.0,0.0,0,53,86,-33.0,0.0,45.0,1,0.0,0.0,0.0,0,0,0,MID,Hull City,Man Utd,True,2026-08-22T11:30:00Z,6,2.0,0.0
574,Hjertø-Dahl,1,0,0,0,0,0,0,0,0,0,0,0,0,0,0,0.0,0.0,0.0,0.0,0.0,0,273,797,-524.0,0.1,50.0,1,0.0,0.0,0.0,0,0,0,MID,Hull City,Man Utd,True,2026-08-22T11:30:00Z,6,2.0,0.0
576,Stroud,1,3,70,0,0,1,0,0,0,0,0,0,0,0,11,1.3,0.0,0.03,0.03,1.16,1,1190,469,721.0,0.1,50.0,1,8.4,4.8,0.0,1,2,3,MID,Hull City,Man Utd,True,2026-08-22T11:30:00Z,6,2.0,0.0
324,Mehmeti,1,0,0,0,0,0,0,0,0,0,0,0,0,0,0,0.0,0.0,0.0,0.0,0.0,0,44,562,-518.0,0.0,50.0,1,0.0,0.0,0.0,0,0,0,MID,Ipswich Town,Sunderland,True,2026-08-22T14:00:00Z,8,2.0,1.0
345,Tanaka,1,0,0,0,0,0,0,0,0,0,0,0,0,0,0,0.0,0.0,0.0,0.0,0.0,0,800,3635,-2835.0,0.2,50.0,1,0.0,0.0,0.0,0,0,0,MID,Leeds,Nott'm Forest,False,2026-08-22T14:00:00Z,4,0.0,1.0
346,Calvert-Lewin,1,1,90,0,0,1,0,0,0,0,1,0,0,0,-2,0.7,0.13,0.0,0.13,0.66,1,68330,148130,-79800.0,28.9,60.0,1,0.0,0.8,11.0,0,2,0,FWD,Leeds,Nott'm Forest,False,2026-08-22T14:00:00Z,4,0.0,1.0
347,Nmecha,1,0,0,0,0,0,0,0,0,0,0,0,0,0,0,0.0,0.0,0.0,0.0,0.0,0,1635,7810,-6175.0,0.5,55.0,1,0.0,0.0,0.0,0,0,0,FWD,Leeds,Nott'm Forest,False,2026-08-22T14:00:00Z,4,0.0,1.0
348,Piroe,1,0,0,0,0,0,0,0,0,0,0,0,0,0,0,0.0,0.0,0.0,0.0,0.0,0,0,4923,-4923.0,0.1,50.0,1,0.0,0.0,0.0,0,0,0,FWD,Leeds,Nott'm Forest,False,2026-08-22T14:00:00Z,4,0.0,1.0
357,Frimpong,1,0,90,0,0,0,2,0,0,0,1,0,0,0,3,6.1,0.01,0.09,0.1,1.58,1,20099,28684,-8585.0,3.4,55.0,1,13.6,37.8,10.0,1,3,1,DEF,Liverpool,Newcastle,False,2026-08-23T15:30:00Z,9,2.0,2.0
376,Bajcetic,1,0,0,0,0,0,0,0,0,0,0,0,0,0,0,0.0,0.0,0.0,0.0,0.0,0,7,27,-20.0,0.0,50.0,1,0.0,0.0,0.0,0,0,0,MID,Liverpool,Newcastle,False,2026-08-23T15:30:00Z,9,2.0,2.0
616,Bouaddi,1,0,0,0,0,0,0,0,0,0,0,0,0,0,0,0.0,0.0,0.0,0.0,0.0,0,1291,117,1174.0,0.0,55.0,1,0.0,0.0,0.0,0,0,0,MID,Man City,Bournemouth,True,2026-08-23T13:00:00Z,7,2.0,1.0
43,Tielemans,1,2,66,0,0,0,2,0,0,0,0,0,0,0,13,2.0,0.04,0.11,0.15,0.94,1,10754,30424,-19670.0,2.4,60.0,1,5.0,11.3,4.0,0,5,0,MID,Man Utd,Hull City,False,2026-08-22T11:30:00Z,6,2.0,0.0
425,Fredricson,1,0,0,0,0,0,0,0,0,0,0,0,0,0,0,0.0,0.0,0.0,0.0,0.0,0,0,643,-643.0,0.0,40.0,1,0.0,0.0,0.0,0,0,0,DEF,Man Utd,Hull City,False,2026-08-22T11:30:00Z,6,2.0,0.0
444,Jaouen,1,0,0,0,0,0,0,0,0,0,0,0,0,0,0,0.0,0.0,0.0,0.0,0.0,0,108,315,-207.0,0.0,45.0,1,0.0,0.0,0.0,0,0,0,GK,Newcastle,Liverpool,True,2026-08-23T15:30:00Z,9,2.0,2.0
445,Thiaw,1,3,90,0,0,0,2,0,0,0,0,0,0,0,0,3.8,0.0,0.0,0.0,2.98,1,16193,8954,7239.0,1.7,50.0,1,37.8,0.2,0.0,15,2,0,DEF,Newcastle,Liverpool,True,2026-08-23T15:30:00Z,9,2.0,2.0
446,Schär,1,1,1,0,0,0,1,0,0,0,0,0,0,0,-1,0.0,0.0,0.0,0.0,0.79,0,1702,1599,103.0,0.3,50.0,1,0.0,0.0,0.0,0,0,0,DEF,Newcastle,Liverpool,True,2026-08-23T15:30:00Z,9,2.0,2.0
447,Botman,1,3,90,0,0,0,2,0,0,0,0,0,0,0,4,3.3,0.0,0.01,0.01,2.98,1,7665,2819,4846.0,0.5,50.0,1,32.4,0.3,0.0,10,2,0,DEF,Newcastle,Liverpool,True,2026-08-23T15:30:00Z,9,2.0,2.0
448,Burn,1,0,0,0,0,0,0,0,0,0,0,0,0,0,0,0.0,0.0,0.0,0.0,0.0,0,6221,65899,-59678.0,1.7,50.0,1,0.0,0.0,0.0,0,0,0,DEF,Newcastle,Liverpool,True,2026-08-23T15:30:00Z,9,2.0,2.0
449,Hall,1,3,90,0,0,0,2,0,0,0,0,0,0,0,8,3.7,0.0,0.35,0.35,2.98,1,46292,16347,29945.0,4.1,50.0,1,22.0,15.2,0.0,6,8,5,DEF,Newcastle,Liverpool,True,2026-08-23T15:30:00Z,9,2.0,2.0
450,Livramento,1,0,0,0,0,0,0,0,0,0,0,0,0,0,0,0.0,0.0,0.0,0.0,0.0,0,83,1125,-1042.0,0.0,50.0,1,0.0,0.0,0.0,0,0,0,DEF,Newcastle,Liverpool,True,2026-08-23T15:30:00Z,9,2.0,2.0
451,A.Murphy,1,0,0,0,0,0,0,0,0,0,0,0,0,0,0,0.0,0.0,0.0,0.0,0.0,0,0,3065,-3065.0,0.1,40.0,1,0.0,0.0,0.0,0,0,0,DEF,Newcastle,Liverpool,True,2026-08-23T15:30:00Z,9,2.0,2.0
453,Barnes,1,2,90,0,0,0,2,0,0,0,0,0,0,0,12,1.7,0.07,0.02,0.09,2.98,1,10530,8344,2186.0,1.1,60.0,1,5.2,2.4,9.0,3,4,1,MID,Newcastle,Liverpool,True,2026-08-23T15:30:00Z,9,2.0,2.0
456,J.Ramsey,1,0,34,0,0,0,1,0,0,0,1,0,0,0,1,1.3,0.06,0.01,0.07,1.5,0,1267,3900,-2633.0,0.4,50.0,1,7.8,1.3,4.0,3,1,2,MID,Newcastle,Liverpool,True,2026-08-23T15:30:00Z,9,2.0,2.0
457,J.Murphy,1,0,14,0,0,0,1,0,0,0,1,0,0,0,-1,0.1,0.0,0.0,0.0,1.04,0,622,2191,-1569.0,0.2,60.0,1,0.0,0.1,2.0,1,1,0,MID,Newcastle,Liverpool,True,2026-08-23T15:30:00Z,9,2.0,2.0
458,Joelinton,1,0,0,0,0,0,0,0,0,0,0,0,0,0,0,0.0,0.0,0.0,0.0,0.0,0,41,953,-912.0,0.0,55.0,1,0.0,0.0,0.0,0,0,0,MID,Newcastle,Liverpool,True,2026-08-23T15:30:00Z,9,2.0,2.0
459,L.Miley,1,3,75,0,0,0,1,0,0,0,1,0,0,0,13,4.0,0.05,0.01,0.06,1.94,1,1138,435,703.0,0.1,55.0,1,15.6,21.4,3.0,6,6,1,MID,Newcastle,Liverpool,True,2026-08-23T15:30:00Z,9,2.0,2.0
460,Willock,1,6,34,1,0,0,1,0,0,0,0,0,0,0,28,6.1,0.09,0.17,0.26,1.5,0,6785,1565,5220.0,0.2,50.0,1,38.4,13.9,9.0,0,1,2,MID,Newcastle,Liverpool,True,2026-08-23T15:30:00Z,9,2.0,2.0
461,Touré,1,0,0,0,0,0,0,0,0,0,0,0,0,0,0,0.0,0.0,0.0,0.0,0.0,0,452,3658,-3206.0,0.2,60.0,1,0.0,0.0,0.0,0,0,0,MID,Newcastle,Liverpool,True,2026-08-23T15:30:00Z,9,2.0,2.0
462,Steur,1,1,55,0,0,0,1,0,0,0,0,0,0,0,3,0.2,0.0,0.0,0.0,1.48,1,671,849,-178.0,0.1,50.0,1,0.4,1.2,0.0,0,2,0,MID,Newcastle,Liverpool,True,2026-08-23T15:30:00Z,9,2.0,2.0
463,Woltemade,1,0,0,0,0,0,0,0,0,0,0,0,0,0,0,0.0,0.0,0.0,0.0,0.0,0,6429,26130,-19701.0,1.6,60.0,1,0.0,0.0,0.0,0,0,0,FWD,Newcastle,Liverpool,True,2026-08-23T15:30:00Z,9,2.0,2.0
464,Wissa,1,4,90,0,1,0,1,0,0,0,1,0,0,0,7,6.4,1.0,0.02,1.02,2.19,1,120715,19073,101642.0,3.2,60.0,1,20.0,16.3,28.0,1,3,4,FWD,Newcastle,Liverpool,True,2026-08-23T15:30:00Z,9,2.0,2.0
466,Neave,1,0,0,0,0,0,0,0,0,0,0,0,0,0,0,0.0,0.0,0.0,0.0,0.0,0,5658,7014,-1356.0,0.8,45.0,1,0.0,0.0,0.0,0,0,0,FWD,Newcastle,Liverpool,True,2026-08-23T15:30:00Z,9,2.0,2.0
559,Bamba,1,1,14,0,0,0,1,0,0,0,0,0,0,0,5,0.4,0.0,0.0,0.0,1.04,0,620,1412,-792.0,0.1,50.0,1,4.0,0.0,0.0,1,0,1,MID,Newcastle,Liverpool,True,2026-08-23T15:30:00Z,9,2.0,2.0
567,Horníček,1,1,90,0,0,0,2,0,0,0,1,0,5,0,12,4.1,0.0,0.0,0.0,2.98,1,4684,3506,1178.0,0.7,50.0,1,41.2,0.0,0.0,3,5,0,GK,Newcastle,Liverpool,True,2026-08-23T15:30:00Z,9,2.0,2.0
593,Dedić,1,1,90,0,0,0,2,0,0,0,0,0,0,0,-1,2.3,0.03,0.0,0.03,2.98,1,7974,1704,6270.0,0.3,45.0,1,16.4,1.2,5.0,7,2,2,DEF,Newcastle,Liverpool,True,2026-08-23T15:30:00Z,9,2.0,2.0
609,Shahar,1,0,0,0,0,0,0,0,0,0,0,0,0,0,0,0.0,0.0,0.0,0.0,0.0,0,3284,542,2742.0,0.1,40.0,1,0.0,0.0,0.0,0,0,0,DEF,Newcastle,Liverpool,True,2026-08-23T15:30:00Z,9,2.0,2.0
467,Sels,1,2,90,0,0,0,1,0,0,0,0,0,2,0,11,1.4,0.0,0.0,0.0,0.47,1,2594,9056,-6462.0,1.5,50.0,1,14.2,0.0,0.0,0,9,0,GK,Nott'm Forest,Leeds,True,2026-08-22T14:00:00Z,4,0.0,1.0
468,John,1,0,0,0,0,0,0,0,0,0,0,0,0,0,0,0.0,0.0,0.0,0.0,0.0,0,155,397,-242.0,0.1,45.0,1,0.0,0.0,0.0,0,0,0,GK,Nott'm Forest,Leeds,True,2026-08-22T14:00:00Z,4,0.0,1.0
469,N.Williams,1,2,90,0,0,0,1,0,0,0,0,0,0,0,13,2.7,0.0,0.02,0.02,0.47,1,12979,64439,-51460.0,9.1,50.0,1,15.2,5.8,6.0,3,10,3,DEF,Nott'm Forest,Leeds,True,2026-08-22T14:00:00Z,4,0.0,1.0
470,Morato,1,0,0,0,0,0,0,0,0,0,0,0,0,0,0,0.0,0.0,0.0,0.0,0.0,0,215,564,-349.0,0.0,50.0,1,0.0,0.0,0.0,0,0,0,DEF,Nott'm Forest,Leeds,True,2026-08-22T14:00:00Z,4,0.0,1.0
471,Milenković,1,2,90,0,0,0,1,0,0,0,0,0,0,0,4,2.2,0.11,0.02,0.13,0.47,1,2309,13196,-10887.0,1.8,55.0,1,7.6,0.6,14.0,7,6,0,DEF,Nott'm Forest,Leeds,True,2026-08-22T14:00:00Z,4,0.0,1.0
472,Murillo,1,4,90,0,0,0,1,0,0,0,0,0,0,0,15,5.8,0.0,0.28,0.28,0.47,1,7615,9258,-1643.0,1.7,55.0,1,32.2,25.9,0.0,12,3,2,DEF,Nott'm Forest,Leeds,True,2026-08-22T14:00:00Z,4,0.0,1.0
473,Aina,1,5,73,0,0,1,0,0,0,0,1,0,0,0,24,6.3,0.04,0.17,0.21,0.34,1,15487,18474,-2987.0,3.5,45.0,1,16.0,35.6,11.0,2,4,0,DEF,Nott'm Forest,Leeds,True,2026-08-22T14:00:00Z,4,0.0,1.0
474,Jair Cunha,1,1,90,0,0,0,1,0,0,0,1,0,0,0,5,2.2,0.0,0.0,0.0,0.47,1,238,1268,-1030.0,0.2,45.0,1,20.8,1.3,0.0,7,0,1,DEF,Nott'm Forest,Leeds,True,2026-08-22T14:00:00Z,4,0.0,1.0
475,Savona,1,0,0,0,0,0,0,0,0,0,0,0,0,0,0,0.0,0.0,0.0,0.0,0.0,0,66,41,25.0,0.0,45.0,1,0.0,0.0,0.0,0,0,0,DEF,Nott'm Forest,Leeds,True,2026-08-22T14:00:00Z,4,0.0,1.0
476,O.Richards,1,0,0,0,0,0,0,0,0,0,0,0,0,0,0,0.0,0.0,0.0,0.0,0.0,0,448,1725,-1277.0,0.2,40.0,1,0.0,0.0,0.0,0,0,0,DEF,Nott'm Forest,Leeds,True,2026-08-22T14:00:00Z,4,0.0,1.0
477,Abbott,1,0,0,0,0,0,0,0,0,0,0,0,0,0,0,0.0,0.0,0.0,0.0,0.0,0,907,1886,-979.0,0.3,40.0,1,0.0,0.0,0.0,0,0,0,DEF,Nott'm Forest,Leeds,True,2026-08-22T14:00:00Z,4,0.0,1.0
478,Netz,1,1,16,0,0,0,1,0,0,0,0,0,0,0,-2,0.1,0.0,0.0,0.0,0.13,0,100,248,-148.0,0.0,45.0,1,0.0,0.9,0.0,0,1,0,DEF,Nott'm Forest,Leeds,True,2026-08-22T14:00:00Z,4,0.0,1.0
479,Bindon,1,0,0,0,0,0,0,0,0,0,0,0,0,0,0,0.0,0.0,0.0,0.0,0.0,0,320,1212,-892.0,0.2,40.0,1,0.0,0.0,0.0,0,0,0,DEF,Nott'm Forest,Leeds,True,2026-08-22T14:00:00Z,4,0.0,1.0
480,Gibbs-White,1,2,90,0,0,0,1,0,0,0,0,0,0,0,10,2.4,0.13,0.06,0.19,0.47,1,7334,234081,-226747.0,8.8,80.0,1,0.0,9.3,16.0,1,2,0,MID,Nott'm Forest,Leeds,True,2026-08-22T14:00:00Z,4,0.0,1.0
484,Hutchinson,1,0,0,0,0,0,0,0,0,0,0,0,0,0,0,0.0,0.0,0.0,0.0,0.0,0,181,1808,-1627.0,0.2,55.0,1,0.0,0.0,0.0,0,0,0,MID,Nott'm Forest,Leeds,True,2026-08-22T14:00:00Z,4,0.0,1.0
485,Bakwa,1,0,0,0,0,0,0,0,0,0,0,0,0,0,0,0.0,0.0,0.0,0.0,0.0,0,107,321,-214.0,0.0,55.0,1,0.0,0.0,0.0,0,0,0,MID,Nott'm Forest,Leeds,True,2026-08-22T14:00:00Z,4,0.0,1.0
486,McAtee,1,3,73,0,0,1,0,0,0,0,0,0,0,0,18,5.4,0.0,0.16,0.16,0.34,1,535,384,151.0,0.1,55.0,1,11.6,42.5,0.0,2,5,1,MID,Nott'm Forest,Leeds,True,2026-08-22T14:00:00Z,4,0.0,1.0
487,Dominguez,1,0,0,0,0,0,0,0,0,0,0,0,0,0,0,0.0,0.0,0.0,0.0,0.0,0,191,897,-706.0,0.1,50.0,1,0.0,0.0,0.0,0,0,0,MID,Nott'm Forest,Leeds,True,2026-08-22T14:00:00Z,4,0.0,1.0
488,I.Sangaré,1,2,90,0,0,0,1,0,0,0,0,0,0,0,10,3.4,0.03,0.01,0.04,0.47,1,2707,9919,-7212.0,1.0,50.0,1,17.8,13.0,3.0,3,3,0,MID,Nott'm Forest,Leeds,True,2026-08-22T14:00:00Z,4,0.0,1.0
489,Yates,1,0,0,0,0,0,0,0,0,0,0,0,0,0,0,0.0,0.0,0.0,0.0,0.0,0,630,35144,-34514.0,1.4,45.0,1,0.0,0.0,0.0,0,0,0,MID,Nott'm Forest,Leeds,True,2026-08-22T14:00:00Z,4,0.0,1.0
490,Wood,1,1,28,0,0,0,1,0,0,0,0,0,0,0,3,0.4,0.12,0.01,0.13,0.22,0,4040,23353,-19313.0,1.6,60.0,1,0.0,2.4,3.0,0,1,0,FWD,Nott'm Forest,Leeds,True,2026-08-22T14:00:00Z,4,0.0,1.0
491,Igor Jesus,1,2,90,0,0,0,1,0,0,0,0,0,0,0,8,4.3,0.22,0.02,0.24,0.47,1,8826,44079,-35253.0,3.8,60.0,1,5.2,6.8,31.0,2,1,0,FWD,Nott'm Forest,Leeds,True,2026-08-22T14:00:00Z,4,0.0,1.0
493,Kalimuendo,1,1,1,0,0,0,0,0,0,0,0,0,0,0,3,0.0,0.0,0.0,0.0,0.0,0,293,613,-320.0,0.1,55.0,1,0.0,0.0,0.0,0,0,0,FWD,Nott'm Forest,Leeds,True,2026-08-22T14:00:00Z,4,0.0,1.0
558,Schlager,1,1,16,0,0,0,1,0,0,0,0,0,0,0,3,0.4,0.0,0.0,0.0,0.13,0,138,915,-777.0,0.1,50.0,1,0.6,1.0,2.0,0,1,0,MID,Nott'm Forest,Leeds,True,2026-08-22T14:00:00Z,4,0.0,1.0
581,Diomande,1,0,0,0,0,0,0,0,0,0,0,0,0,0,0,0.0,0.0,0.0,0.0,0.0,0,3240,10141,-6901.0,0.7,55.0,1,0.0,0.0,0.0,0,0,0,DEF,Nott'm Forest,Leeds,True,2026-08-22T14:00:00Z,4,0.0,1.0
590,Benda,1,0,0,0,0,0,0,0,0,0,0,0,0,0,0,0.0,0.0,0.0,0.0,0.0,0,545,473,72.0,0.1,45.0,1,0.0,0.0,0.0,0,0,0,GK,Nott'm Forest,Leeds,True,2026-08-22T14:00:00Z,4,0.0,1.0
112,Van Hecke,1,1,90,0,0,0,3,0,0,0,0,0,0,0,3,3.3,0.0,0.03,0.03,3.87,1,33148,83130,-49982.0,9.7,50.0,1,28.2,2.8,2.0,7,3,2,DEF,Spurs,Brentford,False,2026-08-22T16:30:00Z,2,3.0,0.0
403,Sávio,1,0,0,0,0,0,0,0,0,0,0,0,0,0,0,0.0,0.0,0.0,0.0,0.0,0,35557,5126,30431.0,0.7,65.0,1,0.0,0.0,0.0,0,0,0,MID,Spurs,Brentford,False,2026-08-22T16:30:00Z,2,3.0,0.0
455,Tonali,1,2,90,0,0,0,3,0,0,0,0,0,0,0,14,2.1,0.04,0.06,0.1,3.87,1,11484,43747,-32263.0,3.8,55.0,1,6.2,6.4,8.0,0,3,1,MID,Spurs,Brentford,False,2026-08-22T16:30:00Z,2,3.0,0.0
494,Vicario,1,0,0,0,0,0,0,0,0,0,0,0,0,0,0,0.0,0.0,0.0,0.0,0.0,0,0,10606,-10606.0,0.3,45.0,1,0.0,0.0,0.0,0,0,0,GK,Spurs,Brentford,False,2026-08-22T16:30:00Z,2,3.0,0.0
495,Austin,1,0,0,0,0,0,0,0,0,0,0,0,0,0,0,0.0,0.0,0.0,0.0,0.0,0,2721,3184,-463.0,0.9,40.0,1,0.0,0.0,0.0,0,0,0,GK,Spurs,Brentford,False,2026-08-22T16:30:00Z,2,3.0,0.0
496,Kinsky,1,2,90,0,0,0,3,0,0,0,0,0,5,0,15,4.4,0.0,0.0,0.0,3.87,1,29051,68529,-39478.0,22.8,45.0,1,43.6,0.0,0.0,4,12,0,GK,Spurs,Brentford,False,2026-08-22T16:30:00Z,2,3.0,0.0
497,Dubravka,1,0,0,0,0,0,0,0,0,0,0,0,0,0,0,0.0,0.0,0.0,0.0,0.0,0,29379,53575,-24196.0,18.6,40.0,1,0.0,0.0,0.0,0,0,0,GK,Spurs,Brentford,False,2026-08-22T16:30:00Z,2,3.0,0.0
500,Romero,1,0,0,0,0,0,0,0,0,0,0,0,0,0,0,0.0,0.0,0.0,0.0,0.0,0,0,10218,-10218.0,0.2,50.0,1,0.0,0.0,0.0,0,0,0,DEF,Spurs,Brentford,False,2026-08-22T16:30:00Z,2,3.0,0.0
501,Danso,1,0,0,0,0,0,0,0,0,0,0,0,0,0,0,0.0,0.0,0.0,0.0,0.0,0,941,2092,-1151.0,0.2,50.0,1,0.0,0.0,0.0,0,0,0,DEF,Sunderland,Ipswich Town,False,2026-08-22T14:00:00Z,8,2.0,1.0
502,Robertson,1,3,90,0,0,0,3,0,0,0,0,0,0,0,13,5.3,0.0,0.06,0.06,3.87,1,18425,19505,-1080.0,3.8,45.0,1,31.8,19.2,2.0,9,3,2,DEF,Spurs,Brentford,False,2026-08-22T16:30:00Z,2,3.0,0.0
503,Van de Ven,1,0,0,0,0,0,0,0,0,0,0,0,0,0,0,0.0,0.0,0.0,0.0,0.0,0,6301,118026,-111725.0,4.3,50.0,1,0.0,0.0,0.0,0,0,0,DEF,Spurs,Brentford,False,2026-08-22T16:30:00Z,2,3.0,0.0
505,Spence,1,0,0,0,0,0,0,0,0,0,0,0,0,0,0,0.0,0.0,0.0,0.0,0.0,0,0,43366,-43366.0,0.5,45.0,1,0.0,0.0,0.0,0,0,0,DEF,Spurs,Brentford,False,2026-08-22T16:30:00Z,2,3.0,0.0
506,Udogie,1,1,4,0,0,0,0,0,0,0,0,0,0,0,3,0.0,0.0,0.02,0.02,0.44,0,1532,3971,-2439.0,0.5,45.0,1,0.0,0.7,0.0,0,2,0,DEF,Spurs,Brentford,False,2026-08-22T16:30:00Z,2,3.0,0.0
507,Phillips,1,0,0,0,0,0,0,0,0,0,0,0,0,0,0,0.0,0.0,0.0,0.0,0.0,0,0,611,-611.0,0.0,45.0,1,0.0,0.0,0.0,0,0,0,DEF,Spurs,Brentford,False,2026-08-22T16:30:00Z,2,3.0,0.0
508,Davies,1,0,0,0,0,0,0,0,0,0,0,0,0,0,0,0.0,0.0,0.0,0.0,0.0,0,2566,7709,-5143.0,1.1,40.0,1,0.0,0.0,0.0,0,0,0,DEF,Spurs,Brentford,False,2026-08-22T16:30:00Z,2,3.0,0.0
509,Byfield,1,0,0,0,0,0,0,0,0,0,0,0,0,0,0,0.0,0.0,0.0,0.0,0.0,0,295,489,-194.0,0.1,40.0,1,0.0,0.0,0.0,0,0,0,DEF,Spurs,Brentford,False,2026-08-22T16:30:00Z,2,3.0,0.0
512,Kudus,1,0,0,0,0,0,0,0,0,0,0,0,0,0,0,0.0,0.0,0.0,0.0,0.0,0,246,2124,-1878.0,0.1,65.0,1,0.0,0.0,0.0,0,0,0,MID,Spurs,Brentford,False,2026-08-22T16:30:00Z,2,3.0,0.0
513,Xavi,1,0,0,0,0,0,0,0,0,0,0,0,0,0,0,0.0,0.0,0.0,0.0,0.0,0,68,319,-251.0,0.0,60.0,1,0.0,0.0,0.0,0,0,0,MID,Spurs,Brentford,False,2026-08-22T16:30:00Z,2,3.0,0.0
514,Tel,1,2,90,0,0,0,3,0,0,0,0,0,0,0,17,4.5,0.06,0.06,0.12,3.87,1,2978,8037,-5059.0,0.5,60.0,1,10.4,26.0,9.0,1,7,0,MID,Spurs,Brentford,False,2026-08-22T16:30:00Z,2,3.0,0.0
515,Maddison,1,1,22,0,0,0,0,0,0,0,0,0,0,0,6,2.1,0.0,0.01,0.01,0.85,0,2666,28014,-25348.0,1.1,65.0,1,4.4,8.3,8.0,1,1,0,MID,Spurs,Brentford,False,2026-08-22T16:30:00Z,2,3.0,0.0
516,Bentancur,1,1,45,0,0,0,1,0,0,0,0,0,0,0,8,1.7,0.0,0.01,0.01,2.18,0,476,1680,-1204.0,0.2,55.0,1,2.0,14.7,0.0,0,2,3,MID,Spurs,Brentford,False,2026-08-22T16:30:00Z,2,3.0,0.0
517,Odobert,1,0,0,0,0,0,0,0,0,0,0,0,0,0,0,0.0,0.0,0.0,0.0,0.0,0,12,18,-6.0,0.0,55.0,1,0.0,0.0,0.0,0,0,0,MID,Spurs,Brentford,False,2026-08-22T16:30:00Z,2,3.0,0.0
518,P.M.Sarr,1,0,0,0,0,0,0,0,0,0,0,0,0,0,0,0.0,0.0,0.0,0.0,0.0,0,49,9306,-9257.0,0.2,49.0,1,0.0,0.0,0.0,0,0,0,MID,Spurs,Brentford,False,2026-08-22T16:30:00Z,2,3.0,0.0
519,Gallagher,1,0,45,0,0,0,2,0,0,0,1,0,0,0,1,0.5,0.02,0.06,0.08,1.7,1,989,3840,-2851.0,0.3,55.0,1,0.0,5.5,1.0,0,2,1,MID,Spurs,Brentford,False,2026-08-22T16:30:00Z,2,3.0,0.0
520,Bergvall,1,1,45,0,0,0,2,0,0,0,0,0,0,0,2,0.0,0.0,0.01,0.01,1.7,1,556,1863,-1307.0,0.2,55.0,1,0.0,2.0,2.0,0,7,1,MID,Spurs,Brentford,False,2026-08-22T16:30:00Z,2,3.0,0.0
522,Gray,1,2,85,0,0,0,3,0,0,0,0,0,0,0,15,1.0,0.0,0.01,0.01,3.43,1,1458,2138,-680.0,0.2,50.0,1,6.2,3.3,0.0,2,2,1,MID,Spurs,Brentford,False,2026-08-22T16:30:00Z,2,3.0,0.0
523,Moore,1,2,67,0,0,0,3,0,0,0,0,0,0,0,10,7.5,0.38,0.02,0.4,3.02,1,1703,2063,-360.0,0.2,50.0,1,14.2,5.9,55.0,0,1,1,MID,Spurs,Brentford,False,2026-08-22T16:30:00Z,2,3.0,0.0
524,Olusesi,1,0,0,0,0,0,0,0,0,0,0,0,0,0,0,0.0,0.0,0.0,0.0,0.0,0,1898,8323,-6425.0,0.8,45.0,1,0.0,0.0,0.0,0,0,0,MID,Spurs,Brentford,False,2026-08-22T16:30:00Z,2,3.0,0.0
525,Fernandes,1,1,45,0,0,0,1,0,0,0,0,0,0,0,16,3.6,0.0,0.06,0.06,2.18,0,3609,26487,-22878.0,1.7,60.0,1,7.2,27.2,2.0,0,1,1,MID,Spurs,Brentford,False,2026-08-22T16:30:00Z,2,3.0,0.0
526,Solanke,1,1,22,0,0,0,0,0,0,0,0,0,0,0,3,0.5,0.07,0.0,0.07,0.85,0,5940,17232,-11292.0,1.3,60.0,1,0.0,0.0,5.0,0,0,0,FWD,Spurs,Brentford,False,2026-08-22T16:30:00Z,2,3.0,0.0
527,Richarlison,1,2,67,0,0,0,3,0,0,0,0,0,0,0,6,0.2,0.0,0.0,0.0,3.02,1,12150,33418,-21268.0,2.9,60.0,1,0.0,2.2,0.0,1,0,0,FWD,Spurs,Brentford,False,2026-08-22T16:30:00Z,2,3.0,0.0
528,Scarlett,1,0,0,0,0,0,0,0,0,0,0,0,0,0,0,0.0,0.0,0.0,0.0,0.0,0,11340,14995,-3655.0,1.7,45.0,1,0.0,0.0,0.0,0,0,0,FWD,Spurs,Brentford,False,2026-08-22T16:30:00Z,2,3.0,0.0
601,Williams-Barnett,1,0,0,0,0,0,0,0,0,0,0,0,0,0,0,0.0,0.0,0.0,0.0,0.0,0,2346,515,1831.0,0.1,45.0,1,0.0,0.0,0.0,0,0,0,MID,Spurs,Brentford,False,2026-08-22T16:30:00Z,2,3.0,0.0
529,Roefs,1,1,90,0,0,0,2,0,0,0,0,0,1,0,7,1.5,0.0,0.0,0.0,1.8,1,3887,24433,-20546.0,4.0,50.0,1,15.2,0.0,0.0,1,8,0,GK,Sunderland,Ipswich Town,False,2026-08-22T14:00:00Z,8,2.0,1.0
530,Patterson,1,0,0,0,0,0,0,0,0,0,0,0,0,0,0,0.0,0.0,0.0,0.0,0.0,0,0,2156,-2156.0,0.2,40.0,1,0.0,0.0,0.0,0,0,0,GK,Sunderland,Ipswich Town,False,2026-08-22T14:00:00Z,8,2.0,1.0
531,Ellborg,1,0,0,0,0,0,0,0,0,0,0,0,0,0,0,0.0,0.0,0.0,0.0,0.0,0,183,726,-543.0,0.1,45.0,1,0.0,0.0,0.0,0,0,0,GK,Sunderland,Ipswich Town,False,2026-08-22T14:00:00Z,8,2.0,1.0
532,Ballard,1,0,90,0,0,0,2,0,0,0,1,0,0,0,4,1.9,0.0,0.01,0.01,1.8,1,10362,40236,-29874.0,5.1,50.0,1,18.2,1.2,0.0,7,0,2,DEF,Sunderland,Ipswich Town,False,2026-08-22T14:00:00Z,8,2.0,1.0
533,Mukiele,1,0,0,0,0,0,0,0,0,0,0,0,0,0,0,0.0,0.0,0.0,0.0,0.0,0,4873,29864,-24991.0,2.6,55.0,1,0.0,0.0,0.0,0,0,0,DEF,Sunderland,Ipswich Town,False,2026-08-22T14:00:00Z,8,2.0,1.0
534,Hume,1,2,79,0,0,0,1,0,0,0,0,0,0,0,14,6.2,0.04,0.27,0.31,1.69,1,11115,31471,-20356.0,6.4,45.0,1,9.4,39.4,13.0,1,6,3,DEF,Sunderland,Ipswich Town,False,2026-08-22T14:00:00Z,8,2.0,1.0
535,Alderete,1,1,23,0,0,0,1,0,0,0,0,0,0,0,2,0.0,0.0,0.01,0.01,0.1,0,2321,4010,-1689.0,0.5,50.0,1,0.0,0.6,0.0,0,2,0,DEF,Sunderland,Ipswich Town,False,2026-08-22T14:00:00Z,8,2.0,1.0
536,Reinildo,1,1,90,0,0,0,2,0,0,0,0,0,0,0,9,5.5,0.0,0.29,0.29,1.8,1,797,2833,-2036.0,0.5,45.0,1,23.0,27.5,4.0,5,5,3,DEF,Sunderland,Ipswich Town,False,2026-08-22T14:00:00Z,8,2.0,1.0
537,Seelt,1,0,0,0,0,0,0,0,0,0,0,0,0,0,0,0.0,0.0,0.0,0.0,0.0,0,52,112,-60.0,0.0,45.0,1,0.0,0.0,0.0,0,0,0,DEF,Sunderland,Ipswich Town,False,2026-08-22T14:00:00Z,8,2.0,1.0
538,Hjelde,1,0,0,0,0,0,0,0,0,0,0,0,0,0,0,0.0,0.0,0.0,0.0,0.0,0,0,920,-920.0,0.1,40.0,1,0.0,0.0,0.0,0,0,0,DEF,Sunderland,Ipswich Town,False,2026-08-22T14:00:00Z,8,2.0,1.0
539,O'Nien,1,1,66,0,0,0,1,0,0,0,1,0,0,0,1,1.7,0.01,0.01,0.02,1.69,1,4087,14559,-10472.0,3.5,40.0,1,11.4,1.4,4.0,4,4,1,DEF,Sunderland,Ipswich Town,False,2026-08-22T14:00:00Z,8,2.0,1.0
540,Masuaku,1,0,0,0,0,0,0,0,0,0,0,0,0,0,0,0.0,0.0,0.0,0.0,0.0,0,0,4460,-4460.0,0.2,40.0,1,0.0,0.0,0.0,0,0,0,DEF,Sunderland,Ipswich Town,False,2026-08-22T14:00:00Z,8,2.0,1.0
541,Meunier,1,1,90,0,0,0,2,0,0,0,0,0,0,0,5,3.0,0.08,0.08,0.16,1.8,1,836,1399,-563.0,0.3,45.0,1,13.8,5.3,11.0,2,3,2,DEF,Sunderland,Ipswich Town,False,2026-08-22T14:00:00Z,8,2.0,1.0
542,E.Le Fée,1,2,79,0,0,0,1,0,0,0,0,0,0,0,13,1.5,0.0,0.03,0.03,1.69,1,9030,93324,-84294.0,8.9,60.0,1,4.6,9.9,0.0,0,1,1,MID,Sunderland,Ipswich Town,False,2026-08-22T14:00:00Z,8,2.0,1.0
543,Diarra,1,1,10,0,0,0,1,0,0,0,0,0,0,0,3,0.3,0.03,0.0,0.03,0.1,0,267,973,-706.0,0.1,55.0,1,0.4,0.6,2.0,0,0,0,MID,Sunderland,Ipswich Town,False,2026-08-22T14:00:00Z,8,2.0,1.0
544,Xhaka,1,9,90,0,1,0,2,0,0,0,0,0,0,2,31,5.0,0.0,0.09,0.09,1.8,1,34303,15172,19131.0,4.6,55.0,1,18.8,31.4,0.0,2,8,3,MID,Sunderland,Ipswich Town,False,2026-08-22T14:00:00Z,8,2.0,1.0
545,Sadiki,1,2,90,0,0,0,2,0,0,0,0,0,0,0,18,7.2,0.06,0.03,0.09,1.8,1,971,2930,-1959.0,0.3,50.0,1,14.6,32.1,25.0,0,2,0,MID,Sunderland,Ipswich Town,False,2026-08-22T14:00:00Z,8,2.0,1.0
546,Adingra,1,0,0,0,0,0,0,0,0,0,0,0,0,0,0,0.0,0.0,0.0,0.0,0.0,0,48,3143,-3095.0,0.1,50.0,1,0.0,0.0,0.0,0,0,0,MID,Sunderland,Ipswich Town,False,2026-08-22T14:00:00Z,8,2.0,1.0
547,Mundle,1,0,0,0,0,0,0,0,0,0,0,0,0,0,0,0.0,0.0,0.0,0.0,0.0,0,35,139,-104.0,0.0,50.0,1,0.0,0.0,0.0,0,0,0,MID,Sunderland,Ipswich Town,False,2026-08-22T14:00:00Z,8,2.0,1.0
548,Rigg,1,1,10,0,0,0,1,0,0,0,0,0,0,0,3,0.0,0.0,0.0,0.0,0.1,0,94,508,-414.0,0.1,50.0,1,0.0,0.3,0.0,0,1,0,MID,Sunderland,Ipswich Town,False,2026-08-22T14:00:00Z,8,2.0,1.0
549,Talbi,1,1,31,0,0,0,1,0,0,0,0,0,0,0,1,0.0,0.0,0.0,0.0,0.14,0,256,2320,-2064.0,0.2,55.0,1,0.0,0.9,0.0,0,2,0,MID,Sunderland,Ipswich Town,False,2026-08-22T14:00:00Z,8,2.0,1.0
553,Isidor,1,1,23,0,0,0,1,0,0,0,0,0,0,0,3,0.0,0.0,0.0,0.0,0.1,0,2114,10429,-8315.0,0.9,55.0,1,0.0,0.2,0.0,0,0,0,FWD,Sunderland,Ipswich Town,False,2026-08-22T14:00:00Z,8,2.0,1.0
612,Methalie,1,0,0,0,0,0,0,0,0,0,0,0,0,0,0,0.0,0.0,0.0,0.0,0.0,0,77,14,63.0,0.0,45.0,1,0.0,0.0,0.0,0,0,0,DEF,Sunderland,Ipswich Town,False,2026-08-22T14:00:00Z,8,2.0,1.0
613,Ahoka,1,0,0,0,0,0,0,0,0,0,0,0,0,0,0,0.0,0.0,0.0,0.0,0.0,0,1362,199,1163.0,0.0,45.0,1,0.0,0.0,0.0,0,0,0,MID,Sunderland,Ipswich Town,False,2026-08-22T14:00:00Z,8,2.0,1.0
