element,name,GW,total_points,minutes,goals_scored,assists,clean_sheets,goals_conceded,own_goals,penalties_saved,penalties_missed,yellow_cards,red_cards,saves,bonus,bps,ict_index,expected_goals,expected_assists,expected_goal_involvements,expected_goals_conceded,starts,transfers_in,transfers_out,transfers_balance,selected,value,round,influence,creativity,threat,clearances_blocks_interceptions,recoveries,tackles,position,team,opponent_team,was_home,kickoff_time,fixture,team_h_score,team_a_score
19,Zubimendi,1,1,22,0,0,0,0,0,0,0,0,0,0,0,3,0.6,0.0,0.02,0.02,0.15,0,1414,17709,-16295.0,1.0,55.0,1,3.8,2.3,0.0,0,2,1,MID,Arsenal,Coventry City,1,2026-08-21T19:00:00Z,1,3.0,0.0
52,Alysson,1,1,8,0,0,0,0,0,0,0,0,0,0,0,5,0.4,0.0,0.0,0.0,0.14,0,317,508,-191.0,0.0,50.0,1,4.0,0.0,0.0,1,1,1,MID,Aston Villa,Brighton,0,2026-08-23T13:00:00Z,3,4.0,0.0
53,Manzambi,1,0,0,0,0,0,0,0,0,0,0,0,0,0,0,0.0,0.0,0.0,0.0,0.0,0,210,8065,-7855.0,0.2,60.0,1,0.0,0.0,0.0,0,0,0,MID,Aston Villa,Brighton,0,2026-08-23T13:00:00Z,3,4.0,0.0
55,Watkins,1,0,0,0,0,0,0,0,0,0,0,0,0,0,0,0.0,0.0,0.0,0.0,0.0,0,10109,216383,-206274.0,8.1,79.0,1,0.0,0.0,0.0,0,0,0,FWD,Aston Villa,Brighton,0,2026-08-23T13:00:00Z,3,4.0,0.0
56,Abraham,1,0,0,0,0,0,0,0,0,0,0,0,0,0,0,0.0,0.0,0.0,0.0,0.0,0,531,2261,-1730.0,0.1,55.0,1,0.0,0.0,0.0,0,0,0,FWD,Aston Villa,Brighton,0,2026-08-23T13:00:00Z,3,4.0,0.0
160,Garnacho,1,1,4,0,0,0,0,0,0,0,0,0,0,0,2,0.0,0.0,0.0,0.0,0.14,0,1852,8985,-7133.0,0.6,60.0,1,0.0,0.0,0.0,0,0,0,MID,Aston Villa,Brighton,0,2026-08-23T13:00:00Z,3,4.0,0.0
582,Madjo,1,0,0,0,0,0,0,0,0,0,0,0,0,0,0,0.0,0.0,0.0,0.0,0.0,0,1105,7527,-6422.0,0.4,55.0,1,0.0,0.0,0.0,0,0,0,FWD,Aston Villa,Brighton,0,2026-08-23T13:00:00Z,3,4.0,0.0
596,Ruggeri,1,1,8,0,0,0,0,0,0,0,0,0,0,0,3,0.4,0.0,0.0,0.0,0.14,0,785,908,-123.0,0.1,45.0,1,4.0,0.0,0.0,0,0,2,DEF,Aston Villa,Brighton,0,2026-08-23T13:00:00Z,3,4.0,0.0
597,Suzuki,1,0,0,0,0,0,0,0,0,0,0,0,0,0,0,0.0,0.0,0.0,0.0,0.0,0,3669,5667,-1998.0,0.8,50.0,1,0.0,0.0,0.0,0,0,0,GK,Aston Villa,Brighton,0,2026-08-23T13:00:00Z,3,4.0,0.0
606,Rowe,1,0,0,0,0,0,0,0,0,0,0,0,0,0,0,0.0,0.0,0.0,0.0,0.0,0,1264,206,1058.0,0.1,40.0,1,0.0,0.0,0.0,0,0,0,DEF,Aston Villa,Brighton,0,2026-08-23T13:00:00Z,3,4.0,0.0
607,Lynch,1,0,0,0,0,0,0,0,0,0,0,0,0,0,0,0.0,0.0,0.0,0.0,0.0,0,3333,739,2594.0,0.1,45.0,1,0.0,0.0,0.0,0,0,0,MID,Aston Villa,Brighton,0,2026-08-23T13:00:00Z,3,4.0,0.0
611,Wan-Bissaka,1,0,0,0,0,0,0,0,0,0,0,0,0,0,0,0.0,0.0,0.0,0.0,0.0,0,1151,111,1040.0,0.0,45.0,1,0.0,0.0,0.0,0,0,0,DEF,Aston Villa,Brighton,0,2026-08-23T13:00:00Z,3,4.0,0.0
57,Petrović,1,2,90,0,0,0,2,0,0,0,0,0,4,0,13,3.7,0.0,0.0,0.0,2.25,1,20207,11525,8682.0,3.3,45.0,1,36.8,0.0,0.0,2,5,0,GK,Bournemouth,Man City,0,2026-08-23T13:00:00Z,7,2.0,1.0
58,Forster,1,0,0,0,0,0,0,0,0,0,0,0,0,0,0,0.0,0.0,0.0,0.0,0.0,0,7938,8904,-966.0,3.2,40.0,1,0.0,0.0,0.0,0,0,0,GK,Bournemouth,Man City,0,2026-08-23T13:00:00Z,7,2.0,1.0
59,Dennis,1,0,0,0,0,0,0,0,0,0,0,0,0,0,0,0.0,0.0,0.0,0.0,0.0,0,1133,1057,76.0,0.2,40.0,1,0.0,0.0,0.0,0,0,0,GK,Bournemouth,Man City,0,2026-08-23T13:00:00Z,7,2.0,1.0
60,Hill,1,1,90,0,0,0,2,0,0,0,0,0,0,0,0,1.2,0.0,0.0,0.0,2.25,1,7413,5686,1727.0,0.9,55.0,1,11.6,0.3,0.0,5,1,1,DEF,Bournemouth,Man City,0,2026-08-23T13:00:00Z,7,2.0,1.0
61,Truffert,1,1,90,0,0,0,2,0,0,0,0,0,0,0,0,1.7,0.0,0.0,0.0,2.25,1,16851,21574,-4723.0,4.2,55.0,1,15.4,1.3,0.0,5,7,2,DEF,Bournemouth,Man City,0,2026-08-23T13:00:00Z,7,2.0,1.0
63,Milosavljević,1,0,0,0,0,0,0,0,0,0,0,0,0,0,0,0.0,0.0,0.0,0.0,0.0,0,70,266,-196.0,0.0,50.0,1,0.0,0.0,0.0,0,0,0,DEF,Bournemouth,Man City,0,2026-08-23T13:00:00Z,7,2.0,1.0
64,Smith,1,1,90,0,0,0,2,0,0,0,0,0,0,0,4,0.8,0.0,0.0,0.0,2.25,1,2313,868,1445.0,0.1,45.0,1,7.0,0.6,0.0,4,3,1,DEF,Bournemouth,Man City,0,2026-08-23T13:00:00Z,7,2.0,1.0
62,Diakité,1,0,0,0,0,0,0,0,0,0,0,0,0,0,0,0.0,0.0,0.0,0.0,0.0,0,2466,2076,390.0,0.2,50.0,1,0.0,0.0,0.0,0,0,0,DEF,Bournemouth,Man City,0,2026-08-23T13:00:00Z,7,2.0,1.0
65,J.Araujo,1,0,0,0,0,0,0,0,0,0,0,0,0,0,0,0.0,0.0,0.0,0.0,0.0,0,79,467,-388.0,0.0,45.0,1,0.0,0.0,0.0,0,0,0,DEF,Bournemouth,Man City,0,2026-08-23T13:00:00Z,7,2.0,1.0
66,Soler,1,0,0,0,0,0,0,0,0,0,0,0,0,0,0,0.0,0.0,0.0,0.0,0.0,0,364,2189,-1825.0,0.2,40.0,1,0.0,0.0,0.0,0,0,0,DEF,Bournemouth,Man City,0,2026-08-23T13:00:00Z,7,2.0,1.0
67,Rayan,1,2,88,0,0,0,1,0,0,0,0,0,0,0,9,3.5,0.04,0.03,0.07,2.06,1,19726,18633,1093.0,2.8,65.0,1,6.2,11.3,17.0,1,0,0,MID,Bournemouth,Man City,0,2026-08-23T13:00:00Z,7,2.0,1.0
68,Tavernier,1,10,90,1,0,0,2,0,0,0,0,0,0,3,32,7.5,0.4,0.08,0.48,2.25,1,63308,10016,53292.0,2.3,60.0,1,40.0,17.2,18.0,2,4,2,MID,Bournemouth,Man City,0,2026-08-23T13:00:00Z,7,2.0,1.0
70,Kluivert,1,3,74,0,0,1,0,0,0,0,0,0,0,0,15,4.2,0.11,0.0,0.11,1.94,1,12612,8059,4553.0,1.2,60.0,1,11.0,14.3,17.0,1,5,3,MID,Bournemouth,Man City,0,2026-08-23T13:00:00Z,7,2.0,1.0
71,Cook,1,3,75,0,0,1,0,0,0,0,0,0,0,0,8,0.7,0.0,0.0,0.0,1.94,1,2614,1414,1200.0,0.2,50.0,1,4.6,2.1,0.0,3,3,1,MID,Bournemouth,Man City,0,2026-08-23T13:00:00Z,7,2.0,1.0
72,Gannon-Doak,1,1,1,0,0,0,1,0,0,0,0,0,0,0,3,0.2,0.0,0.0,0.0,0.19,0,329,741,-412.0,0.1,50.0,1,0.2,0.1,2.0,0,1,0,MID,Bournemouth,Man City,0,2026-08-23T13:00:00Z,7,2.0,1.0
73,Adams,1,1,15,0,0,0,2,0,0,0,0,0,0,0,4,0.4,0.0,0.0,0.0,0.31,0,2530,2599,-69.0,0.2,50.0,1,3.6,0.6,0.0,3,0,0,MID,Bournemouth,Man City,0,2026-08-23T13:00:00Z,7,2.0,1.0
74,Brooks,1,0,0,0,0,0,0,0,0,0,0,0,0,0,0,0.0,0.0,0.0,0.0,0.0,0,480,601,-121.0,0.1,50.0,1,0.0,0.0,0.0,0,0,0,MID,Bournemouth,Man City,0,2026-08-23T13:00:00Z,7,2.0,1.0
75,Christie,1,0,0,0,0,0,0,0,0,0,0,0,0,0,0,0.0,0.0,0.0,0.0,0.0,0,438,166,272.0,0.0,50.0,1,0.0,0.0,0.0,0,0,0,MID,Bournemouth,Man City,0,2026-08-23T13:00:00Z,7,2.0,1.0
76,Tóth.A,1,1,15,0,0,0,2,0,0,0,0,0,0,0,5,0.3,0.0,0.0,0.0,0.31,0,87,128,-41.0,0.0,50.0,1,2.8,0.6,0.0,0,1,1,MID,Bournemouth,Man City,0,2026-08-23T13:00:00Z,7,2.0,1.0
77,Adli,1,0,0,0,0,0,0,0,0,0,0,0,0,0,0,0.0,0.0,0.0,0.0,0.0,0,47,893,-846.0,0.0,50.0,1,0.0,0.0,0.0,0,0,0,MID,Bournemouth,Man City,0,2026-08-23T13:00:00Z,7,2.0,1.0
78,Kroupi.Jr,1,0,0,0,0,0,0,0,0,0,0,0,0,0,0,0.0,0.0,0.0,0.0,0.0,0,429,12033,-11604.0,0.3,75.0,1,0.0,0.0,0.0,0,0,0,MID,Bournemouth,Man City,0,2026-08-23T13:00:00Z,7,2.0,1.0
79,Evanilson,1,4,74,0,1,1,0,0,0,0,1,0,0,0,17,3.3,0.0,0.21,0.21,1.94,1,57477,15649,41828.0,2.9,60.0,1,19.4,11.9,2.0,4,3,1,FWD,Bournemouth,Man City,0,2026-08-23T13:00:00Z,7,2.0,1.0
80,Enes Ünal,1,0,0,0,0,0,0,0,0,0,0,0,0,0,0,0.0,0.0,0.0,0.0,0.0,0,0,977,-977.0,0.0,55.0,1,0.0,0.0,0.0,0,0,0,FWD,Bournemouth,Man City,0,2026-08-23T13:00:00Z,7,2.0,1.0
81,Rodríguez,1,0,0,0,0,0,0,0,0,0,0,0,0,0,0,0.0,0.0,0.0,0.0,0.0,0,845,1073,-228.0,0.1,60.0,1,0.0,0.0,0.0,0,0,0,FWD,Bournemouth,Man City,0,2026-08-23T13:00:00Z,7,2.0,1.0
566,Silva,1,2,90,0,0,0,2,0,0,0,1,0,0,0,5,3.2,0.0,0.0,0.0,2.25,1,5555,1822,3733.0,0.4,50.0,1,31.4,0.3,0.0,13,1,0,DEF,Bournemouth,Man City,0,2026-08-23T13:00:00Z,7,2.0,1.0
608,Jebbison,1,1,15,0,0,0,2,0,0,0,0,0,0,0,6,2.1,0.1,0.0,0.1,0.31,0,2023,340,1683.0,0.0,50.0,1,3.4,0.8,17.0,0,1,0,FWD,Bournemouth,Man City,0,2026-08-23T13:00:00Z,7,2.0,1.0
22,Nwaneri,1,0,0,0,0,0,0,0,0,0,0,0,0,0,0,0.0,0.0,0.0,0.0,0.0,0,68,291,-223.0,0.0,55.0,1,0.0,0.0,0.0,0,0,0,MID,Arsenal,Coventry City,1,2026-08-21T19:00:00Z,1,3.0,0.0
23,Fábio Vieira,1,0,0,0,0,0,0,0,0,0,0,0,0,0,0,0.0,0.0,0.0,0.0,0.0,0,69,189,-120.0,0.0,55.0,1,0.0,0.0,0.0,0,0,0,MID,Arsenal,Coventry City,1,2026-08-21T19:00:00Z,1,3.0,0.0
615,Di Gregorio,1,0,0,0,0,0,0,0,0,0,0,0,0,0,0,0.0,0.0,0.0,0.0,0.0,0,83,9,74.0,0.0,45.0,1,0.0,0.0,0.0,0,0,0,GK,Bournemouth,Man City,0,2026-08-23T13:00:00Z,7,2.0,1.0
82,Kelleher,1,7,90,0,0,1,0,0,0,0,0,0,4,0,34,3.1,0.0,0.01,0.01,0.57,1,63717,16446,47271.0,6.5,50.0,1,31.4,0.0,0.0,0,5,0,GK,Brentford,Spurs,1,2026-08-22T16:30:00Z,2,3.0,0.0
83,Valdimarsson,1,0,0,0,0,0,0,0,0,0,0,0,0,0,0,0.0,0.0,0.0,0.0,0.0,0,569,762,-193.0,0.1,45.0,1,0.0,0.0,0.0,0,0,0,GK,Brentford,Spurs,1,2026-08-22T16:30:00Z,2,3.0,0.0
84,Collins,1,6,90,0,0,1,0,0,0,0,0,0,0,0,21,5.0,0.34,0.04,0.38,0.57,1,21651,7704,13947.0,2.1,55.0,1,11.6,21.5,17.0,3,3,0,DEF,Brentford,Spurs,1,2026-08-22T16:30:00Z,2,3.0,0.0
85,Van den Berg,1,0,0,0,0,0,0,0,0,0,0,0,0,0,0,0.0,0.0,0.0,0.0,0.0,0,138,3772,-3634.0,0.1,50.0,1,0.0,0.0,0.0,0,0,0,DEF,Brentford,Spurs,1,2026-08-22T16:30:00Z,2,3.0,0.0
86,Lewis-Potter,1,10,90,1,0,1,0,0,0,0,0,0,0,2,37,8.2,0.77,0.12,0.89,0.57,1,39431,5593,33838.0,1.0,55.0,1,47.2,15.9,19.0,4,5,1,MID,Brentford,Spurs,1,2026-08-22T16:30:00Z,2,3.0,0.0
87,Ajer,1,8,90,0,0,1,0,0,0,0,0,0,0,0,29,5.6,0.11,0.02,0.13,0.57,1,53683,11186,42497.0,4.0,45.0,1,20.0,0.9,35.0,8,3,2,DEF,Brentford,Spurs,1,2026-08-22T16:30:00Z,2,3.0,0.0
88,Kayode,1,13,75,1,0,1,0,0,0,0,0,0,0,1,36,8.1,0.5,0.0,0.5,0.47,1,273528,17595,255933.0,7.2,46.0,1,33.8,1.5,46.0,4,5,0,DEF,Brentford,Spurs,1,2026-08-22T16:30:00Z,2,3.0,0.0
89,Henry,1,0,0,0,0,0,0,0,0,0,0,0,0,0,0,0.0,0.0,0.0,0.0,0.0,0,487,1810,-1323.0,0.2,45.0,1,0.0,0.0,0.0,0,0,0,DEF,Brentford,Spurs,1,2026-08-22T16:30:00Z,2,3.0,0.0
90,Hickey,1,1,14,0,0,0,0,0,0,0,0,0,0,0,2,0.0,0.0,0.0,0.0,0.1,0,533,456,77.0,0.1,45.0,1,0.0,0.3,0.0,0,2,0,DEF,Brentford,Spurs,1,2026-08-22T16:30:00Z,2,3.0,0.0
91,Pinnock,1,0,0,0,0,0,0,0,0,0,0,0,0,0,0,0.0,0.0,0.0,0.0,0.0,0,395,819,-424.0,0.1,45.0,1,0.0,0.0,0.0,0,0,0,DEF,Coventry City,Arsenal,0,2026-08-21T19:00:00Z,1,3.0,0.0
92,Ji-soo,1,0,0,0,0,0,0,0,0,0,0,0,0,0,0,0.0,0.0,0.0,0.0,0.0,0,104,172,-68.0,0.0,45.0,1,0.0,0.0,0.0,0,0,0,DEF,Brentford,Spurs,1,2026-08-22T16:30:00Z,2,3.0,0.0
93,Schuster,1,0,0,0,0,0,0,0,0,0,0,0,0,0,0,0.0,0.0,0.0,0.0,0.0,0,127,989,-862.0,0.2,45.0,1,0.0,0.0,0.0,0,0,0,DEF,Brentford,Spurs,1,2026-08-22T16:30:00Z,2,3.0,0.0
94,Schade,1,3,90,0,0,1,0,0,0,0,0,0,0,0,17,8.5,0.52,0.01,0.53,0.57,1,19001,20755,-1754.0,3.5,60.0,1,14.4,11.8,59.0,1,5,3,MID,Brentford,Spurs,1,2026-08-22T16:30:00Z,2,3.0,0.0
95,O.Dango,1,3,66,0,0,1,0,0,0,0,0,0,0,0,6,4.7,0.05,0.29,0.34,0.47,1,6275,8664,-2389.0,1.1,65.0,1,1.0,30.8,15.0,2,4,0,MID,Brentford,Spurs,1,2026-08-22T16:30:00Z,2,3.0,0.0
96,Damsgaard,1,1,14,0,0,0,0,0,0,0,0,0,0,0,6,3.4,0.0,0.11,0.11,0.1,0,1845,6238,-4393.0,0.5,55.0,1,7.6,26.3,0.0,0,3,1,MID,Brentford,Spurs,1,2026-08-22T16:30:00Z,2,3.0,0.0
46,Barkley,1,2,73,0,0,0,4,0,0,0,0,0,0,0,11,3.8,0.1,0.02,0.12,3.55,1,1626,2299,-673.0,0.2,50.0,1,9.4,21.4,7.0,1,0,0,MID,Aston Villa,Brighton,0,2026-08-23T13:00:00Z,3,4.0,0.0
51,George Hemmings,1,2,90,0,0,0,4,0,0,0,0,0,0,0,12,2.4,0.0,0.0,0.0,3.77,1,7030,4589,2441.0,0.7,45.0,1,10.6,11.6,2.0,0,2,3,MID,Aston Villa,Brighton,0,2026-08-23T13:00:00Z,3,4.0,0.0
97,Jensen,1,6,66,0,1,1,0,0,0,0,0,0,0,0,22,7.2,0.08,0.34,0.42,0.47,1,3064,1120,1944.0,0.2,55.0,1,12.6,46.2,13.0,0,3,2,MID,Brentford,Spurs,1,2026-08-22T16:30:00Z,2,3.0,0.0
98,Janelt,1,9,90,1,0,1,0,0,0,0,1,0,0,0,35,11.6,0.39,0.17,0.56,0.57,1,25051,3434,21617.0,0.4,50.0,1,53.2,38.8,24.0,6,3,4,MID,Brentford,Spurs,1,2026-08-22T16:30:00Z,2,3.0,0.0
99,Milambo,1,0,0,0,0,0,0,0,0,0,0,0,0,0,0,0.0,0.0,0.0,0.0,0.0,0,25,43,-18.0,0.0,50.0,1,0.0,0.0,0.0,0,0,0,MID,Brentford,Spurs,1,2026-08-22T16:30:00Z,2,3.0,0.0
100,Carvalho,1,0,0,0,0,0,0,0,0,0,0,0,0,0,0,0.0,0.0,0.0,0.0,0.0,0,109,221,-112.0,0.0,50.0,1,0.0,0.0,0.0,0,0,0,MID,Brentford,Spurs,1,2026-08-22T16:30:00Z,2,3.0,0.0
102,Yarmoliuk,1,1,23,0,0,0,0,0,0,0,0,0,0,0,7,0.6,0.04,0.0,0.04,0.1,0,652,10751,-10099.0,1.2,50.0,1,2.2,0.8,3.0,1,3,2,MID,Brentford,Spurs,1,2026-08-22T16:30:00Z,2,3.0,0.0
103,Dasilva,1,0,0,0,0,0,0,0,0,0,0,0,0,0,0,0.0,0.0,0.0,0.0,0.0,0,152,301,-149.0,0.0,50.0,1,0.0,0.0,0.0,0,0,0,MID,Brentford,Spurs,1,2026-08-22T16:30:00Z,2,3.0,0.0
105,Anthony,1,1,23,0,0,0,0,0,0,0,0,0,0,0,9,4.7,0.03,0.35,0.38,0.1,0,1629,1989,-360.0,0.2,60.0,1,10.6,34.9,1.0,0,6,2,MID,Brentford,Spurs,1,2026-08-22T16:30:00Z,2,3.0,0.0
107,Furo,1,0,0,0,0,0,0,0,0,0,0,0,0,0,0,0.0,0.0,0.0,0.0,0.0,0,7004,7236,-232.0,0.9,45.0,1,0.0,0.0,0.0,0,0,0,FWD,Brentford,Spurs,1,2026-08-22T16:30:00Z,2,3.0,0.0
108,Wilson,1,1,7,0,0,0,0,0,0,0,0,0,0,0,4,1.8,0.03,0.04,0.07,0.07,0,3699,4129,-430.0,0.4,55.0,1,2.2,10.3,5.0,0,0,0,FWD,Brentford,Spurs,1,2026-08-22T16:30:00Z,2,3.0,0.0
565,M.Sangaré,1,14,75,0,2,1,0,0,0,0,0,0,0,3,41,7.4,0.05,0.33,0.38,0.47,1,365523,18499,347024.0,8.1,56.0,1,31.6,21.8,21.0,4,7,2,MID,Brentford,Spurs,1,2026-08-22T16:30:00Z,2,3.0,0.0
109,Verbruggen,1,6,90,0,0,1,0,0,0,0,0,0,0,0,25,0.7,0.0,0.0,0.0,0.29,1,72141,36858,35283.0,21.5,45.0,1,6.6,0.0,0.0,0,4,0,GK,Brighton,Aston Villa,1,2026-08-23T13:00:00Z,3,4.0,0.0
111,Steele,1,0,0,0,0,0,0,0,0,0,0,0,0,0,0,0.0,0.0,0.0,0.0,0.0,0,8983,11735,-2752.0,4.0,40.0,1,0.0,0.0,0.0,0,0,0,GK,Brighton,Aston Villa,1,2026-08-23T13:00:00Z,3,4.0,0.0
113,F.Kadıoğlu,1,0,0,0,0,0,0,0,0,0,0,0,0,0,0,0.0,0.0,0.0,0.0,0.0,0,2226,45846,-43620.0,2.3,45.0,1,0.0,0.0,0.0,0,0,0,DEF,Brighton,Aston Villa,1,2026-08-23T13:00:00Z,3,4.0,0.0
114,Boscagli,1,6,90,0,0,1,0,0,0,0,0,0,0,0,29,2.9,0.0,0.04,0.04,0.29,1,3281,1270,2011.0,0.3,45.0,1,15.2,7.3,6.0,5,4,1,DEF,Brighton,Aston Villa,1,2026-08-23T13:00:00Z,3,4.0,0.0
115,De Cuyper,1,17,77,1,1,1,0,0,0,0,0,0,0,2,46,12.9,1.47,0.21,1.68,0.29,1,427291,17340,409951.0,7.6,46.0,1,40.6,45.3,43.0,1,3,3,DEF,Brighton,Aston Villa,1,2026-08-23T13:00:00Z,3,4.0,0.0
118,Igor,1,0,0,0,0,0,0,0,0,0,0,0,0,0,0,0.0,0.0,0.0,0.0,0.0,0,426,743,-317.0,0.1,45.0,1,0.0,0.0,0.0,0,0,0,DEF,Brighton,Aston Villa,1,2026-08-23T13:00:00Z,3,4.0,0.0
48,Onana,1,0,0,0,0,0,0,0,0,0,0,0,0,0,0,0.0,0.0,0.0,0.0,0.0,0,136,477,-341.0,0.0,50.0,1,0.0,0.0,0.0,0,0,0,MID,Aston Villa,Brighton,0,2026-08-23T13:00:00Z,3,4.0,0.0
117,Coppola,1,0,0,0,0,0,0,0,0,0,0,0,0,0,0,0.0,0.0,0.0,0.0,0.0,0,157,190,-33.0,0.0,45.0,1,0.0,0.0,0.0,0,0,0,DEF,Brighton,Aston Villa,1,2026-08-23T13:00:00Z,3,4.0,0.0
119,Costinha,1,1,26,0,0,0,0,0,0,0,0,0,0,0,7,2.8,0.12,0.0,0.12,0.1,0,254,181,73.0,0.0,45.0,1,8.2,1.9,18.0,3,0,1,DEF,Brighton,Aston Villa,1,2026-08-23T13:00:00Z,3,4.0,0.0
120,Svoboda,1,0,0,0,0,0,0,0,0,0,0,0,0,0,0,0.0,0.0,0.0,0.0,0.0,0,729,600,129.0,0.1,50.0,1,0.0,0.0,0.0,0,0,0,DEF,Brighton,Aston Villa,1,2026-08-23T13:00:00Z,3,4.0,0.0
121,Mitoma,1,0,0,0,0,0,0,0,0,0,0,0,0,0,0,0.0,0.0,0.0,0.0,0.0,0,149,1108,-959.0,0.0,60.0,1,0.0,0.0,0.0,0,0,0,MID,Brighton,Aston Villa,1,2026-08-23T13:00:00Z,3,4.0,0.0
122,Minteh,1,0,0,0,0,0,0,0,0,0,0,0,0,0,0,0.0,0.0,0.0,0.0,0.0,0,133,3178,-3045.0,0.1,60.0,1,0.0,0.0,0.0,0,0,0,MID,Brighton,Aston Villa,1,2026-08-23T13:00:00Z,3,4.0,0.0
123,Hinshelwood,1,16,63,2,0,1,0,0,0,0,0,0,0,3,54,14.5,1.41,0.02,1.43,0.19,1,136867,19740,117127.0,2.6,60.0,1,72.8,13.4,59.0,0,1,2,MID,Brighton,Aston Villa,1,2026-08-23T13:00:00Z,3,4.0,0.0
124,Groß,1,2,90,0,0,1,0,0,0,0,1,0,0,0,18,8.6,0.0,0.27,0.27,0.29,1,20089,86562,-66473.0,13.0,55.0,1,21.0,56.9,8.0,0,2,3,MID,Brighton,Aston Villa,1,2026-08-23T13:00:00Z,3,4.0,0.0
125,Georginio,1,5,90,0,1,1,0,0,0,0,0,0,0,0,22,4.6,0.08,0.44,0.52,0.29,1,22905,11122,11783.0,1.0,55.0,1,19.8,11.4,15.0,1,4,2,FWD,Brighton,Aston Villa,1,2026-08-23T13:00:00Z,3,4.0,0.0
126,O'Riley,1,0,0,0,0,0,0,0,0,0,0,0,0,0,0,0.0,0.0,0.0,0.0,0.0,0,568,1179,-611.0,0.1,55.0,1,0.0,0.0,0.0,0,0,0,MID,Brighton,Aston Villa,1,2026-08-23T13:00:00Z,3,4.0,0.0
128,Buonanotte,1,0,0,0,0,0,0,0,0,0,0,0,0,0,0,0.0,0.0,0.0,0.0,0.0,0,0,156,-156.0,0.0,50.0,1,0.0,0.0,0.0,0,0,0,MID,Brighton,Aston Villa,1,2026-08-23T13:00:00Z,3,4.0,0.0
129,Ayari,1,2,63,0,0,1,0,0,0,0,1,0,0,0,8,1.7,0.11,0.03,0.14,0.19,1,2781,6247,-3466.0,0.6,55.0,1,0.0,15.0,6.0,1,3,0,MID,Brighton,Aston Villa,1,2026-08-23T13:00:00Z,3,4.0,0.0
130,Wieffer,1,7,77,0,0,1,0,0,0,0,0,0,0,1,32,4.9,0.09,0.05,0.14,0.29,1,11812,2551,9261.0,0.4,50.0,1,16.6,26.3,6.0,4,5,4,DEF,Brighton,Aston Villa,1,2026-08-23T13:00:00Z,3,4.0,0.0
132,Howell,1,0,0,0,0,0,0,0,0,0,0,0,0,0,0,0.0,0.0,0.0,0.0,0.0,0,0,1408,-1408.0,0.1,45.0,1,0.0,0.0,0.0,0,0,0,MID,Brighton,Aston Villa,1,2026-08-23T13:00:00Z,3,4.0,0.0
133,Watson,1,0,0,0,0,0,0,0,0,0,0,0,0,0,0,0.0,0.0,0.0,0.0,0.0,0,0,48,-48.0,0.0,50.0,1,0.0,0.0,0.0,0,0,0,MID,Brighton,Aston Villa,1,2026-08-23T13:00:00Z,3,4.0,0.0
134,Oriola,1,0,0,0,0,0,0,0,0,0,0,0,0,0,0,0.0,0.0,0.0,0.0,0.0,0,1497,2358,-861.0,0.3,45.0,1,0.0,0.0,0.0,0,0,0,MID,Brighton,Aston Villa,1,2026-08-23T13:00:00Z,3,4.0,0.0
135,Yohanna,1,1,12,0,0,0,0,0,0,0,0,0,0,0,3,0.2,0.0,0.03,0.03,0.0,0,335,707,-372.0,0.1,50.0,1,0.2,1.3,0.0,0,0,0,MID,Brighton,Aston Villa,1,2026-08-23T13:00:00Z,3,4.0,0.0
137,Tzimas,1,0,0,0,0,0,0,0,0,0,0,0,0,0,0,0.0,0.0,0.0,0.0,0.0,0,77,223,-146.0,0.0,55.0,1,0.0,0.0,0.0,0,0,0,FWD,Brighton,Aston Villa,1,2026-08-23T13:00:00Z,3,4.0,0.0
138,Kostoulas,1,1,26,0,0,0,0,0,0,0,0,0,0,0,-1,0.9,0.18,0.0,0.18,0.1,0,982,1785,-803.0,0.2,55.0,1,0.0,0.4,10.0,0,1,1,FWD,Brighton,Aston Villa,1,2026-08-23T13:00:00Z,3,4.0,0.0
139,Ferguson,1,0,0,0,0,0,0,0,0,0,0,0,0,0,0,0.0,0.0,0.0,0.0,0.0,0,288,570,-282.0,0.0,50.0,1,0.0,0.0,0.0,0,0,0,FWD,Brighton,Aston Villa,1,2026-08-23T13:00:00Z,3,4.0,0.0
328,Struijk,1,0,0,0,0,0,0,0,0,0,0,0,0,0,0,0.0,0.0,0.0,0.0,0.0,0,1312,2124,-812.0,0.2,50.0,1,0.0,0.0,0.0,0,0,0,DEF,Brighton,Aston Villa,1,2026-08-23T13:00:00Z,3,4.0,0.0
594,David,1,0,0,0,0,0,0,0,0,0,0,0,0,0,0,0.0,0.0,0.0,0.0,0.0,0,2281,3317,-1036.0,0.3,60.0,1,0.0,0.0,0.0,0,0,0,FWD,Brighton,Aston Villa,1,2026-08-23T13:00:00Z,3,4.0,0.0
600,Osman,1,1,12,0,0,0,0,0,0,0,0,0,0,0,7,2.4,0.0,0.05,0.05,0.0,0,201,124,77.0,0.0,50.0,1,4.2,15.4,4.0,0,2,0,MID,Brighton,Aston Villa,1,2026-08-23T13:00:00Z,3,4.0,0.0
605,Yalcouyé,1,1,4,0,0,0,0,0,0,0,0,0,0,0,3,0.3,0.0,0.01,0.01,0.0,0,3706,803,2903.0,0.1,45.0,1,0.6,2.7,0.0,0,0,0,MID,Brighton,Aston Villa,1,2026-08-23T13:00:00Z,3,4.0,0.0
614,Hadjam,1,0,0,0,0,0,0,0,0,0,0,0,0,0,0,0.0,0.0,0.0,0.0,0.0,0,715,30,685.0,0.0,45.0,1,0.0,0.0,0.0,0,0,0,DEF,Brighton,Aston Villa,1,2026-08-23T13:00:00Z,3,4.0,0.0
101,Henderson,1,0,0,0,0,0,0,0,0,0,0,0,0,0,0,0.0,0.0,0.0,0.0,0.0,0,203,615,-412.0,0.0,50.0,1,0.0,0.0,0.0,0,0,0,MID,Chelsea,Fulham,0,2026-08-24T19:00:00Z,10,2.0,3.0
136,Welbeck,1,0,0,0,0,0,0,0,0,0,0,0,0,0,0,0.0,0.0,0.0,0.0,0.0,0,1773,20036,-18263.0,1.0,60.0,1,0.0,0.0,0.0,0,0,0,FWD,Chelsea,Fulham,0,2026-08-24T19:00:00Z,10,2.0,3.0
140,Sánchez,1,2,90,0,0,0,2,0,0,0,0,0,4,0,6,2.1,0.0,0.01,0.01,1.33,1,7933,17954,-10021.0,2.3,50.0,1,21.4,0.0,0.0,1,5,0,GK,Chelsea,Fulham,0,2026-08-24T19:00:00Z,10,2.0,3.0
141,Jörgensen,1,0,0,0,0,0,0,0,0,0,0,0,0,0,0,0.0,0.0,0.0,0.0,0.0,0,0,478,-478.0,0.0,50.0,1,0.0,0.0,0.0,0,0,0,GK,Chelsea,Fulham,0,2026-08-24T19:00:00Z,10,2.0,3.0
142,James,1,0,90,0,0,0,2,0,0,0,1,0,0,0,5,5.9,0.1,0.07,0.17,1.33,1,53801,68376,-14575.0,10.0,55.0,1,23.4,16.8,19.0,6,4,0,DEF,Chelsea,Fulham,0,2026-08-24T19:00:00Z,10,2.0,3.0
143,Chalobah,1,0,0,0,0,0,0,0,0,0,0,0,0,0,0,0.0,0.0,0.0,0.0,0.0,0,0,7441,-7441.0,0.1,55.0,1,0.0,0.0,0.0,0,0,0,DEF,Chelsea,Fulham,0,2026-08-24T19:00:00Z,10,2.0,3.0
144,Gusto,1,1,75,0,0,0,2,0,0,0,0,0,0,0,2,2.3,0.0,0.03,0.03,1.11,1,11239,9373,1866.0,1.2,50.0,1,7.2,9.8,6.0,2,4,1,DEF,Chelsea,Fulham,0,2026-08-24T19:00:00Z,10,2.0,3.0
145,Fofana,1,0,0,0,0,0,0,0,0,0,0,0,0,0,0,0.0,0.0,0.0,0.0,0.0,0,676,228,448.0,0.0,50.0,1,0.0,0.0,0.0,0,0,0,DEF,Chelsea,Fulham,0,2026-08-24T19:00:00Z,10,2.0,3.0
146,B.Badiashile,1,0,0,0,0,0,0,0,0,0,0,0,0,0,0,0.0,0.0,0.0,0.0,0.0,0,232,687,-455.0,0.0,45.0,1,0.0,0.0,0.0,0,0,0,DEF,Chelsea,Fulham,0,2026-08-24T19:00:00Z,10,2.0,3.0
147,Tosin,1,0,0,0,0,0,0,0,0,0,0,0,0,0,0,0.0,0.0,0.0,0.0,0.0,0,238,1763,-1525.0,0.2,45.0,1,0.0,0.0,0.0,0,0,0,DEF,Spurs,Brentford,0,2026-08-22T16:30:00Z,2,3.0,0.0
148,Hato,1,1,64,0,0,0,2,0,0,0,0,0,0,0,5,3.2,0.01,0.03,0.04,1.05,1,3663,3837,-174.0,0.5,45.0,1,8.4,12.3,11.0,1,2,2,DEF,Chelsea,Fulham,0,2026-08-24T19:00:00Z,10,2.0,3.0
149,Colwill,1,0,90,0,0,0,2,0,0,0,1,0,0,0,6,1.5,0.01,0.03,0.04,1.33,1,9367,14874,-5507.0,1.5,50.0,1,6.0,1.6,7.0,2,3,2,DEF,Chelsea,Fulham,0,2026-08-24T19:00:00Z,10,2.0,3.0
150,M.Sarr,1,0,0,0,0,0,0,0,0,0,0,0,0,0,0,0.0,0.0,0.0,0.0,0.0,0,384,843,-459.0,0.1,45.0,1,0.0,0.0,0.0,0,0,0,DEF,Chelsea,Fulham,0,2026-08-24T19:00:00Z,10,2.0,3.0
151,Acheampong,1,3,90,0,0,0,2,0,0,0,0,0,0,0,13,3.7,0.0,0.01,0.01,1.33,1,6012,2577,3435.0,0.4,45.0,1,33.2,2.2,2.0,10,6,5,DEF,Chelsea,Fulham,0,2026-08-24T19:00:00Z,10,2.0,3.0
152,Palestra,1,0,0,0,0,0,0,0,0,0,0,0,0,0,0,0.0,0.0,0.0,0.0,0.0,0,4858,49546,-44688.0,2.3,55.0,1,0.0,0.0,0.0,0,0,0,DEF,Chelsea,Fulham,0,2026-08-24T19:00:00Z,10,2.0,3.0
154,Palmer,1,13,82,1,1,0,2,0,0,0,0,0,0,3,60,16.1,0.28,0.19,0.47,1.24,1,298289,27629,270660.0,15.3,95.0,1,65.2,41.3,54.0,0,7,2,MID,Chelsea,Fulham,0,2026-08-24T19:00:00Z,10,2.0,3.0
155,Enzo,1,1,25,0,0,0,0,0,0,0,0,0,0,0,6,1.5,0.0,0.02,0.02,0.28,0,14216,69803,-55587.0,4.6,70.0,1,3.4,12.0,0.0,0,3,0,MID,Man City,Bournemouth,1,2026-08-23T13:00:00Z,7,2.0,1.0
156,Neto,1,1,14,0,0,0,0,0,0,0,0,0,0,0,9,1.3,0.03,0.07,0.1,0.22,0,5171,18712,-13541.0,1.2,65.0,1,5.2,4.1,4.0,0,3,1,MID,Chelsea,Fulham,0,2026-08-24T19:00:00Z,10,2.0,3.0
157,Estêvão,1,1,7,0,0,0,0,0,0,0,0,0,0,0,3,0.1,0.0,0.0,0.0,0.09,0,4901,20295,-15394.0,1.2,65.0,1,0.2,0.4,0.0,0,1,0,MID,Chelsea,Fulham,0,2026-08-24T19:00:00Z,10,2.0,3.0
158,Gittens,1,0,0,0,0,0,0,0,0,0,0,0,0,0,0,0.0,0.0,0.0,0.0,0.0,0,243,656,-413.0,0.0,60.0,1,0.0,0.0,0.0,0,0,0,MID,Chelsea,Fulham,0,2026-08-24T19:00:00Z,10,2.0,3.0
159,Caicedo,1,0,0,0,0,0,0,0,0,0,0,0,0,0,0,0.0,0.0,0.0,0.0,0.0,0,9314,80938,-71624.0,3.1,55.0,1,0.0,0.0,0.0,0,0,0,MID,Chelsea,Fulham,0,2026-08-24T19:00:00Z,10,2.0,3.0
161,Lavia,1,1,64,0,0,0,2,0,0,0,1,0,0,0,8,6.9,0.21,0.03,0.24,1.05,1,965,803,162.0,0.1,50.0,1,13.6,21.9,33.0,2,4,3,MID,Chelsea,Fulham,0,2026-08-24T19:00:00Z,10,2.0,3.0
163,D.Essugo,1,0,0,0,0,0,0,0,0,0,0,0,0,0,0,0.0,0.0,0.0,0.0,0.0,0,1143,2510,-1367.0,0.2,45.0,1,0.0,0.0,0.0,0,0,0,MID,Chelsea,Fulham,0,2026-08-24T19:00:00Z,10,2.0,3.0
164,Quenda,1,1,8,0,0,0,0,0,0,0,0,0,0,0,2,0.4,0.0,0.0,0.0,0.09,0,208,695,-487.0,0.0,55.0,1,1.2,0.3,2.0,1,0,0,MID,Chelsea,Fulham,0,2026-08-24T19:00:00Z,10,2.0,3.0
165,João Pedro,1,11,90,1,1,0,2,0,0,0,0,0,0,2,45,11.1,0.63,0.06,0.69,1.33,1,331231,24331,306900.0,67.6,76.0,1,51.2,23.0,37.0,1,2,0,FWD,Chelsea,Fulham,0,2026-08-24T19:00:00Z,10,2.0,3.0
166,N.Jackson,1,0,0,0,0,0,0,0,0,0,0,0,0,0,0,0.0,0.0,0.0,0.0,0.0,0,3958,7002,-3044.0,0.3,65.0,1,0.0,0.0,0.0,0,0,0,FWD,Aston Villa,Brighton,0,2026-08-23T13:00:00Z,3,4.0,0.0
167,Delap,1,0,0,0,0,0,0,0,0,0,0,0,0,0,0,0.0,0.0,0.0,0.0,0.0,0,4899,6604,-1705.0,0.5,55.0,1,0.0,0.0,0.0,0,0,0,FWD,Nott'm Forest,Leeds,1,2026-08-22T14:00:00Z,4,0.0,1.0
168,Marc Guiu,1,0,0,0,0,0,0,0,0,0,0,0,0,0,0,0.0,0.0,0.0,0.0,0.0,0,1972,5239,-3267.0,0.5,50.0,1,0.0,0.0,0.0,0,0,0,FWD,Chelsea,Fulham,0,2026-08-24T19:00:00Z,10,2.0,3.0
169,Mheuka,1,0,0,0,0,0,0,0,0,0,0,0,0,0,0,0.0,0.0,0.0,0.0,0.0,0,2594,3902,-1308.0,0.3,45.0,1,0.0,0.0,0.0,0,0,0,FWD,Chelsea,Fulham,0,2026-08-24T19:00:00Z,10,2.0,3.0
170,Emegha,1,0,0,0,0,0,0,0,0,0,0,0,0,0,0,0.0,0.0,0.0,0.0,0.0,0,1327,2027,-700.0,0.2,50.0,1,0.0,0.0,0.0,0,0,0,FWD,Chelsea,Fulham,0,2026-08-24T19:00:00Z,10,2.0,3.0
200,Lacroix,1,6,90,0,1,0,2,0,0,0,0,0,0,0,25,5.7,0.0,0.2,0.2,1.33,1,54007,37693,16314.0,9.5,60.0,1,44.2,11.2,2.0,7,2,5,DEF,Chelsea,Fulham,0,2026-08-24T19:00:00Z,10,2.0,3.0
560,Penders,1,0,0,0,0,0,0,0,0,0,0,0,0,0,0,0.0,0.0,0.0,0.0,0.0,0,334,660,-326.0,0.1,45.0,1,0.0,0.0,0.0,0,0,0,GK,Chelsea,Fulham,0,2026-08-24T19:00:00Z,10,2.0,3.0
14,Eze,1,1,14,0,0,0,0,0,0,0,0,0,0,0,4,0.1,0.04,0.0,0.04,0.15,0,5106,38423,-33317.0,1.8,65.0,1,0.0,1.8,1.0,0,2,0,MID,Arsenal,Coventry City,1,2026-08-21T19:00:00Z,1,3.0,0.0
561,Anselmino,1,0,0,0,0,0,0,0,0,0,0,0,0,0,0,0.0,0.0,0.0,0.0,0.0,0,108,426,-318.0,0.0,45.0,1,0.0,0.0,0.0,0,0,0,DEF,Chelsea,Fulham,0,2026-08-24T19:00:00Z,10,2.0,3.0
583,Chavarria,1,1,25,0,0,0,0,0,0,0,0,0,0,0,3,0.5,0.0,0.0,0.0,0.28,0,903,2031,-1128.0,0.2,50.0,1,2.4,0.2,2.0,1,1,0,DEF,Chelsea,Fulham,0,2026-08-24T19:00:00Z,10,2.0,3.0
104,Onyeka,1,2,90,0,0,0,3,0,0,0,0,0,0,0,8,0.5,0.0,0.01,0.01,1.88,1,1716,1292,424.0,0.2,50.0,1,3.6,1.6,0.0,3,5,1,MID,Coventry City,Arsenal,0,2026-08-21T19:00:00Z,1,3.0,0.0
110,Rushworth,1,1,90,0,0,0,3,0,0,0,0,0,2,0,0,1.4,0.0,0.01,0.01,1.88,1,6938,3750,3188.0,1.2,45.0,1,14.2,0.0,0.0,1,7,0,GK,Coventry City,Arsenal,0,2026-08-21T19:00:00Z,1,3.0,0.0
172,Wilson,1,0,0,0,0,0,0,0,0,0,0,0,0,0,0,0.0,0.0,0.0,0.0,0.0,0,189,2838,-2649.0,0.5,45.0,1,0.0,0.0,0.0,0,0,0,GK,Coventry City,Arsenal,0,2026-08-21T19:00:00Z,1,3.0,0.0
173,Thomas,1,3,90,0,0,0,3,0,0,0,0,0,0,0,11,3.5,0.02,0.01,0.03,1.88,1,29640,19972,9668.0,7.9,40.0,1,23.2,11.2,1.0,9,2,1,DEF,Coventry City,Arsenal,0,2026-08-21T19:00:00Z,1,3.0,0.0
174,Kitching,1,0,0,0,0,0,0,0,0,0,0,0,0,0,0,0.0,0.0,0.0,0.0,0.0,0,439,3951,-3512.0,0.7,40.0,1,0.0,0.0,0.0,0,0,0,DEF,Coventry City,Arsenal,0,2026-08-21T19:00:00Z,1,3.0,0.0
175,van Ewijk,1,1,90,0,0,0,3,0,0,0,0,0,0,0,-8,1.5,0.0,0.01,0.01,1.88,1,27716,43365,-15649.0,13.1,40.0,1,10.6,2.0,2.0,6,3,1,DEF,Coventry City,Arsenal,0,2026-08-21T19:00:00Z,1,3.0,0.0
176,Dasilva,1,1,90,0,0,0,3,0,0,0,0,0,0,0,-4,1.8,0.0,0.02,0.02,1.88,1,2425,3305,-880.0,0.8,40.0,1,13.8,3.8,0.0,6,1,0,DEF,Coventry City,Arsenal,0,2026-08-21T19:00:00Z,1,3.0,0.0
177,Kesler-Hayden,1,0,0,0,0,0,0,0,0,0,0,0,0,0,0,0.0,0.0,0.0,0.0,0.0,0,150,521,-371.0,0.1,40.0,1,0.0,0.0,0.0,0,0,0,DEF,Coventry City,Arsenal,0,2026-08-21T19:00:00Z,1,3.0,0.0
178,Bidwell,1,0,0,0,0,0,0,0,0,0,0,0,0,0,0,0.0,0.0,0.0,0.0,0.0,0,453,631,-178.0,0.1,40.0,1,0.0,0.0,0.0,0,0,0,DEF,Coventry City,Arsenal,0,2026-08-21T19:00:00Z,1,3.0,0.0
179,Latibeaudiere,1,0,0,0,0,0,0,0,0,0,0,0,0,0,0,0.0,0.0,0.0,0.0,0.0,0,113,346,-233.0,0.0,40.0,1,0.0,0.0,0.0,0,0,0,DEF,Coventry City,Arsenal,0,2026-08-21T19:00:00Z,1,3.0,0.0
180,Woolfenden,1,0,0,0,0,0,0,0,0,0,0,0,0,0,0,0.0,0.0,0.0,0.0,0.0,0,882,1663,-781.0,0.2,40.0,1,0.0,0.0,0.0,0,0,0,DEF,Coventry City,Arsenal,0,2026-08-21T19:00:00Z,1,3.0,0.0
181,Brau,1,0,0,0,0,0,0,0,0,0,0,0,0,0,0,0.0,0.0,0.0,0.0,0.0,0,215,289,-74.0,0.0,40.0,1,0.0,0.0,0.0,0,0,0,DEF,Coventry City,Arsenal,0,2026-08-21T19:00:00Z,1,3.0,0.0
182,Amenda,1,1,90,0,0,0,3,0,0,0,0,0,0,0,1,3.0,0.0,0.01,0.01,1.88,1,2596,3734,-1138.0,0.9,40.0,1,28.8,0.8,0.0,9,4,0,DEF,Coventry City,Arsenal,0,2026-08-21T19:00:00Z,1,3.0,0.0
183,Rudoni,1,1,20,0,0,0,0,0,0,0,0,0,0,0,3,2.6,0.15,0.0,0.15,0.29,0,823,1055,-232.0,0.1,50.0,1,5.6,3.8,17.0,0,4,1,MID,Coventry City,Arsenal,0,2026-08-21T19:00:00Z,1,3.0,0.0
185,Sakamoto,1,0,0,0,0,0,0,0,0,0,0,0,0,0,0,0.0,0.0,0.0,0.0,0.0,0,113,1197,-1084.0,0.1,50.0,1,0.0,0.0,0.0,0,0,0,MID,Coventry City,Arsenal,0,2026-08-21T19:00:00Z,1,3.0,0.0
186,Mason-Clark,1,0,0,0,0,0,0,0,0,0,0,0,0,0,0,0.0,0.0,0.0,0.0,0.0,0,343,1306,-963.0,0.1,55.0,1,0.0,0.0,0.0,0,0,0,MID,Coventry City,Arsenal,0,2026-08-21T19:00:00Z,1,3.0,0.0
15,Ødegaard,1,11,75,1,0,1,0,0,0,0,0,0,0,3,41,12.3,0.21,0.1,0.31,0.06,1,255521,30394,225127.0,11.4,66.0,1,50.6,41.5,31.0,1,4,3,MID,Arsenal,Coventry City,1,2026-08-21T19:00:00Z,1,3.0,0.0
20,Dowman,1,0,0,0,0,0,0,0,0,0,0,0,0,0,0,0.0,0.0,0.0,0.0,0.0,0,399,2115,-1716.0,0.1,54.0,1,0.0,0.0,0.0,0,0,0,MID,Arsenal,Coventry City,1,2026-08-21T19:00:00Z,1,3.0,0.0
25,Gyökeres,1,0,0,0,0,0,0,0,0,0,0,0,0,0,0,0.0,0.0,0.0,0.0,0.0,0,7902,196470,-188568.0,7.0,74.0,1,0.0,0.0,0.0,0,0,0,FWD,Arsenal,Coventry City,1,2026-08-21T19:00:00Z,1,3.0,0.0
187,Eccles,1,0,0,0,0,0,0,0,0,0,0,0,0,0,0,0.0,0.0,0.0,0.0,0.0,0,63,228,-165.0,0.0,50.0,1,0.0,0.0,0.0,0,0,0,MID,Coventry City,Arsenal,0,2026-08-21T19:00:00Z,1,3.0,0.0
188,Torp,1,1,28,0,0,0,0,0,0,0,0,0,0,0,8,2.3,0.0,0.11,0.11,0.32,0,366,1514,-1148.0,0.2,55.0,1,6.8,16.4,0.0,1,0,0,MID,Coventry City,Arsenal,0,2026-08-21T19:00:00Z,1,3.0,0.0
189,Shepherd,1,0,0,0,0,0,0,0,0,0,0,0,0,0,0,0.0,0.0,0.0,0.0,0.0,0,890,2695,-1805.0,0.3,45.0,1,0.0,0.0,0.0,0,0,0,MID,Coventry City,Arsenal,0,2026-08-21T19:00:00Z,1,3.0,0.0
190,Tchaouna,1,2,81,0,0,0,3,0,0,0,0,0,0,0,11,1.1,0.04,0.02,0.06,1.76,1,1852,1110,742.0,0.2,55.0,1,1.8,6.0,3.0,3,5,0,MID,Coventry City,Arsenal,0,2026-08-21T19:00:00Z,1,3.0,0.0
191,Borges Rodrigues,1,0,0,0,0,0,0,0,0,0,0,0,0,0,0,0.0,0.0,0.0,0.0,0.0,0,591,1611,-1020.0,0.2,45.0,1,0.0,0.0,0.0,0,0,0,MID,Coventry City,Arsenal,0,2026-08-21T19:00:00Z,1,3.0,0.0
192,Andrews,1,0,0,0,0,0,0,0,0,0,0,0,0,0,0,0.0,0.0,0.0,0.0,0.0,0,2298,6191,-3893.0,0.6,45.0,1,0.0,0.0,0.0,0,0,0,MID,Coventry City,Arsenal,0,2026-08-21T19:00:00Z,1,3.0,0.0
193,Wright,1,0,0,0,0,0,0,0,0,0,0,0,0,0,0,0.0,0.0,0.0,0.0,0.0,0,98,4871,-4773.0,0.1,55.0,1,0.0,0.0,0.0,0,0,0,FWD,Coventry City,Arsenal,0,2026-08-21T19:00:00Z,1,3.0,0.0
194,Thomas-Asante,1,2,69,0,0,0,3,0,0,0,0,0,0,0,9,0.6,0.0,0.02,0.02,1.6,1,11615,6592,5023.0,0.8,50.0,1,4.6,1.1,0.0,5,1,0,FWD,Coventry City,Arsenal,0,2026-08-21T19:00:00Z,1,3.0,0.0
195,Simms,1,2,69,0,0,0,3,0,0,0,0,0,0,0,7,1.7,0.0,0.01,0.01,1.6,1,15977,7681,8296.0,1.0,50.0,1,2.6,12.3,2.0,1,2,0,FWD,Coventry City,Arsenal,0,2026-08-21T19:00:00Z,1,3.0,0.0
196,Markelo,1,0,0,0,0,0,0,0,0,0,0,0,0,0,0,0.0,0.0,0.0,0.0,0.0,0,0,546,-546.0,0.0,50.0,1,0.0,0.0,0.0,0,0,0,FWD,Coventry City,Arsenal,0,2026-08-21T19:00:00Z,1,3.0,0.0
197,Bassette,1,0,0,0,0,0,0,0,0,0,0,0,0,0,0,0.0,0.0,0.0,0.0,0.0,0,0,726,-726.0,0.0,45.0,1,0.0,0.0,0.0,0,0,0,FWD,Coventry City,Arsenal,0,2026-08-21T19:00:00Z,1,3.0,0.0
492,Awoniyi,1,1,20,0,0,0,0,0,0,0,0,0,0,0,4,0.1,0.0,0.0,0.0,0.29,0,5680,7501,-1821.0,0.8,55.0,1,0.0,1.4,0.0,0,1,0,FWD,Coventry City,Arsenal,0,2026-08-21T19:00:00Z,1,3.0,0.0
575,Yirenkyi,1,1,61,0,0,0,3,0,0,0,1,0,0,0,2,0.0,0.0,0.0,0.0,1.56,1,780,2225,-1445.0,0.2,50.0,1,0.0,3.1,0.0,0,3,0,MID,Coventry City,Arsenal,0,2026-08-21T19:00:00Z,1,3.0,0.0
584,Hamer,1,1,8,0,0,0,0,0,0,0,0,0,0,0,3,0.1,0.0,0.0,0.0,0.13,0,308,1186,-878.0,0.1,55.0,1,0.4,0.3,0.0,0,1,0,MID,Coventry City,Arsenal,0,2026-08-21T19:00:00Z,1,3.0,0.0
599,Cherif,1,0,0,0,0,0,0,0,0,0,0,0,0,0,0,0.0,0.0,0.0,0.0,0.0,0,1457,1158,299.0,0.1,50.0,1,0.0,0.0,0.0,0,0,0,FWD,Coventry City,Arsenal,0,2026-08-21T19:00:00Z,1,3.0,0.0
42,Guessand,1,1,27,0,0,0,0,0,0,0,0,0,0,0,3,1.2,0.03,0.02,0.05,0.14,0,379,545,-166.0,0.0,55.0,1,3.2,1.8,7.0,0,0,1,MID,Crystal Palace,Everton,0,2026-08-22T14:00:00Z,5,2.0,0.0
198,Henderson,1,2,90,0,0,0,2,0,0,0,0,0,3,0,14,2.8,0.0,0.0,0.0,1.12,1,4983,11936,-6953.0,1.9,50.0,1,28.2,0.0,0.0,3,13,0,GK,Crystal Palace,Everton,0,2026-08-22T14:00:00Z,5,2.0,0.0
199,Benitez,1,0,0,0,0,0,0,0,0,0,0,0,0,0,0,0.0,0.0,0.0,0.0,0.0,0,420,1081,-661.0,0.1,45.0,1,0.0,0.0,0.0,0,0,0,GK,Crystal Palace,Everton,0,2026-08-22T14:00:00Z,5,2.0,0.0
201,Muñoz,1,0,54,0,0,0,2,0,0,0,0,0,0,0,-4,2.4,0.23,0.01,0.24,0.84,1,14424,103400,-88976.0,8.5,55.0,1,1.2,1.8,21.0,3,1,1,DEF,Nott'm Forest,Leeds,1,2026-08-22T14:00:00Z,4,0.0,1.0
202,Richards,1,3,90,0,0,0,2,0,0,0,0,0,0,0,13,4.3,0.0,0.0,0.0,1.12,1,3675,5232,-1557.0,0.7,50.0,1,42.6,0.7,0.0,14,1,2,DEF,Crystal Palace,Everton,0,2026-08-22T14:00:00Z,5,2.0,0.0
203,Canvot,1,1,90,0,0,0,2,0,0,0,0,0,0,0,9,3.8,0.05,0.01,0.06,1.12,1,722,3265,-2543.0,0.3,50.0,1,27.4,5.7,5.0,4,3,4,DEF,Crystal Palace,Everton,0,2026-08-22T14:00:00Z,5,2.0,0.0
204,Mitchell,1,1,90,0,0,0,2,0,0,0,0,0,0,0,9,2.7,0.0,0.01,0.01,1.12,1,5333,41684,-36351.0,5.7,45.0,1,11.6,13.8,2.0,3,4,2,DEF,Crystal Palace,Everton,0,2026-08-22T14:00:00Z,5,2.0,0.0
205,Sosa,1,0,0,0,0,0,0,0,0,0,0,0,0,0,0,0.0,0.0,0.0,0.0,0.0,0,115,311,-196.0,0.0,45.0,1,0.0,0.0,0.0,0,0,0,DEF,Crystal Palace,Everton,0,2026-08-22T14:00:00Z,5,2.0,0.0
206,Chadi Riad,1,1,72,0,0,0,2,0,0,0,0,0,0,0,7,1.4,0.0,0.01,0.01,0.98,1,276,2487,-2211.0,0.0,45.0,1,12.6,1.3,0.0,6,3,1,DEF,Crystal Palace,Everton,0,2026-08-22T14:00:00Z,5,2.0,0.0
207,Mingueza,1,0,0,0,0,0,0,0,0,0,0,0,0,0,0,0.0,0.0,0.0,0.0,0.0,0,175,1081,-906.0,0.1,45.0,1,0.0,0.0,0.0,0,0,0,DEF,Crystal Palace,Everton,0,2026-08-22T14:00:00Z,5,2.0,0.0
208,Sarr,1,0,0,0,0,0,0,0,0,0,0,0,0,0,0,0.0,0.0,0.0,0.0,0.0,0,2060,163906,-161846.0,2.8,64.0,1,0.0,0.0,0.0,0,0,0,MID,Crystal Palace,Everton,0,2026-08-22T14:00:00Z,5,2.0,0.0
210,Wharton,1,4,90,0,0,0,2,0,0,0,0,0,0,0,20,4.8,0.0,0.24,0.24,1.12,1,5511,6420,-909.0,0.9,55.0,1,16.8,30.9,0.0,4,8,2,MID,Crystal Palace,Everton,0,2026-08-22T14:00:00Z,5,2.0,0.0
211,Yeremy,1,1,35,0,0,0,0,0,0,0,0,0,0,0,4,1.4,0.06,0.02,0.08,0.27,0,247,2012,-1765.0,0.2,55.0,1,2.0,6.3,6.0,0,3,2,MID,Crystal Palace,Everton,0,2026-08-22T14:00:00Z,5,2.0,0.0
212,Hughes,1,0,0,0,0,0,0,0,0,0,0,0,0,0,0,0.0,0.0,0.0,0.0,0.0,0,17639,76100,-58461.0,10.9,45.0,1,0.0,0.0,0.0,0,0,0,MID,Crystal Palace,Everton,0,2026-08-22T14:00:00Z,5,2.0,0.0
213,Lerma,1,0,0,0,0,0,0,0,0,0,0,0,0,0,0,0.0,0.0,0.0,0.0,0.0,0,178,1208,-1030.0,0.1,50.0,1,0.0,0.0,0.0,0,0,0,MID,Crystal Palace,Everton,0,2026-08-22T14:00:00Z,5,2.0,0.0
214,Kamada,1,3,90,0,0,0,2,0,0,0,1,0,0,0,25,5.0,0.0,0.27,0.27,1.12,1,1576,2576,-1000.0,0.3,50.0,1,20.4,29.3,0.0,3,8,3,MID,Crystal Palace,Everton,0,2026-08-22T14:00:00Z,5,2.0,0.0
215,Devenny,1,0,0,0,0,0,0,0,0,0,0,0,0,0,0,0.0,0.0,0.0,0.0,0.0,0,63,153,-90.0,0.0,50.0,1,0.0,0.0,0.0,0,0,0,MID,Crystal Palace,Everton,0,2026-08-22T14:00:00Z,5,2.0,0.0
216,Esse,1,0,0,0,0,0,0,0,0,0,0,0,0,0,0,0.0,0.0,0.0,0.0,0.0,0,190,519,-329.0,0.0,50.0,1,0.0,0.0,0.0,0,0,0,MID,Crystal Palace,Everton,0,2026-08-22T14:00:00Z,5,2.0,0.0
217,M.França,1,0,0,0,0,0,0,0,0,0,0,0,0,0,0,0.0,0.0,0.0,0.0,0.0,0,15,579,-564.0,0.0,50.0,1,0.0,0.0,0.0,0,0,0,MID,Crystal Palace,Everton,0,2026-08-22T14:00:00Z,5,2.0,0.0
218,Doucouré,1,0,0,0,0,0,0,0,0,0,0,0,0,0,0,0.0,0.0,0.0,0.0,0.0,0,215,882,-667.0,0.1,50.0,1,0.0,0.0,0.0,0,0,0,MID,Crystal Palace,Everton,0,2026-08-22T14:00:00Z,5,2.0,0.0
219,J.Rak-Sakyi,1,0,0,0,0,0,0,0,0,0,0,0,0,0,0,0.0,0.0,0.0,0.0,0.0,0,33,74,-41.0,0.0,50.0,1,0.0,0.0,0.0,0,0,0,MID,Crystal Palace,Everton,0,2026-08-22T14:00:00Z,5,2.0,0.0
220,Cardines,1,0,0,0,0,0,0,0,0,0,0,0,0,0,0,0.0,0.0,0.0,0.0,0.0,0,0,60,-60.0,0.0,45.0,1,0.0,0.0,0.0,0,0,0,DEF,Crystal Palace,Everton,0,2026-08-22T14:00:00Z,5,2.0,0.0
221,Drakes-Thomas,1,0,0,0,0,0,0,0,0,0,0,0,0,0,0,0.0,0.0,0.0,0.0,0.0,0,356,842,-486.0,0.1,45.0,1,0.0,0.0,0.0,0,0,0,MID,Crystal Palace,Everton,0,2026-08-22T14:00:00Z,5,2.0,0.0
222,Strand Larsen,1,1,27,0,0,0,0,0,0,0,0,0,0,0,3,2.2,0.25,0.01,0.26,0.14,0,1204,6158,-4954.0,0.5,60.0,1,1.0,3.5,17.0,0,0,0,FWD,Crystal Palace,Everton,0,2026-08-22T14:00:00Z,5,2.0,0.0
223,Mateta,1,2,62,0,0,0,2,0,0,0,0,0,0,0,-3,2.5,0.7,0.02,0.72,0.98,1,20407,57463,-37056.0,5.3,65.0,1,1.4,12.3,11.0,1,2,2,FWD,Crystal Palace,Everton,0,2026-08-22T14:00:00Z,5,2.0,0.0
224,Nketiah,1,1,55,0,0,0,2,0,0,0,0,0,0,0,12,5.8,0.6,0.58,1.18,0.84,1,2721,4827,-2106.0,0.5,55.0,1,10.4,24.5,23.0,1,1,1,FWD,Crystal Palace,Everton,0,2026-08-22T14:00:00Z,5,2.0,0.0
225,Uche,1,0,0,0,0,0,0,0,0,0,0,0,0,0,0,0.0,0.0,0.0,0.0,0.0,0,0,0,0.0,0.0,50.0,1,0.0,0.0,0.0,0,0,0,FWD,Crystal Palace,Everton,0,2026-08-22T14:00:00Z,5,2.0,0.0
241,McNeil,1,2,62,0,0,0,2,0,0,0,0,0,0,0,11,1.6,0.05,0.02,0.07,0.98,1,339,1385,-1046.0,0.2,55.0,1,9.6,4.7,2.0,3,2,0,MID,Crystal Palace,Everton,0,2026-08-22T14:00:00Z,5,2.0,0.0
555,Matthews,1,0,0,0,0,0,0,0,0,0,0,0,0,0,0,0.0,0.0,0.0,0.0,0.0,0,5221,5502,-281.0,1.8,40.0,1,0.0,0.0,0.0,0,0,0,GK,Crystal Palace,Everton,0,2026-08-22T14:00:00Z,5,2.0,0.0
577,Tomiyasu,1,1,18,0,0,0,0,0,0,0,0,0,0,0,3,0.5,0.0,0.01,0.01,0.14,0,741,2184,-1443.0,0.4,45.0,1,2.4,2.4,0.0,1,1,0,DEF,Crystal Palace,Everton,0,2026-08-22T14:00:00Z,5,2.0,0.0
588,Khalaili,1,1,35,0,0,0,0,0,0,0,0,0,0,0,12,5.5,0.0,0.16,0.16,0.27,0,381,657,-276.0,0.1,50.0,1,24.0,26.5,4.0,5,3,4,DEF,Crystal Palace,Everton,0,2026-08-22T14:00:00Z,5,2.0,0.0
595,Gozo,1,0,0,0,0,0,0,0,0,0,0,0,0,0,0,0.0,0.0,0.0,0.0,0.0,0,91,147,-56.0,0.0,50.0,1,0.0,0.0,0.0,0,0,0,MID,Crystal Palace,Everton,0,2026-08-22T14:00:00Z,5,2.0,0.0
21,Nørgaard,1,0,0,0,0,0,0,0,0,0,0,0,0,0,0,0.0,0.0,0.0,0.0,0.0,0,95,2547,-2452.0,0.1,50.0,1,0.0,0.0,0.0,0,0,0,MID,Everton,Crystal Palace,1,2026-08-22T14:00:00Z,5,2.0,0.0
209,Johnson,1,1,6,0,0,0,0,0,0,0,0,0,0,0,3,0.4,0.0,0.0,0.0,0.29,0,580,2108,-1528.0,0.2,60.0,1,4.0,0.3,0.0,2,0,0,MID,Everton,Crystal Palace,1,2026-08-22T14:00:00Z,5,2.0,0.0
226,Pickford,1,7,90,0,0,1,0,0,0,0,0,0,4,0,34,3.2,0.0,0.02,0.02,1.96,1,55567,22875,32692.0,8.8,55.0,1,31.8,0.0,0.0,0,12,0,GK,Everton,Crystal Palace,1,2026-08-22T14:00:00Z,5,2.0,0.0
227,Travers,1,0,0,0,0,0,0,0,0,0,0,0,0,0,0,0.0,0.0,0.0,0.0,0.0,0,244,344,-100.0,0.0,50.0,1,0.0,0.0,0.0,0,0,0,GK,Everton,Crystal Palace,1,2026-08-22T14:00:00Z,5,2.0,0.0
228,King,1,0,0,0,0,0,0,0,0,0,0,0,0,0,0,0.0,0.0,0.0,0.0,0.0,0,222,331,-109.0,0.0,45.0,1,0.0,0.0,0.0,0,0,0,GK,Everton,Crystal Palace,1,2026-08-22T14:00:00Z,5,2.0,0.0
229,Tarkowski,1,6,90,0,0,1,0,0,0,0,0,0,0,0,25,2.0,0.05,0.0,0.05,1.96,1,37789,28510,9279.0,8.8,60.0,1,15.2,0.8,4.0,8,4,1,DEF,Everton,Crystal Palace,1,2026-08-22T14:00:00Z,5,2.0,0.0
230,Branthwaite,1,6,90,0,0,1,0,0,0,0,0,0,0,0,27,2.5,0.0,0.01,0.01,1.96,1,16668,7149,9519.0,1.8,55.0,1,18.6,0.8,6.0,6,2,2,DEF,Everton,Crystal Palace,1,2026-08-22T14:00:00Z,5,2.0,0.0
231,Keane,1,0,0,0,0,0,0,0,0,0,0,0,0,0,0,0.0,0.0,0.0,0.0,0.0,0,2937,20363,-17426.0,1.4,50.0,1,0.0,0.0,0.0,0,0,0,DEF,Everton,Crystal Palace,1,2026-08-22T14:00:00Z,5,2.0,0.0
232,O'Brien,1,0,0,0,0,0,0,0,0,0,0,0,0,0,0,0.0,0.0,0.0,0.0,0.0,0,1264,6049,-4785.0,0.4,50.0,1,0.0,0.0,0.0,0,0,0,DEF,Everton,Crystal Palace,1,2026-08-22T14:00:00Z,5,2.0,0.0
233,Mykolenko,1,6,90,0,0,1,0,0,0,0,0,0,0,0,27,2.9,0.0,0.05,0.05,1.96,1,17901,7210,10691.0,1.6,45.0,1,12.8,13.8,2.0,4,4,0,DEF,Everton,Crystal Palace,1,2026-08-22T14:00:00Z,5,2.0,0.0
235,Aznou,1,0,0,0,0,0,0,0,0,0,0,0,0,0,0,0.0,0.0,0.0,0.0,0.0,0,909,1455,-546.0,0.2,40.0,1,0.0,0.0,0.0,0,0,0,DEF,Everton,Crystal Palace,1,2026-08-22T14:00:00Z,5,2.0,0.0
236,Dewsbury-Hall,1,11,90,1,0,1,0,0,0,0,0,0,0,3,40,9.8,0.12,0.17,0.29,1.92,1,111533,21968,89565.0,4.6,65.0,1,42.8,28.3,27.0,1,5,2,MID,Everton,Crystal Palace,1,2026-08-22T14:00:00Z,5,2.0,0.0
237,Ndiaye,1,9,90,0,1,1,0,0,0,0,0,0,0,1,36,12.9,0.24,0.32,0.56,1.96,1,100063,44357,55706.0,16.0,60.0,1,40.8,39.8,48.0,0,8,4,MID,Man City,Bournemouth,1,2026-08-23T13:00:00Z,7,2.0,1.0
239,Garner,1,1,11,0,0,0,0,0,0,0,0,0,0,0,6,1.9,0.0,0.03,0.03,0.34,0,1208,1450,-242.0,0.1,60.0,1,4.8,11.8,2.0,0,0,1,MID,Everton,Crystal Palace,1,2026-08-22T14:00:00Z,5,2.0,0.0
240,Iroegbunam,1,0,0,0,0,0,0,0,0,0,0,0,0,0,0,0.0,0.0,0.0,0.0,0.0,0,19,310,-291.0,0.0,50.0,1,0.0,0.0,0.0,0,0,0,MID,Hull City,Man Utd,1,2026-08-22T11:30:00Z,6,2.0,0.0
242,George,1,3,83,0,0,1,0,0,0,0,0,0,0,0,13,5.5,0.18,0.08,0.26,1.67,1,1843,2036,-193.0,0.3,55.0,1,7.0,23.4,25.0,3,4,0,MID,Everton,Crystal Palace,1,2026-08-22T14:00:00Z,5,2.0,0.0
243,Alcaraz,1,1,1,0,0,0,0,0,0,0,0,0,0,0,7,2.2,0.02,0.0,0.02,0.04,0,659,960,-301.0,0.1,50.0,1,5.0,0.3,17.0,0,2,1,MID,Everton,Crystal Palace,1,2026-08-22T14:00:00Z,5,2.0,0.0
244,Armstrong,1,8,90,0,1,1,0,0,0,0,0,0,0,0,25,4.8,0.0,0.04,0.04,1.96,1,10045,2028,8017.0,0.2,50.0,1,28.8,14.7,4.0,3,11,2,MID,Everton,Crystal Palace,1,2026-08-22T14:00:00Z,5,2.0,0.0
245,Dibling,1,0,0,0,0,0,0,0,0,0,0,0,0,0,0,0.0,0.0,0.0,0.0,0.0,0,156,630,-474.0,0.0,55.0,1,0.0,0.0,0.0,0,0,0,MID,Everton,Crystal Palace,1,2026-08-22T14:00:00Z,5,2.0,0.0
246,Röhl,1,3,90,0,0,1,0,0,0,0,0,0,0,0,12,2.9,0.0,0.06,0.06,1.96,1,418,524,-106.0,0.1,50.0,1,13.8,13.0,2.0,2,5,2,MID,Everton,Crystal Palace,1,2026-08-22T14:00:00Z,5,2.0,0.0
247,Hackney,1,3,78,0,0,1,0,0,0,0,0,0,0,0,16,2.6,0.01,0.01,0.02,1.62,1,818,2197,-1379.0,0.3,55.0,1,8.6,12.2,5.0,1,4,2,MID,Everton,Crystal Palace,1,2026-08-22T14:00:00Z,5,2.0,0.0
248,Beto,1,1,11,0,0,0,0,0,0,0,0,0,0,0,3,0.2,0.05,0.0,0.05,0.34,0,6741,34420,-27679.0,2.4,55.0,1,0.0,0.0,2.0,0,0,0,FWD,Everton,Crystal Palace,1,2026-08-22T14:00:00Z,5,2.0,0.0
249,Barry,1,8,78,1,0,1,0,0,0,0,0,0,0,2,37,9.8,0.45,0.09,0.54,1.62,1,114596,17511,97085.0,3.1,55.0,1,38.0,19.0,41.0,0,2,1,FWD,Everton,Crystal Palace,1,2026-08-22T14:00:00Z,5,2.0,0.0
250,Leno,1,2,90,0,0,0,3,0,0,0,0,0,3,0,11,3.0,0.0,0.0,0.0,2.24,1,9761,9568,193.0,3.0,45.0,1,29.6,0.0,0.0,1,9,0,GK,Fulham,Chelsea,1,2026-08-24T19:00:00Z,10,2.0,3.0
251,Lecomte,1,0,0,0,0,0,0,0,0,0,0,0,0,0,0,0.0,0.0,0.0,0.0,0.0,0,1202,3288,-2086.0,1.2,40.0,1,0.0,0.0,0.0,0,0,0,GK,Fulham,Chelsea,1,2026-08-24T19:00:00Z,10,2.0,3.0
252,McNally,1,0,0,0,0,0,0,0,0,0,0,0,0,0,0,0.0,0.0,0.0,0.0,0.0,0,661,522,139.0,0.2,40.0,1,0.0,0.0,0.0,0,0,0,GK,Fulham,Chelsea,1,2026-08-24T19:00:00Z,10,2.0,3.0
253,Andersen,1,0,0,0,0,0,0,0,0,0,0,0,0,0,0,0.0,0.0,0.0,0.0,0.0,0,1766,525,1241.0,0.1,50.0,1,0.0,0.0,0.0,0,0,0,DEF,Fulham,Chelsea,1,2026-08-24T19:00:00Z,10,2.0,3.0
258,Castagne,1,6,90,0,2,0,3,0,0,0,1,0,0,0,21,8.9,0.09,0.18,0.27,2.24,1,9238,2041,7197.0,0.4,45.0,1,38.0,27.8,23.0,5,4,1,DEF,Fulham,Chelsea,1,2026-08-24T19:00:00Z,10,2.0,3.0
261,Iwobi,1,2,90,0,0,0,3,0,0,0,0,0,0,0,17,2.4,0.0,0.04,0.04,2.24,1,4991,7681,-2690.0,1.0,55.0,1,12.4,11.3,0.0,3,6,1,MID,Fulham,Chelsea,1,2026-08-24T19:00:00Z,10,2.0,3.0
262,Smith Rowe,1,0,0,0,0,0,0,0,0,0,0,0,0,0,0,0.0,0.0,0.0,0.0,0.0,0,1136,3885,-2749.0,0.4,55.0,1,0.0,0.0,0.0,0,0,0,MID,Fulham,Chelsea,1,2026-08-24T19:00:00Z,10,2.0,3.0
263,Kevin,1,1,17,0,0,0,0,0,0,0,0,0,0,0,2,0.7,0.0,0.01,0.01,0.03,0,356,718,-362.0,0.1,55.0,1,5.2,1.9,0.0,0,1,2,MID,Fulham,Chelsea,1,2026-08-24T19:00:00Z,10,2.0,3.0
264,Bobb,1,2,66,0,0,0,3,0,0,0,0,0,0,0,10,3.0,0.0,0.26,0.26,2.21,1,3719,2600,1119.0,0.3,55.0,1,9.8,13.8,6.0,1,2,3,MID,Fulham,Chelsea,1,2026-08-24T19:00:00Z,10,2.0,3.0
265,Berge,1,2,72,0,0,0,3,0,0,0,0,0,0,0,14,4.4,0.03,0.03,0.06,2.21,1,1266,2804,-1538.0,0.4,50.0,1,13.6,23.1,7.0,1,2,1,MID,Fulham,Chelsea,1,2026-08-24T19:00:00Z,10,2.0,3.0
266,Cairney,1,0,0,0,0,0,0,0,0,0,0,0,0,0,0,0.0,0.0,0.0,0.0,0.0,0,12,107,-95.0,0.0,50.0,1,0.0,0.0,0.0,0,0,0,MID,Fulham,Chelsea,1,2026-08-24T19:00:00Z,10,2.0,3.0
268,King,1,7,90,1,0,0,3,0,0,0,0,0,0,0,34,9.8,0.17,0.04,0.21,2.24,1,27449,3237,24212.0,0.5,55.0,1,41.6,15.6,41.0,2,4,2,MID,Fulham,Chelsea,1,2026-08-24T19:00:00Z,10,2.0,3.0
269,Sessegnon,1,1,17,0,0,0,0,0,0,0,0,0,0,0,7,2.6,0.03,0.0,0.03,0.03,0,814,2434,-1620.0,0.4,45.0,1,6.6,0.5,19.0,1,1,0,DEF,Fulham,Chelsea,1,2026-08-24T19:00:00Z,10,2.0,3.0
270,Reed,1,0,0,0,0,0,0,0,0,0,0,0,0,0,0,0.0,0.0,0.0,0.0,0.0,0,4958,12149,-7191.0,1.5,45.0,1,0.0,0.0,0.0,0,0,0,MID,Fulham,Chelsea,1,2026-08-24T19:00:00Z,10,2.0,3.0
271,Muniz,1,1,8,0,0,0,0,0,0,0,0,0,0,0,6,2.5,0.02,0.0,0.02,0.03,0,2336,5589,-3253.0,0.6,55.0,1,6.0,11.5,7.0,1,0,0,FWD,Fulham,Chelsea,1,2026-08-24T19:00:00Z,10,2.0,3.0
272,Kusi-Asare,1,0,0,0,0,0,0,0,0,0,0,0,0,0,0,0.0,0.0,0.0,0.0,0.0,0,20744,37190,-16446.0,7.0,45.0,1,0.0,0.0,0.0,0,0,0,FWD,Fulham,Chelsea,1,2026-08-24T19:00:00Z,10,2.0,3.0
570,Palacios,1,2,72,0,0,0,3,0,0,0,0,0,0,0,10,1.8,0.16,0.01,0.17,2.21,1,788,1501,-713.0,0.2,55.0,1,2.8,7.3,8.0,0,2,2,MID,Fulham,Chelsea,1,2026-08-24T19:00:00Z,10,2.0,3.0
580,Charles,1,1,23,0,0,0,0,0,0,0,0,0,0,0,5,0.5,0.0,0.0,0.0,0.03,0,321,668,-347.0,0.1,50.0,1,3.4,1.3,0.0,0,2,1,MID,Fulham,Chelsea,1,2026-08-24T19:00:00Z,10,2.0,3.0
610,De Fougerolles,1,0,0,0,0,0,0,0,0,0,0,0,0,0,0,0.0,0.0,0.0,0.0,0.0,0,2652,331,2321.0,0.1,40.0,1,0.0,0.0,0.0,0,0,0,DEF,Fulham,Chelsea,1,2026-08-24T19:00:00Z,10,2.0,3.0
273,Phillips,1,0,0,0,0,0,0,0,0,0,0,0,0,0,0,0.0,0.0,0.0,0.0,0.0,0,2695,5758,-3063.0,1.5,40.0,1,0.0,0.0,0.0,0,0,0,GK,Hull City,Man Utd,1,2026-08-22T11:30:00Z,6,2.0,0.0
274,Butland,1,0,0,0,0,0,0,0,0,0,0,0,0,0,0,0.0,0.0,0.0,0.0,0.0,0,104,1540,-1436.0,0.1,45.0,1,0.0,0.0,0.0,0,0,0,GK,Hull City,Man Utd,1,2026-08-22T11:30:00Z,6,2.0,0.0
275,Cartwright,1,0,0,0,0,0,0,0,0,0,0,0,0,0,0,0.0,0.0,0.0,0.0,0.0,0,0,106,-106.0,0.0,40.0,1,0.0,0.0,0.0,0,0,0,GK,Hull City,Man Utd,1,2026-08-22T11:30:00Z,6,2.0,0.0
276,Lo-Tutala,1,0,0,0,0,0,0,0,0,0,0,0,0,0,0,0.0,0.0,0.0,0.0,0.0,0,0,350,-350.0,0.0,40.0,1,0.0,0.0,0.0,0,0,0,GK,Hull City,Man Utd,1,2026-08-22T11:30:00Z,6,2.0,0.0
277,Egan,1,8,90,0,0,1,0,0,0,0,0,0,0,0,27,4.6,0.0,0.0,0.0,1.83,1,38934,9129,29805.0,2.0,40.0,1,43.4,0.1,2.0,20,3,1,DEF,Hull City,Man Utd,1,2026-08-22T11:30:00Z,6,2.0,0.0
47,Kamara,1,2,90,0,0,0,4,0,0,0,0,0,0,0,9,1.4,0.0,0.0,0.0,3.77,1,2270,4064,-1794.0,0.3,50.0,1,11.2,2.8,0.0,3,2,2,MID,Aston Villa,Brighton,0,2026-08-23T13:00:00Z,3,4.0,0.0
50,Burrowes,1,0,0,0,0,0,0,0,0,0,0,0,0,0,0,0.0,0.0,0.0,0.0,0.0,0,3151,5957,-2806.0,0.7,45.0,1,0.0,0.0,0.0,0,0,0,MID,Aston Villa,Brighton,0,2026-08-23T13:00:00Z,3,4.0,0.0
278,Hughes,1,0,0,0,0,0,0,0,0,0,0,0,0,0,0,0.0,0.0,0.0,0.0,0.0,0,89,2095,-2006.0,0.1,40.0,1,0.0,0.0,0.0,0,0,0,DEF,Hull City,Man Utd,1,2026-08-22T11:30:00Z,6,2.0,0.0
279,Ajayi,1,14,63,1,0,1,0,0,0,0,0,0,0,2,39,7.9,0.52,0.0,0.52,0.86,1,58061,13756,44305.0,1.7,40.0,1,44.2,0.2,35.0,7,3,0,DEF,Hull City,Man Utd,1,2026-08-22T11:30:00Z,6,2.0,0.0
280,Coyle,1,6,69,0,0,1,0,0,0,0,0,0,0,0,23,1.7,0.0,0.01,0.01,1.16,1,1798,4547,-2749.0,0.6,40.0,1,5.8,11.3,0.0,1,3,1,DEF,Hull City,Man Utd,1,2026-08-22T11:30:00Z,6,2.0,0.0
281,Drameh,1,1,20,0,0,0,0,0,0,0,0,0,0,0,4,0.3,0.05,0.0,0.05,0.67,0,981,356,625.0,0.1,40.0,1,2.2,0.0,1.0,2,2,1,DEF,Hull City,Man Utd,1,2026-08-22T11:30:00Z,6,2.0,0.0
282,Giles,1,6,84,0,0,1,0,0,0,0,0,0,0,0,24,3.7,0.02,0.07,0.09,1.76,1,11508,3370,8138.0,0.9,40.0,1,13.8,18.8,4.0,5,1,1,DEF,Hull City,Man Utd,1,2026-08-22T11:30:00Z,6,2.0,0.0
283,Jacob,1,0,0,0,0,0,0,0,0,0,0,0,0,0,0,0.0,0.0,0.0,0.0,0.0,0,47,197,-150.0,0.0,40.0,1,0.0,0.0,0.0,0,0,0,DEF,Hull City,Man Utd,1,2026-08-22T11:30:00Z,6,2.0,0.0
284,McCarthy,1,0,0,0,0,0,0,0,0,0,0,0,0,0,0,0.0,0.0,0.0,0.0,0.0,0,598,841,-243.0,0.1,40.0,1,0.0,0.0,0.0,0,0,0,DEF,Hull City,Man Utd,1,2026-08-22T11:30:00Z,6,2.0,0.0
285,McNair,1,1,26,0,0,0,0,0,0,0,0,0,0,0,3,0.4,0.0,0.0,0.0,0.96,0,583,578,5.0,0.1,40.0,1,4.2,0.0,0.0,2,1,0,DEF,Hull City,Man Utd,1,2026-08-22T11:30:00Z,6,2.0,0.0
286,Belloumi,1,3,90,0,0,1,0,0,0,0,0,0,0,0,8,2.0,0.05,0.03,0.08,1.83,1,11680,3296,8384.0,0.6,50.0,1,10.6,2.2,7.0,3,3,4,MID,Hull City,Man Utd,1,2026-08-22T11:30:00Z,6,2.0,0.0
287,Millar,1,0,19,0,0,0,0,0,0,0,1,0,0,0,2,0.4,0.0,0.0,0.0,0.67,0,268,792,-524.0,0.1,50.0,1,2.0,0.3,2.0,1,1,1,MID,Hull City,Man Utd,1,2026-08-22T11:30:00Z,6,2.0,0.0
292,Ömür,1,0,0,0,0,0,0,0,0,0,0,0,0,0,0,0.0,0.0,0.0,0.0,0.0,0,189,331,-142.0,0.0,50.0,1,0.0,0.0,0.0,0,0,0,MID,Hull City,Man Utd,1,2026-08-22T11:30:00Z,6,2.0,0.0
293,Kamara,1,0,0,0,0,0,0,0,0,0,0,0,0,0,0,0.0,0.0,0.0,0.0,0.0,0,0,179,-179.0,0.0,50.0,1,0.0,0.0,0.0,0,0,0,MID,Hull City,Man Utd,1,2026-08-22T11:30:00Z,6,2.0,0.0
294,Zambrano,1,0,0,0,0,0,0,0,0,0,0,0,0,0,0,0.0,0.0,0.0,0.0,0.0,0,413,1967,-1554.0,0.1,45.0,1,0.0,0.0,0.0,0,0,0,MID,Hull City,Man Utd,1,2026-08-22T11:30:00Z,6,2.0,0.0
295,McBurnie,1,5,90,0,1,1,0,0,0,0,0,0,0,0,21,9.0,0.16,0.01,0.17,1.83,1,67651,12922,54729.0,2.1,55.0,1,17.2,21.1,52.0,3,2,0,FWD,Hull City,Man Utd,1,2026-08-22T11:30:00Z,6,2.0,0.0
296,Akintola,1,0,0,0,0,0,0,0,0,0,0,0,0,0,0,0.0,0.0,0.0,0.0,0.0,0,825,831,-6.0,0.0,50.0,1,0.0,0.0,0.0,0,0,0,MID,Hull City,Man Utd,1,2026-08-22T11:30:00Z,6,2.0,0.0
297,Gyabi,1,0,0,0,0,0,0,0,0,0,0,0,0,0,0,0.0,0.0,0.0,0.0,0.0,0,55,491,-436.0,0.0,45.0,1,0.0,0.0,0.0,0,0,0,MID,Hull City,Man Utd,1,2026-08-22T11:30:00Z,6,2.0,0.0
26,Havertz,1,6,90,1,0,1,0,0,0,0,0,0,0,0,34,7.5,0.26,0.03,0.29,0.2,1,162463,31273,131190.0,7.4,75.0,1,37.2,13.2,25.0,2,0,0,FWD,Arsenal,Coventry City,1,2026-08-21T19:00:00Z,1,3.0,0.0
30,Digne,1,0,0,0,0,0,0,0,0,0,0,0,0,0,0,0.0,0.0,0.0,0.0,0.0,0,0,4631,-4631.0,0.1,45.0,1,0.0,0.0,0.0,0,0,0,DEF,Aston Villa,Brighton,0,2026-08-23T13:00:00Z,3,4.0,0.0
38,A.García,1,0,0,0,0,0,0,0,0,0,0,0,0,0,0,0.0,0.0,0.0,0.0,0.0,0,6593,12122,-5529.0,1.7,40.0,1,0.0,0.0,0.0,0,0,0,DEF,Aston Villa,Brighton,0,2026-08-23T13:00:00Z,3,4.0,0.0
298,Destan,1,0,0,0,0,0,0,0,0,0,0,0,0,0,0,0.0,0.0,0.0,0.0,0.0,0,0,8143,-8143.0,0.3,45.0,1,0.0,0.0,0.0,0,0,0,FWD,Hull City,Man Utd,1,2026-08-22T11:30:00Z,6,2.0,0.0
299,Burstow,1,0,0,0,0,0,0,0,0,0,0,0,0,0,0,0.0,0.0,0.0,0.0,0.0,0,0,1117,-1117.0,0.1,45.0,1,0.0,0.0,0.0,0,0,0,FWD,Hull City,Man Utd,1,2026-08-22T11:30:00Z,6,2.0,0.0
340,Gelhardt,1,0,0,0,0,0,0,0,0,0,0,0,0,0,0,0.0,0.0,0.0,0.0,0.0,0,40,248,-208.0,0.0,50.0,1,0.0,0.0,0.0,0,0,0,MID,Hull City,Man Utd,1,2026-08-22T11:30:00Z,6,2.0,0.0
556,Targett,1,1,5,0,0,0,0,0,0,0,0,0,0,0,3,0.0,0.0,0.0,0.0,0.07,0,4822,13141,-8319.0,2.3,40.0,1,0.4,0.0,0.0,0,1,0,DEF,Hull City,Man Utd,1,2026-08-22T11:30:00Z,6,2.0,0.0
563,Morita,1,0,0,0,0,0,0,0,0,0,0,0,0,0,0,0.0,0.0,0.0,0.0,0.0,0,91,308,-217.0,0.0,50.0,1,0.0,0.0,0.0,0,0,0,MID,Hull City,Man Utd,1,2026-08-22T11:30:00Z,6,2.0,0.0
572,Tzolakis,1,10,90,0,0,1,0,0,0,0,0,0,5,3,41,3.5,0.0,0.0,0.0,1.83,1,84783,9907,74876.0,2.7,45.0,1,34.6,0.0,0.0,0,22,0,GK,Hull City,Man Utd,1,2026-08-22T11:30:00Z,6,2.0,0.0
585,Herrington,1,1,26,0,0,0,0,0,0,0,0,0,0,0,4,0.8,0.0,0.0,0.0,0.96,0,2582,2974,-392.0,0.7,40.0,1,8.0,0.0,0.0,4,0,0,DEF,Hull City,Man Utd,1,2026-08-22T11:30:00Z,6,2.0,0.0
586,Mendy,1,15,63,1,0,1,0,0,0,0,0,0,0,1,35,8.5,0.28,0.0,0.28,0.86,1,135833,16588,119245.0,3.5,40.0,1,51.8,0.6,33.0,13,2,0,DEF,Hull City,Man Utd,1,2026-08-22T11:30:00Z,6,2.0,0.0
589,Gourna-Douath,1,0,0,0,0,0,0,0,0,0,0,0,0,0,0,0.0,0.0,0.0,0.0,0.0,0,119,242,-123.0,0.0,50.0,1,0.0,0.0,0.0,0,0,0,MID,Hull City,Man Utd,1,2026-08-22T11:30:00Z,6,2.0,0.0
259,Diop,1,2,90,0,0,0,1,0,0,0,0,0,0,0,7,1.0,0.0,0.01,0.01,0.66,1,23246,58385,-35139.0,17.2,40.0,1,7.2,0.8,2.0,4,6,1,DEF,Ipswich Town,Sunderland,1,2026-08-22T14:00:00Z,8,2.0,1.0
267,Lukić,1,5,90,0,1,0,1,0,0,0,0,0,0,0,22,4.0,0.0,0.02,0.02,0.66,1,972,955,17.0,0.1,50.0,1,23.4,14.8,2.0,2,3,1,MID,Ipswich Town,Sunderland,1,2026-08-22T14:00:00Z,8,2.0,1.0
300,Walton,1,0,0,0,0,0,0,0,0,0,0,0,0,0,0,0.0,0.0,0.0,0.0,0.0,0,197,3646,-3449.0,0.5,45.0,1,0.0,0.0,0.0,0,0,0,GK,Ipswich Town,Sunderland,1,2026-08-22T14:00:00Z,8,2.0,1.0
301,Palmer,1,0,0,0,0,0,0,0,0,0,0,0,0,0,0,0.0,0.0,0.0,0.0,0.0,0,6515,14568,-8053.0,4.5,40.0,1,0.0,0.0,0.0,0,0,0,GK,Ipswich Town,Sunderland,1,2026-08-22T14:00:00Z,8,2.0,1.0
302,Button,1,0,0,0,0,0,0,0,0,0,0,0,0,0,0,0.0,0.0,0.0,0.0,0.0,0,1613,1564,49.0,0.4,40.0,1,0.0,0.0,0.0,0,0,0,GK,Ipswich Town,Sunderland,1,2026-08-22T14:00:00Z,8,2.0,1.0
27,G.Jesus,1,0,0,0,0,0,0,0,0,0,0,0,0,0,0,0.0,0.0,0.0,0.0,0.0,0,1702,6379,-4677.0,0.3,60.0,1,0.0,0.0,0.0,0,0,0,FWD,Arsenal,Coventry City,1,2026-08-21T19:00:00Z,1,3.0,0.0
452,Bruno G.,1,0,0,0,0,0,0,0,0,0,0,0,0,0,0,0.0,0.0,0.0,0.0,0.0,0,748,109756,-109008.0,2.9,69.0,1,0.0,0.0,0.0,0,0,0,MID,Arsenal,Coventry City,1,2026-08-21T19:00:00Z,1,3.0,0.0
303,Kipré,1,0,0,0,0,0,0,0,0,0,0,0,0,0,0,0.0,0.0,0.0,0.0,0.0,0,305,3987,-3682.0,0.6,40.0,1,0.0,0.0,0.0,0,0,0,DEF,Ipswich Town,Sunderland,1,2026-08-22T14:00:00Z,8,2.0,1.0
304,O'Shea,1,4,90,0,0,0,1,0,0,0,0,0,0,0,16,7.5,0.0,0.16,0.16,0.66,1,13214,11146,2068.0,3.4,40.0,1,48.0,24.5,2.0,16,6,2,DEF,Ipswich Town,Sunderland,1,2026-08-22T14:00:00Z,8,2.0,1.0
305,Davis,1,2,90,0,0,0,1,0,0,0,0,0,0,0,10,1.8,0.0,0.01,0.01,0.66,1,6369,17436,-11067.0,4.9,40.0,1,15.2,2.3,0.0,7,4,0,DEF,Ipswich Town,Sunderland,1,2026-08-22T14:00:00Z,8,2.0,1.0
306,Greaves,1,2,90,0,0,0,1,0,0,0,0,0,0,0,12,1.8,0.0,0.0,0.0,0.66,1,1445,4735,-3290.0,1.5,40.0,1,16.4,1.3,0.0,4,1,3,DEF,Ipswich Town,Sunderland,1,2026-08-22T14:00:00Z,8,2.0,1.0
307,Johnson,1,0,0,0,0,0,0,0,0,0,0,0,0,0,0,0.0,0.0,0.0,0.0,0.0,0,380,889,-509.0,0.1,40.0,1,0.0,0.0,0.0,0,0,0,DEF,Ipswich Town,Sunderland,1,2026-08-22T14:00:00Z,8,2.0,1.0
308,Furlong,1,0,0,0,0,0,0,0,0,0,0,0,0,0,0,0.0,0.0,0.0,0.0,0.0,0,238,3560,-3322.0,0.6,40.0,1,0.0,0.0,0.0,0,0,0,DEF,Ipswich Town,Sunderland,1,2026-08-22T14:00:00Z,8,2.0,1.0
309,Núñez,1,4,79,0,0,0,1,0,0,0,0,0,0,0,26,2.4,0.03,0.03,0.06,0.63,1,996,1079,-83.0,0.1,50.0,1,13.0,7.3,4.0,4,6,2,MID,Ipswich Town,Sunderland,1,2026-08-22T14:00:00Z,8,2.0,1.0
310,Matusiwa,1,0,0,0,0,0,0,0,0,0,0,0,0,0,0,0.0,0.0,0.0,0.0,0.0,0,6,98,-92.0,0.0,50.0,1,0.0,0.0,0.0,0,0,0,MID,Ipswich Town,Sunderland,1,2026-08-22T14:00:00Z,8,2.0,1.0
311,Burns,1,0,0,0,0,0,0,0,0,0,0,0,0,0,0,0.0,0.0,0.0,0.0,0.0,0,0,179,-179.0,0.0,50.0,1,0.0,0.0,0.0,0,0,0,MID,Ipswich Town,Sunderland,1,2026-08-22T14:00:00Z,8,2.0,1.0
312,Taylor,1,0,0,0,0,0,0,0,0,0,0,0,0,0,0,0.0,0.0,0.0,0.0,0.0,0,92,798,-706.0,0.0,45.0,1,0.0,0.0,0.0,0,0,0,MID,Ipswich Town,Sunderland,1,2026-08-22T14:00:00Z,8,2.0,1.0
313,Clarke,1,7,19,1,0,0,0,0,0,0,0,0,0,1,27,5.2,0.1,0.0,0.1,0.03,0,2782,1953,829.0,0.3,55.0,1,33.6,0.6,18.0,0,1,1,MID,Ipswich Town,Sunderland,1,2026-08-22T14:00:00Z,8,2.0,1.0
314,Ogbene,1,0,0,0,0,0,0,0,0,0,0,0,0,0,0,0.0,0.0,0.0,0.0,0.0,0,34,199,-165.0,0.0,50.0,1,0.0,0.0,0.0,0,0,0,MID,Ipswich Town,Sunderland,1,2026-08-22T14:00:00Z,8,2.0,1.0
315,Fatawu,1,2,65,0,0,0,1,0,0,0,0,0,0,0,22,5.5,0.0,0.41,0.41,0.63,1,509,2278,-1769.0,0.2,55.0,1,18.6,28.4,8.0,1,2,4,MID,Ipswich Town,Sunderland,1,2026-08-22T14:00:00Z,8,2.0,1.0
316,Emersonn,1,9,65,1,0,0,1,0,0,0,0,0,0,3,41,11.2,0.82,0.06,0.88,0.63,1,67710,13625,54085.0,1.7,55.0,1,45.6,26.3,40.0,1,1,1,FWD,Ipswich Town,Sunderland,1,2026-08-22T14:00:00Z,8,2.0,1.0
317,Hirst,1,0,0,0,0,0,0,0,0,0,0,0,0,0,0,0.0,0.0,0.0,0.0,0.0,0,0,7695,-7695.0,0.2,50.0,1,0.0,0.0,0.0,0,0,0,FWD,Ipswich Town,Sunderland,1,2026-08-22T14:00:00Z,8,2.0,1.0
318,Philogene,1,0,0,0,0,0,0,0,0,0,0,0,0,0,0,0.0,0.0,0.0,0.0,0.0,0,105,3063,-2958.0,0.1,55.0,1,0.0,0.0,0.0,0,0,0,MID,Ipswich Town,Sunderland,1,2026-08-22T14:00:00Z,8,2.0,1.0
31,Konsa,1,0,0,0,0,0,0,0,0,0,0,0,0,0,0,0.0,0.0,0.0,0.0,0.0,0,41742,201556,-159814.0,11.0,45.0,1,0.0,0.0,0.0,0,0,0,DEF,Arsenal,Coventry City,1,2026-08-21T19:00:00Z,1,3.0,0.0
319,Szmodics,1,0,0,0,0,0,0,0,0,0,0,0,0,0,0,0.0,0.0,0.0,0.0,0.0,0,0,375,-375.0,0.0,50.0,1,0.0,0.0,0.0,0,0,0,MID,Ipswich Town,Sunderland,1,2026-08-22T14:00:00Z,8,2.0,1.0
320,Akpom,1,1,24,0,0,0,0,0,0,0,0,0,0,0,3,0.3,0.0,0.0,0.0,0.03,0,4046,5235,-1189.0,0.5,50.0,1,1.4,0.0,2.0,0,2,1,FWD,Ipswich Town,Sunderland,1,2026-08-22T14:00:00Z,8,2.0,1.0
321,Walle Egeli,1,1,10,0,0,0,0,0,0,0,0,0,0,0,3,0.0,0.0,0.0,0.0,0.03,0,32952,19493,13459.0,2.4,45.0,1,0.0,0.1,0.0,0,0,0,FWD,Ipswich Town,Sunderland,1,2026-08-22T14:00:00Z,8,2.0,1.0
322,Al-Hamadi,1,0,0,0,0,0,0,0,0,0,0,0,0,0,0,0.0,0.0,0.0,0.0,0.0,0,755,2231,-1476.0,0.1,50.0,1,0.0,0.0,0.0,0,0,0,FWD,Ipswich Town,Sunderland,1,2026-08-22T14:00:00Z,8,2.0,1.0
323,McAteer,1,1,24,0,0,0,0,0,0,0,0,0,0,0,4,0.3,0.0,0.0,0.0,0.03,0,4922,9790,-4868.0,1.4,45.0,1,1.2,1.3,0.0,0,2,1,MID,Ipswich Town,Sunderland,1,2026-08-22T14:00:00Z,8,2.0,1.0
554,Van Oevelen,1,0,0,0,0,0,0,0,0,0,0,0,0,0,0,0.0,0.0,0.0,0.0,0.0,0,54,528,-474.0,0.0,45.0,1,0.0,0.0,0.0,0,0,0,GK,Ipswich Town,Sunderland,1,2026-08-22T14:00:00Z,8,2.0,1.0
562,Maeda,1,2,79,0,0,0,1,0,0,0,0,0,0,0,7,2.1,0.61,0.0,0.61,0.63,1,675,3223,-2548.0,0.4,55.0,1,12.6,1.4,7.0,3,2,4,MID,Ipswich Town,Sunderland,1,2026-08-22T14:00:00Z,8,2.0,1.0
564,Scherpen,1,2,90,0,0,0,1,0,0,0,0,0,2,0,12,1.4,0.0,0.0,0.0,0.66,1,1159,2716,-1557.0,0.6,45.0,1,14.4,0.0,0.0,1,10,0,GK,Ipswich Town,Sunderland,1,2026-08-22T14:00:00Z,8,2.0,1.0
571,Florentino,1,0,0,0,0,0,0,0,0,0,0,0,0,0,0,0.0,0.0,0.0,0.0,0.0,0,202,1686,-1484.0,0.1,50.0,1,0.0,0.0,0.0,0,0,0,MID,Ipswich Town,Sunderland,1,2026-08-22T14:00:00Z,8,2.0,1.0
591,Enciso,1,5,70,0,1,0,1,0,0,0,0,0,0,0,24,5.4,0.23,0.31,0.54,0.63,1,14160,3719,10441.0,0.4,55.0,1,21.6,14.0,18.0,2,5,1,MID,Ipswich Town,Sunderland,1,2026-08-22T14:00:00Z,8,2.0,1.0
592,Ouattara,1,1,10,0,0,0,0,0,0,0,0,0,0,0,4,1.5,0.0,0.0,0.0,0.03,0,2525,4839,-2314.0,1.0,40.0,1,5.2,10.0,0.0,2,0,0,DEF,Ipswich Town,Sunderland,1,2026-08-22T14:00:00Z,8,2.0,1.0
602,Humphreys,1,0,0,0,0,0,0,0,0,0,0,0,0,0,0,0.0,0.0,0.0,0.0,0.0,0,1150,300,850.0,0.0,45.0,1,0.0,0.0,0.0,0,0,0,MID,Ipswich Town,Sunderland,1,2026-08-22T14:00:00Z,8,2.0,1.0
260,Wilson,1,3,65,0,0,1,0,0,0,0,0,0,0,0,8,2.6,0.0,0.02,0.02,0.53,1,12833,46093,-33260.0,5.7,65.0,1,6.2,15.3,4.0,0,0,2,MID,Leeds,Nott'm Forest,0,2026-08-22T14:00:00Z,4,0.0,1.0
326,Perri,1,0,0,0,0,0,0,0,0,0,0,0,0,0,0,0.0,0.0,0.0,0.0,0.0,0,293,4282,-3989.0,0.6,45.0,1,0.0,0.0,0.0,0,0,0,GK,Leeds,Nott'm Forest,0,2026-08-22T14:00:00Z,4,0.0,1.0
327,Bijol,1,10,90,0,0,1,0,0,0,0,0,0,0,2,28,3.9,0.11,0.0,0.11,0.66,1,37170,6653,30517.0,0.9,50.0,1,23.6,0.4,15.0,11,5,1,DEF,Leeds,Nott'm Forest,0,2026-08-22T14:00:00Z,4,0.0,1.0
329,Rodon,1,6,90,0,0,1,0,0,0,0,0,0,0,0,21,3.4,0.03,0.06,0.09,0.66,1,16686,9956,6730.0,3.6,45.0,1,14.4,14.4,5.0,6,1,1,DEF,Leeds,Nott'm Forest,0,2026-08-22T14:00:00Z,4,0.0,1.0
330,Bogle,1,6,90,0,0,1,0,0,0,0,0,0,0,0,24,0.8,0.0,0.0,0.0,0.66,1,5173,2440,2733.0,0.6,45.0,1,7.0,1.1,0.0,2,3,1,DEF,Leeds,Nott'm Forest,0,2026-08-22T14:00:00Z,4,0.0,1.0
331,Gudmundsson,1,0,0,0,0,0,0,0,0,0,0,0,0,0,0,0.0,0.0,0.0,0.0,0.0,0,56,890,-834.0,0.0,45.0,1,0.0,0.0,0.0,0,0,0,DEF,Leeds,Nott'm Forest,0,2026-08-22T14:00:00Z,4,0.0,1.0
332,Justin,1,10,90,0,0,1,0,0,0,0,0,0,0,2,28,2.9,0.0,0.01,0.01,0.66,1,33909,7355,26554.0,1.1,45.0,1,24.6,2.3,2.0,6,4,6,DEF,Leeds,Nott'm Forest,0,2026-08-22T14:00:00Z,4,0.0,1.0
333,Bornauw,1,0,0,0,0,0,0,0,0,0,0,0,0,0,0,0.0,0.0,0.0,0.0,0.0,0,0,149,-149.0,0.0,45.0,1,0.0,0.0,0.0,0,0,0,DEF,Leeds,Nott'm Forest,0,2026-08-22T14:00:00Z,4,0.0,1.0
334,Muharemović,1,6,90,0,0,1,0,0,0,0,0,0,0,0,25,3.3,0.09,0.0,0.09,0.66,1,18524,9365,9159.0,3.4,50.0,1,15.6,0.6,17.0,7,1,0,DEF,Leeds,Nott'm Forest,0,2026-08-22T14:00:00Z,4,0.0,1.0
335,Stach,1,13,90,1,0,1,0,0,0,0,0,0,0,3,37,6.6,0.1,0.05,0.15,0.66,1,62141,11012,51129.0,2.2,60.0,1,47.8,2.3,16.0,8,5,3,MID,Leeds,Nott'm Forest,0,2026-08-22T14:00:00Z,4,0.0,1.0
336,Okafor,1,1,24,0,0,0,0,0,0,0,0,0,0,0,10,2.8,0.0,0.16,0.16,0.13,0,1138,7219,-6081.0,0.4,60.0,1,10.0,14.0,4.0,1,2,2,MID,Leeds,Nott'm Forest,0,2026-08-22T14:00:00Z,4,0.0,1.0
337,Aaronson,1,3,81,0,0,1,0,0,0,0,0,0,0,0,16,1.6,0.01,0.01,0.02,0.58,1,2138,6732,-4594.0,0.9,55.0,1,8.0,1.1,7.0,0,6,1,MID,Leeds,Nott'm Forest,0,2026-08-22T14:00:00Z,4,0.0,1.0
338,Ampadu,1,5,90,0,0,1,0,0,0,0,0,0,0,0,18,4.2,0.0,0.04,0.04,0.66,1,3651,7853,-4202.0,1.4,55.0,1,18.6,23.3,0.0,6,5,2,MID,Leeds,Nott'm Forest,0,2026-08-22T14:00:00Z,4,0.0,1.0
339,Longstaff,1,1,8,0,0,0,0,0,0,0,0,0,0,0,3,0.0,0.0,0.0,0.0,0.07,0,503,1383,-880.0,0.1,50.0,1,0.0,0.2,0.0,0,0,0,MID,Leeds,Nott'm Forest,0,2026-08-22T14:00:00Z,4,0.0,1.0
341,Gnonto,1,0,0,0,0,0,0,0,0,0,0,0,0,0,0,0.0,0.0,0.0,0.0,0.0,0,14,642,-628.0,0.0,50.0,1,0.0,0.0,0.0,0,0,0,MID,Leeds,Nott'm Forest,0,2026-08-22T14:00:00Z,4,0.0,1.0
342,Harrison,1,0,0,0,0,0,0,0,0,0,0,0,0,0,0,0.0,0.0,0.0,0.0,0.0,0,0,34,-34.0,0.0,50.0,1,0.0,0.0,0.0,0,0,0,MID,Leeds,Nott'm Forest,0,2026-08-22T14:00:00Z,4,0.0,1.0
343,James,1,0,0,0,0,0,0,0,0,0,0,0,0,0,0,0.0,0.0,0.0,0.0,0.0,0,689,1483,-794.0,0.1,50.0,1,0.0,0.0,0.0,0,0,0,MID,Leeds,Nott'm Forest,0,2026-08-22T14:00:00Z,4,0.0,1.0
344,Gruev,1,0,0,0,0,0,0,0,0,0,0,0,0,0,0,0.0,0.0,0.0,0.0,0.0,0,7,120,-113.0,0.0,50.0,1,0.0,0.0,0.0,0,0,0,MID,Leeds,Nott'm Forest,0,2026-08-22T14:00:00Z,4,0.0,1.0
349,Mateo Joseph,1,0,0,0,0,0,0,0,0,0,0,0,0,0,0,0.0,0.0,0.0,0.0,0.0,0,277,918,-641.0,0.1,45.0,1,0.0,0.0,0.0,0,0,0,FWD,Leeds,Nott'm Forest,0,2026-08-22T14:00:00Z,4,0.0,1.0
385,Trafford,1,9,90,0,0,1,0,0,0,0,0,0,3,2,28,1.9,0.0,0.0,0.0,0.66,1,54337,12147,42190.0,4.2,50.0,1,19.4,0.0,0.0,0,9,0,GK,Leeds,Nott'm Forest,0,2026-08-22T14:00:00Z,4,0.0,1.0
598,Elvedi,1,0,0,0,0,0,0,0,0,0,0,0,0,0,0,0.0,0.0,0.0,0.0,0.0,0,306,232,74.0,0.0,45.0,1,0.0,0.0,0.0,0,0,0,DEF,Leeds,Nott'm Forest,0,2026-08-22T14:00:00Z,4,0.0,1.0
603,Lienou,1,0,0,0,0,0,0,0,0,0,0,0,0,0,0,0.0,0.0,0.0,0.0,0.0,0,1370,285,1085.0,0.1,40.0,1,0.0,0.0,0.0,0,0,0,DEF,Leeds,Nott'm Forest,0,2026-08-22T14:00:00Z,4,0.0,1.0
604,Cresswell,1,0,0,0,0,0,0,0,0,0,0,0,0,0,0,0.0,0.0,0.0,0.0,0.0,0,2658,630,2028.0,0.1,45.0,1,0.0,0.0,0.0,0,0,0,MID,Leeds,Nott'm Forest,0,2026-08-22T14:00:00Z,4,0.0,1.0
350,A.Becker,1,2,90,0,0,0,2,0,0,0,0,0,3,0,7,1.8,0.0,0.0,0.0,1.58,1,20505,17918,2587.0,3.8,55.0,1,17.8,0.0,0.0,2,6,0,GK,Liverpool,Newcastle,0,2026-08-23T15:30:00Z,9,2.0,2.0
351,Mamardashvili,1,0,0,0,0,0,0,0,0,0,0,0,0,0,0,0.0,0.0,0.0,0.0,0.0,0,589,1841,-1252.0,0.2,50.0,1,0.0,0.0,0.0,0,0,0,GK,Liverpool,Newcastle,0,2026-08-23T15:30:00Z,9,2.0,2.0
352,Woodman,1,0,0,0,0,0,0,0,0,0,0,0,0,0,0,0.0,0.0,0.0,0.0,0.0,0,2773,4858,-2085.0,1.1,40.0,1,0.0,0.0,0.0,0,0,0,GK,Liverpool,Newcastle,0,2026-08-23T15:30:00Z,9,2.0,2.0
16,Madueke,1,1,22,0,0,0,0,0,0,0,0,0,0,0,8,5.3,0.0,0.04,0.04,0.15,0,1151,7038,-5887.0,0.3,64.0,1,9.4,43.1,0.0,0,2,0,MID,Arsenal,Coventry City,1,2026-08-21T19:00:00Z,1,3.0,0.0
17,Merino,1,1,14,0,0,0,0,0,0,0,0,0,0,0,5,1.9,0.14,0.02,0.16,0.15,0,2149,13708,-11559.0,0.6,60.0,1,3.6,1.2,14.0,0,2,0,MID,Arsenal,Coventry City,1,2026-08-21T19:00:00Z,1,3.0,0.0
353,Pecsi,1,0,0,0,0,0,0,0,0,0,0,0,0,0,0,0.0,0.0,0.0,0.0,0.0,0,0,418,-418.0,0.0,40.0,1,0.0,0.0,0.0,0,0,0,GK,Liverpool,Newcastle,0,2026-08-23T15:30:00Z,9,2.0,2.0
354,Jaros,1,0,0,0,0,0,0,0,0,0,0,0,0,0,0,0.0,0.0,0.0,0.0,0.0,0,134,159,-25.0,0.0,40.0,1,0.0,0.0,0.0,0,0,0,GK,Liverpool,Newcastle,0,2026-08-23T15:30:00Z,9,2.0,2.0
355,Davies,1,0,0,0,0,0,0,0,0,0,0,0,0,0,0,0.0,0.0,0.0,0.0,0.0,0,563,622,-59.0,0.1,40.0,1,0.0,0.0,0.0,0,0,0,GK,Liverpool,Newcastle,0,2026-08-23T15:30:00Z,9,2.0,2.0
356,Virgil,1,2,90,0,0,0,2,0,0,0,1,0,0,0,8,5.1,0.25,0.01,0.26,1.58,1,63291,66634,-3343.0,19.6,65.0,1,25.6,1.6,24.0,9,6,2,DEF,Liverpool,Newcastle,0,2026-08-23T15:30:00Z,9,2.0,2.0
358,Kerkez,1,0,90,0,0,0,2,0,0,0,1,0,0,0,3,4.4,0.02,0.02,0.04,1.58,1,12895,29029,-16134.0,3.6,55.0,1,18.0,13.8,12.0,4,3,3,DEF,Liverpool,Newcastle,0,2026-08-23T15:30:00Z,9,2.0,2.0
359,Gomez,1,0,0,0,0,0,0,0,0,0,0,0,0,0,0,0.0,0.0,0.0,0.0,0.0,0,68,379,-311.0,0.0,50.0,1,0.0,0.0,0.0,0,0,0,DEF,Liverpool,Newcastle,0,2026-08-23T15:30:00Z,9,2.0,2.0
360,Bradley,1,0,0,0,0,0,0,0,0,0,0,0,0,0,0,0.0,0.0,0.0,0.0,0.0,0,71,204,-133.0,0.0,50.0,1,0.0,0.0,0.0,0,0,0,DEF,Liverpool,Newcastle,0,2026-08-23T15:30:00Z,9,2.0,2.0
361,Lucky,1,0,0,0,0,0,0,0,0,0,0,0,0,0,0,0.0,0.0,0.0,0.0,0.0,0,549,997,-448.0,0.1,40.0,1,0.0,0.0,0.0,0,0,0,DEF,Liverpool,Newcastle,0,2026-08-23T15:30:00Z,9,2.0,2.0
362,Jacquet,1,1,69,0,0,0,2,0,0,0,0,0,0,0,9,2.4,0.0,0.02,0.02,1.04,1,19206,15420,3786.0,2.4,50.0,1,12.4,11.9,0.0,2,3,1,DEF,Liverpool,Newcastle,0,2026-08-23T15:30:00Z,9,2.0,2.0
363,Leoni,1,0,0,0,0,0,0,0,0,0,0,0,0,0,0,0.0,0.0,0.0,0.0,0.0,0,164,471,-307.0,0.0,40.0,1,0.0,0.0,0.0,0,0,0,DEF,Liverpool,Newcastle,0,2026-08-23T15:30:00Z,9,2.0,2.0
364,Tsimikas,1,0,0,0,0,0,0,0,0,0,0,0,0,0,0,0.0,0.0,0.0,0.0,0.0,0,307,853,-546.0,0.1,50.0,1,0.0,0.0,0.0,0,0,0,DEF,Liverpool,Newcastle,0,2026-08-23T15:30:00Z,9,2.0,2.0
365,Ramsay,1,0,0,0,0,0,0,0,0,0,0,0,0,0,0,0.0,0.0,0.0,0.0,0.0,0,638,2907,-2269.0,0.2,40.0,1,0.0,0.0,0.0,0,0,0,DEF,Liverpool,Newcastle,0,2026-08-23T15:30:00Z,9,2.0,2.0
366,Wirtz,1,2,62,0,0,0,2,0,0,0,0,0,0,0,16,5.7,0.26,0.04,0.3,0.51,1,21705,99413,-77708.0,11.6,75.0,1,9.8,17.9,29.0,0,4,1,MID,Liverpool,Newcastle,0,2026-08-23T15:30:00Z,9,2.0,2.0
367,Gakpo,1,12,90,1,0,0,2,0,0,0,0,0,0,3,33,11.5,0.3,0.15,0.45,1.58,1,166348,22155,144193.0,6.0,70.0,1,44.0,34.0,37.0,4,5,3,MID,Liverpool,Newcastle,0,2026-08-23T15:30:00Z,9,2.0,2.0
368,Szoboszlai,1,8,90,1,0,0,2,0,0,0,0,0,0,1,29,11.9,0.85,0.27,1.12,1.58,1,200844,55880,144964.0,43.1,70.0,1,50.4,47.1,21.0,2,4,1,MID,Liverpool,Newcastle,0,2026-08-23T15:30:00Z,9,2.0,2.0
32,Cash,1,-1,90,0,0,0,4,0,0,0,1,0,0,0,-8,1.3,0.0,0.0,0.0,3.77,1,25780,89194,-63414.0,7.8,45.0,1,12.0,1.1,0.0,5,0,2,DEF,Aston Villa,Brighton,0,2026-08-23T13:00:00Z,3,4.0,0.0
369,Ngumoha,1,2,62,0,0,0,2,0,0,0,0,0,0,0,9,1.3,0.04,0.02,0.06,0.51,1,4735,12473,-7738.0,1.1,60.0,1,2.4,6.0,5.0,0,2,1,MID,Liverpool,Newcastle,0,2026-08-23T15:30:00Z,9,2.0,2.0
370,Chiesa,1,0,0,0,0,0,0,0,0,0,0,0,0,0,0,0.0,0.0,0.0,0.0,0.0,0,581,2781,-2200.0,0.1,55.0,1,0.0,0.0,0.0,0,0,0,MID,Liverpool,Newcastle,0,2026-08-23T15:30:00Z,9,2.0,2.0
371,Gravenberch,1,5,77,0,1,0,2,0,0,0,0,0,0,0,26,4.4,0.06,0.05,0.11,1.1,1,12339,12927,-588.0,2.0,60.0,1,24.4,16.0,4.0,2,8,1,MID,Liverpool,Newcastle,0,2026-08-23T15:30:00Z,9,2.0,2.0
372,Mac Allister,1,1,27,0,0,0,0,0,0,0,0,0,0,0,9,0.7,0.0,0.01,0.01,1.07,0,5636,18442,-12806.0,1.6,55.0,1,5.8,1.4,0.0,0,1,2,MID,Liverpool,Newcastle,0,2026-08-23T15:30:00Z,9,2.0,2.0
373,C.Jones,1,0,0,0,0,0,0,0,0,0,0,0,0,0,0,0.0,0.0,0.0,0.0,0.0,0,29,1012,-983.0,0.0,55.0,1,0.0,0.0,0.0,0,0,0,MID,Liverpool,Newcastle,0,2026-08-23T15:30:00Z,9,2.0,2.0
374,Endo,1,0,0,0,0,0,0,0,0,0,0,0,0,0,0,0.0,0.0,0.0,0.0,0.0,0,445,878,-433.0,0.1,50.0,1,0.0,0.0,0.0,0,0,0,MID,Liverpool,Newcastle,0,2026-08-23T15:30:00Z,9,2.0,2.0
375,Nyoni,1,0,0,0,0,0,0,0,0,0,0,0,0,0,0,0.0,0.0,0.0,0.0,0.0,0,126,590,-464.0,0.0,50.0,1,0.0,0.0,0.0,0,0,0,MID,Liverpool,Newcastle,0,2026-08-23T15:30:00Z,9,2.0,2.0
377,Munoz,1,4,27,0,1,0,0,0,0,0,0,0,0,0,15,2.7,0.1,0.04,0.14,1.07,0,5475,4930,545.0,0.6,65.0,1,4.0,8.9,14.0,0,0,0,MID,Liverpool,Newcastle,0,2026-08-23T15:30:00Z,9,2.0,2.0
378,McConnell,1,0,0,0,0,0,0,0,0,0,0,0,0,0,0,0.0,0.0,0.0,0.0,0.0,0,836,2543,-1707.0,0.3,45.0,1,0.0,0.0,0.0,0,0,0,MID,Liverpool,Newcastle,0,2026-08-23T15:30:00Z,9,2.0,2.0
379,Isak,1,2,90,0,0,0,2,0,0,0,0,0,0,0,6,9.2,1.09,0.01,1.1,1.58,1,58179,83278,-25099.0,16.5,90.0,1,11.4,14.6,66.0,1,0,0,FWD,Liverpool,Newcastle,0,2026-08-23T15:30:00Z,9,2.0,2.0
380,Ekitiké,1,0,0,0,0,0,0,0,0,0,0,0,0,0,0,0.0,0.0,0.0,0.0,0.0,0,667,3494,-2827.0,0.1,75.0,1,0.0,0.0,0.0,0,0,0,FWD,Liverpool,Newcastle,0,2026-08-23T15:30:00Z,9,2.0,2.0
381,Koumas,1,1,12,0,0,0,0,0,0,0,0,0,0,0,4,0.9,0.03,0.0,0.03,0.48,0,132,176,-44.0,0.0,50.0,1,1.2,0.5,7.0,0,1,0,MID,Liverpool,Newcastle,0,2026-08-23T15:30:00Z,9,2.0,2.0
382,Danns,1,0,0,0,0,0,0,0,0,0,0,0,0,0,0,0.0,0.0,0.0,0.0,0.0,0,279,493,-214.0,0.0,45.0,1,0.0,0.0,0.0,0,0,0,FWD,Liverpool,Newcastle,0,2026-08-23T15:30:00Z,9,2.0,2.0
383,Elliott,1,0,0,0,0,0,0,0,0,0,0,0,0,0,0,0.0,0.0,0.0,0.0,0.0,0,334,1069,-735.0,0.1,55.0,1,0.0,0.0,0.0,0,0,0,MID,Liverpool,Newcastle,0,2026-08-23T15:30:00Z,9,2.0,2.0
579,Araujo,1,1,20,0,0,0,0,0,0,0,0,0,0,0,3,1.4,0.0,0.03,0.03,0.54,0,22244,29309,-7065.0,2.7,55.0,1,13.2,1.2,0.0,3,1,1,DEF,Liverpool,Newcastle,0,2026-08-23T15:30:00Z,9,2.0,2.0
238,Grealish,1,1,8,0,0,0,0,0,0,0,0,0,0,0,2,0.2,0.0,0.0,0.0,0.0,0,1068,1927,-859.0,0.2,65.0,1,1.0,0.6,0.0,0,0,1,MID,Everton,Crystal Palace,1,2026-08-22T14:00:00Z,5,2.0,0.0
384,Donnarumma,1,3,90,0,0,0,1,0,0,0,0,0,3,0,12,2.7,0.0,0.0,0.0,0.65,1,28376,38804,-10428.0,8.3,55.0,1,26.8,0.0,0.0,1,4,0,GK,Man City,Bournemouth,1,2026-08-23T13:00:00Z,7,2.0,1.0
386,Bettinelli,1,0,0,0,0,0,0,0,0,0,0,0,0,0,0,0.0,0.0,0.0,0.0,0.0,0,113,200,-87.0,0.0,45.0,1,0.0,0.0,0.0,0,0,0,GK,Man City,Bournemouth,1,2026-08-23T13:00:00Z,7,2.0,1.0
24,Nelson,1,0,0,0,0,0,0,0,0,0,0,0,0,0,0,0.0,0.0,0.0,0.0,0.0,0,55,141,-86.0,0.0,55.0,1,0.0,0.0,0.0,0,0,0,MID,Arsenal,Coventry City,1,2026-08-21T19:00:00Z,1,3.0,0.0
33,Mings,1,1,16,0,0,0,0,0,0,0,0,0,0,0,5,0.2,0.0,0.0,0.0,0.22,0,3026,3001,25.0,0.4,45.0,1,2.0,0.0,0.0,0,0,1,DEF,Aston Villa,Brighton,0,2026-08-23T13:00:00Z,3,4.0,0.0
387,O'Reilly,1,2,62,0,0,0,1,0,0,0,0,0,0,0,5,5.0,0.07,0.41,0.48,0.55,1,58694,90045,-31351.0,21.0,65.0,1,8.8,30.4,11.0,1,5,1,DEF,Man City,Bournemouth,1,2026-08-23T13:00:00Z,7,2.0,1.0
388,Guéhi,1,10,90,1,0,0,1,0,0,0,0,0,0,2,31,8.9,0.89,0.32,1.21,0.65,1,156220,34512,121708.0,19.4,60.0,1,43.6,17.5,28.0,1,4,3,DEF,Man City,Bournemouth,1,2026-08-23T13:00:00Z,7,2.0,1.0
389,Matheus N.,1,1,33,0,0,0,0,0,0,0,0,0,0,0,4,0.9,0.0,0.04,0.04,0.1,0,2990,12268,-9278.0,1.5,60.0,1,3.8,1.5,4.0,1,2,0,DEF,Man City,Bournemouth,1,2026-08-23T13:00:00Z,7,2.0,1.0
390,Rúben,1,2,90,0,0,0,1,0,0,0,0,0,0,0,11,4.4,0.0,0.14,0.14,0.65,1,8716,10723,-2007.0,1.8,55.0,1,24.4,17.9,2.0,6,8,0,DEF,Man City,Bournemouth,1,2026-08-23T13:00:00Z,7,2.0,1.0
391,Gvardiol,1,9,90,1,0,0,1,0,0,0,0,0,0,1,28,7.8,0.19,0.05,0.24,0.65,1,186695,29138,157557.0,13.5,55.0,1,47.6,13.3,17.0,5,5,2,DEF,Man City,Bournemouth,1,2026-08-23T13:00:00Z,7,2.0,1.0
392,Aït-Nouri,1,0,0,0,0,0,0,0,0,0,0,0,0,0,0,0.0,0.0,0.0,0.0,0.0,0,2410,13998,-11588.0,0.8,55.0,1,0.0,0.0,0.0,0,0,0,DEF,Man City,Bournemouth,1,2026-08-23T13:00:00Z,7,2.0,1.0
393,Khusanov,1,2,90,0,0,0,1,0,0,0,0,0,0,0,14,2.0,0.0,0.02,0.02,0.65,1,5449,12331,-6882.0,1.7,55.0,1,17.0,3.4,0.0,2,6,2,DEF,Man City,Bournemouth,1,2026-08-23T13:00:00Z,7,2.0,1.0
394,Alleyne,1,0,0,0,0,0,0,0,0,0,0,0,0,0,0,0.0,0.0,0.0,0.0,0.0,0,0,331,-331.0,0.0,50.0,1,0.0,0.0,0.0,0,0,0,DEF,Man City,Bournemouth,1,2026-08-23T13:00:00Z,7,2.0,1.0
395,Lewis,1,1,56,0,0,0,1,0,0,0,0,0,0,0,-1,4.7,0.17,0.02,0.19,0.55,1,3051,2148,903.0,0.2,45.0,1,3.8,3.8,39.0,2,0,0,DEF,Man City,Bournemouth,1,2026-08-23T13:00:00Z,7,2.0,1.0
396,Vitor Reis,1,0,0,0,0,0,0,0,0,0,0,0,0,0,0,0.0,0.0,0.0,0.0,0.0,0,91,197,-106.0,0.0,45.0,1,0.0,0.0,0.0,0,0,0,DEF,Man City,Bournemouth,1,2026-08-23T13:00:00Z,7,2.0,1.0
397,Semenyo,1,2,90,0,0,0,1,0,0,0,0,0,0,0,16,4.6,0.06,0.02,0.08,0.65,1,40049,139541,-99492.0,24.3,85.0,1,5.8,8.9,31.0,0,4,1,MID,Man City,Bournemouth,1,2026-08-23T13:00:00Z,7,2.0,1.0
398,Foden,1,1,81,0,0,0,1,0,0,0,1,0,0,0,15,7.5,0.12,0.4,0.52,0.65,1,15924,36922,-20998.0,4.1,70.0,1,10.4,49.6,15.0,0,3,3,MID,Man City,Bournemouth,1,2026-08-23T13:00:00Z,7,2.0,1.0
399,Cherki,1,8,27,0,2,0,0,0,0,0,0,0,0,1,28,9.2,0.0,0.5,0.5,0.1,0,166811,34676,132135.0,10.4,75.0,1,39.2,48.8,4.0,0,0,0,MID,Man City,Bournemouth,1,2026-08-23T13:00:00Z,7,2.0,1.0
400,Doku,1,0,0,0,0,0,0,0,0,0,0,0,0,0,0,0.0,0.0,0.0,0.0,0.0,0,463,61842,-61379.0,1.3,75.0,1,0.0,0.0,0.0,0,0,0,MID,Man City,Bournemouth,1,2026-08-23T13:00:00Z,7,2.0,1.0
401,Marmoush,1,0,0,0,0,0,0,0,0,0,0,0,0,0,0,0.0,0.0,0.0,0.0,0.0,0,23386,16833,6553.0,1.1,70.0,1,0.0,0.0,0.0,0,0,0,FWD,Spurs,Brentford,0,2026-08-22T16:30:00Z,2,3.0,0.0
402,Rodrigo,1,0,0,0,0,0,0,0,0,0,0,0,0,0,0,0.0,0.0,0.0,0.0,0.0,0,0,766,-766.0,0.0,65.0,1,0.0,0.0,0.0,0,0,0,MID,Man City,Bournemouth,1,2026-08-23T13:00:00Z,7,2.0,1.0
404,Reijnders,1,0,0,0,0,0,0,0,0,0,0,0,0,0,0,0.0,0.0,0.0,0.0,0.0,0,0,5257,-5257.0,0.1,60.0,1,0.0,0.0,0.0,0,0,0,MID,Man City,Bournemouth,1,2026-08-23T13:00:00Z,7,2.0,1.0
405,N.Gonzalez,1,0,0,0,0,0,0,0,0,0,0,0,0,0,0,0.0,0.0,0.0,0.0,0.0,0,1507,1487,20.0,0.2,55.0,1,0.0,0.0,0.0,0,0,0,MID,Newcastle,Liverpool,1,2026-08-23T15:30:00Z,9,2.0,2.0
406,Kovačić,1,1,27,0,0,0,0,0,0,0,0,0,0,0,3,0.4,0.0,0.01,0.01,0.1,0,715,1113,-398.0,0.1,55.0,1,2.2,2.1,0.0,0,2,0,MID,Man City,Bournemouth,1,2026-08-23T13:00:00Z,7,2.0,1.0
407,Echeverri,1,0,0,0,0,0,0,0,0,0,0,0,0,0,0,0.0,0.0,0.0,0.0,0.0,0,85,251,-166.0,0.0,50.0,1,0.0,0.0,0.0,0,0,0,MID,Man City,Bournemouth,1,2026-08-23T13:00:00Z,7,2.0,1.0
408,Phillips,1,0,0,0,0,0,0,0,0,0,0,0,0,0,0,0.0,0.0,0.0,0.0,0.0,0,0,279,-279.0,0.0,50.0,1,0.0,0.0,0.0,0,0,0,MID,Man City,Bournemouth,1,2026-08-23T13:00:00Z,7,2.0,1.0
409,Mukasa,1,0,0,0,0,0,0,0,0,0,0,0,0,0,0,0.0,0.0,0.0,0.0,0.0,0,845,2167,-1322.0,0.2,45.0,1,0.0,0.0,0.0,0,0,0,MID,Man City,Bournemouth,1,2026-08-23T13:00:00Z,7,2.0,1.0
410,Monga,1,0,0,0,0,0,0,0,0,0,0,0,0,0,0,0.0,0.0,0.0,0.0,0.0,0,71,247,-176.0,0.0,50.0,1,0.0,0.0,0.0,0,0,0,MID,Man City,Bournemouth,1,2026-08-23T13:00:00Z,7,2.0,1.0
411,Haaland,1,2,90,0,0,0,1,0,0,0,0,0,0,0,6,5.9,0.74,0.02,0.76,0.65,1,57317,86490,-29173.0,68.0,155.0,1,3.8,5.2,50.0,0,3,0,FWD,Man City,Bournemouth,1,2026-08-23T13:00:00Z,7,2.0,1.0
481,Anderson,1,2,62,0,0,0,1,0,0,0,0,0,0,0,14,2.8,0.0,0.25,0.25,0.55,1,7013,139170,-132157.0,6.2,64.0,1,7.2,20.8,0.0,1,3,2,MID,Man City,Bournemouth,1,2026-08-23T13:00:00Z,7,2.0,1.0
587,Rulli,1,0,0,0,0,0,0,0,0,0,0,0,0,0,0,0.0,0.0,0.0,0.0,0.0,0,85,189,-104.0,0.0,50.0,1,0.0,0.0,0.0,0,0,0,GK,Man City,Bournemouth,1,2026-08-23T13:00:00Z,7,2.0,1.0
131,Baleba,1,0,0,0,0,0,0,0,0,0,0,0,0,0,0,0.0,0.0,0.0,0.0,0.0,0,2198,3837,-1639.0,0.2,50.0,1,0.0,0.0,0.0,0,0,0,MID,Man Utd,Hull City,0,2026-08-22T11:30:00Z,6,2.0,0.0
162,Andrey Santos,1,2,66,0,0,0,2,0,0,0,0,0,0,0,17,1.8,0.0,0.23,0.23,0.94,1,6552,13204,-6652.0,1.0,50.0,1,11.4,4.2,2.0,3,5,1,MID,Man Utd,Hull City,0,2026-08-22T11:30:00Z,6,2.0,0.0
325,Darlow,1,0,0,0,0,0,0,0,0,0,0,0,0,0,0,0.0,0.0,0.0,0.0,0.0,0,204,221,-17.0,0.0,45.0,1,0.0,0.0,0.0,0,0,0,GK,Man Utd,Hull City,0,2026-08-22T11:30:00Z,6,2.0,0.0
412,Lammens,1,1,90,0,0,0,2,0,0,0,0,0,2,0,7,2.0,0.0,0.0,0.0,1.01,1,27909,76626,-48717.0,15.7,50.0,1,20.2,0.0,0.0,2,8,0,GK,Man Utd,Hull City,0,2026-08-22T11:30:00Z,6,2.0,0.0
413,Bayindir,1,0,0,0,0,0,0,0,0,0,0,0,0,0,0,0.0,0.0,0.0,0.0,0.0,0,0,547,-547.0,0.0,45.0,1,0.0,0.0,0.0,0,0,0,GK,Man Utd,Hull City,0,2026-08-22T11:30:00Z,6,2.0,0.0
414,Heaton,1,0,0,0,0,0,0,0,0,0,0,0,0,0,0,0.0,0.0,0.0,0.0,0.0,0,183,927,-744.0,0.1,40.0,1,0.0,0.0,0.0,0,0,0,GK,Man Utd,Hull City,0,2026-08-22T11:30:00Z,6,2.0,0.0
415,Dorgu,1,0,45,0,0,0,2,0,0,0,1,0,0,0,-11,0.7,0.47,0.03,0.5,0.92,1,4122,23931,-19809.0,1.1,60.0,1,0.0,1.2,16.0,1,0,0,MID,Man Utd,Hull City,0,2026-08-22T11:30:00Z,6,2.0,0.0
416,De Ligt,1,0,0,0,0,0,0,0,0,0,0,0,0,0,0,0.0,0.0,0.0,0.0,0.0,0,107,466,-359.0,0.0,50.0,1,0.0,0.0,0.0,0,0,0,DEF,Man Utd,Hull City,0,2026-08-22T11:30:00Z,6,2.0,0.0
417,Dalot,1,1,10,0,0,0,0,0,0,0,0,0,0,0,6,1.9,0.0,0.0,0.0,0.0,0,7110,27481,-20371.0,2.5,50.0,1,7.6,11.3,0.0,1,1,2,DEF,Man Utd,Hull City,0,2026-08-22T11:30:00Z,6,2.0,0.0
418,Maguire,1,1,90,0,0,0,2,0,0,0,0,0,0,0,15,7.3,0.04,0.4,0.44,1.01,1,42911,89197,-46286.0,17.1,50.0,1,25.4,28.6,19.0,4,5,0,DEF,Man Utd,Hull City,0,2026-08-22T11:30:00Z,6,2.0,0.0
419,Martinez,1,0,0,0,0,0,0,0,0,0,0,0,0,0,0,0.0,0.0,0.0,0.0,0.0,0,6217,16474,-10257.0,1.3,50.0,1,0.0,0.0,0.0,0,0,0,DEF,Man Utd,Hull City,0,2026-08-22T11:30:00Z,6,2.0,0.0
420,Yoro,1,0,0,0,0,0,0,0,0,0,0,0,0,0,0,0.0,0.0,0.0,0.0,0.0,0,1452,9214,-7762.0,0.7,50.0,1,0.0,0.0,0.0,0,0,0,DEF,Man Utd,Hull City,0,2026-08-22T11:30:00Z,6,2.0,0.0
421,Heaven,1,1,90,0,0,0,2,0,0,0,0,0,0,0,5,2.0,0.12,0.04,0.16,1.01,1,2692,3590,-898.0,0.4,45.0,1,6.8,2.6,11.0,1,4,1,DEF,Man Utd,Hull City,0,2026-08-22T11:30:00Z,6,2.0,0.0
422,Mazraoui,1,1,79,0,0,0,2,0,0,0,0,0,0,0,8,5.6,0.22,0.05,0.27,1.01,1,5009,5318,-309.0,0.7,45.0,1,17.4,29.4,9.0,4,3,1,DEF,Man Utd,Hull City,0,2026-08-22T11:30:00Z,6,2.0,0.0
423,Shaw,1,1,90,0,0,0,2,0,0,0,0,0,0,0,13,9.0,0.0,0.26,0.26,1.01,1,35316,100569,-65253.0,19.7,45.0,1,25.2,59.2,6.0,3,3,1,DEF,Man Utd,Hull City,0,2026-08-22T11:30:00Z,6,2.0,0.0
424,Amass,1,0,0,0,0,0,0,0,0,0,0,0,0,0,0,0.0,0.0,0.0,0.0,0.0,0,799,1745,-946.0,0.2,40.0,1,0.0,0.0,0.0,0,0,0,DEF,Man Utd,Hull City,0,2026-08-22T11:30:00Z,6,2.0,0.0
426,B.Fernandes,1,2,90,0,0,0,2,0,0,0,0,0,0,0,18,9.3,0.08,0.26,0.34,1.01,1,39250,190750,-151500.0,48.5,120.0,1,20.2,55.4,17.0,1,5,0,MID,Man Utd,Hull City,0,2026-08-22T11:30:00Z,6,2.0,0.0
427,Mbeumo,1,2,90,0,0,0,2,0,0,0,0,0,0,0,12,8.7,0.5,0.23,0.73,1.01,1,65812,178339,-112527.0,36.0,80.0,1,9.6,28.1,49.0,0,4,0,MID,Man Utd,Hull City,0,2026-08-22T11:30:00Z,6,2.0,0.0
428,Cunha,1,2,79,0,0,0,2,0,0,0,0,0,0,0,14,6.9,0.24,0.21,0.45,1.01,1,22395,78093,-55698.0,9.5,80.0,1,5.4,28.2,35.0,0,3,0,MID,Man Utd,Hull City,0,2026-08-22T11:30:00Z,6,2.0,0.0
429,Rashford,1,1,45,0,0,0,0,0,0,0,0,0,0,0,9,6.4,0.0,0.1,0.1,0.09,0,12942,19006,-6064.0,1.7,70.0,1,11.6,48.6,4.0,0,1,0,MID,Man Utd,Hull City,0,2026-08-22T11:30:00Z,6,2.0,0.0
430,Mount,1,0,0,0,0,0,0,0,0,0,0,0,0,0,0,0.0,0.0,0.0,0.0,0.0,0,32,633,-601.0,0.0,55.0,1,0.0,0.0,0.0,0,0,0,MID,Man Utd,Hull City,0,2026-08-22T11:30:00Z,6,2.0,0.0
431,Amad,1,0,0,0,0,0,0,0,0,0,0,0,0,0,0,0.0,0.0,0.0,0.0,0.0,0,1527,47058,-45531.0,1.1,59.0,1,0.0,0.0,0.0,0,0,0,MID,Man Utd,Hull City,0,2026-08-22T11:30:00Z,6,2.0,0.0
432,Mainoo,1,1,23,0,0,0,0,0,0,0,0,0,0,0,7,0.7,0.07,0.01,0.08,0.07,0,2994,12121,-9127.0,1.0,55.0,1,2.8,2.5,2.0,0,1,0,MID,Man Utd,Hull City,0,2026-08-22T11:30:00Z,6,2.0,0.0
433,Ugarte,1,0,0,0,0,0,0,0,0,0,0,0,0,0,0,0.0,0.0,0.0,0.0,0.0,0,22,81,-59.0,0.0,50.0,1,0.0,0.0,0.0,0,0,0,MID,Man Utd,Hull City,0,2026-08-22T11:30:00Z,6,2.0,0.0
434,J.Fletcher,1,0,0,0,0,0,0,0,0,0,0,0,0,0,0,0.0,0.0,0.0,0.0,0.0,0,40,152,-112.0,0.0,50.0,1,0.0,0.0,0.0,0,0,0,MID,Man Utd,Hull City,0,2026-08-22T11:30:00Z,6,2.0,0.0
435,Lacey,1,1,10,0,0,0,0,0,0,0,0,0,0,0,3,0.1,0.0,0.0,0.0,0.0,0,286,512,-226.0,0.0,50.0,1,0.2,0.6,0.0,0,1,0,MID,Man Utd,Hull City,0,2026-08-22T11:30:00Z,6,2.0,0.0
436,Collyer,1,0,0,0,0,0,0,0,0,0,0,0,0,0,0,0.0,0.0,0.0,0.0,0.0,0,57,211,-154.0,0.0,50.0,1,0.0,0.0,0.0,0,0,0,MID,Man Utd,Hull City,0,2026-08-22T11:30:00Z,6,2.0,0.0
437,Bendito Mantato,1,0,0,0,0,0,0,0,0,0,0,0,0,0,0,0.0,0.0,0.0,0.0,0.0,0,903,2141,-1238.0,0.2,45.0,1,0.0,0.0,0.0,0,0,0,MID,Man Utd,Hull City,0,2026-08-22T11:30:00Z,6,2.0,0.0
438,Fletcher,1,0,0,0,0,0,0,0,0,0,0,0,0,0,0,0.0,0.0,0.0,0.0,0.0,0,1217,3556,-2339.0,0.3,45.0,1,0.0,0.0,0.0,0,0,0,MID,Man Utd,Hull City,0,2026-08-22T11:30:00Z,6,2.0,0.0
439,Šeško,1,1,23,0,0,0,0,0,0,0,0,0,0,0,2,0.9,0.04,0.0,0.04,0.07,0,25388,13085,12303.0,1.8,70.0,1,0.0,0.5,9.0,0,0,0,FWD,Man Utd,Hull City,0,2026-08-22T11:30:00Z,6,2.0,0.0
440,Zirkzee,1,0,0,0,0,0,0,0,0,0,0,0,0,0,0,0.0,0.0,0.0,0.0,0.0,0,1875,11169,-9294.0,0.5,55.0,1,0.0,0.0,0.0,0,0,0,FWD,Man Utd,Hull City,0,2026-08-22T11:30:00Z,6,2.0,0.0
441,Obi,1,0,0,0,0,0,0,0,0,0,0,0,0,0,0,0.0,0.0,0.0,0.0,0.0,0,5593,10153,-4560.0,1.1,45.0,1,0.0,0.0,0.0,0,0,0,FWD,Man Utd,Hull City,0,2026-08-22T11:30:00Z,6,2.0,0.0
442,Pope,1,0,0,0,0,0,0,0,0,0,0,0,0,0,0,0.0,0.0,0.0,0.0,0.0,0,2386,10366,-7980.0,1.3,50.0,1,0.0,0.0,0.0,0,0,0,GK,Newcastle,Liverpool,1,2026-08-23T15:30:00Z,9,2.0,2.0
443,Gillespie,1,0,0,0,0,0,0,0,0,0,0,0,0,0,0,0.0,0.0,0.0,0.0,0.0,0,152,199,-47.0,0.0,45.0,1,0.0,0.0,0.0,0,0,0,GK,Newcastle,Liverpool,1,2026-08-23T15:30:00Z,9,2.0,2.0
454,Elanga,1,9,75,1,0,0,1,0,0,0,0,0,0,2,31,6.9,0.22,0.01,0.23,1.94,1,75502,9667,65835.0,1.9,60.0,1,37.4,3.5,28.0,1,1,0,MID,Newcastle,Liverpool,1,2026-08-23T15:30:00Z,9,2.0,2.0
465,Osula,1,4,55,0,1,0,1,0,0,0,0,0,0,0,18,5.0,0.06,0.14,0.2,1.48,1,20263,18059,2204.0,1.0,60.0,1,28.2,13.7,8.0,2,2,1,FWD,Newcastle,Liverpool,1,2026-08-23T15:30:00Z,9,2.0,2.0
482,Hudson-Odoi,1,0,0,0,0,0,0,0,0,0,0,0,0,0,0,0.0,0.0,0.0,0.0,0.0,0,638,4320,-3682.0,0.2,60.0,1,0.0,0.0,0.0,0,0,0,MID,Nott'm Forest,Leeds,1,2026-08-22T14:00:00Z,4,0.0,1.0
483,Ndoye,1,3,61,0,0,1,0,0,0,0,0,0,0,0,5,0.4,0.0,0.0,0.0,0.25,1,1108,4100,-2992.0,0.4,55.0,1,1.4,2.5,0.0,1,1,1,MID,Nott'm Forest,Leeds,1,2026-08-22T14:00:00Z,4,0.0,1.0
498,Senesi,1,3,90,0,0,0,3,0,0,0,0,0,0,0,10,3.9,0.0,0.02,0.02,3.87,1,13733,52624,-38891.0,7.7,60.0,1,36.6,2.2,0.0,11,2,5,DEF,Spurs,Brentford,0,2026-08-22T16:30:00Z,2,3.0,0.0
499,Pedro Porro,1,0,0,0,0,0,0,0,0,0,0,0,0,0,0,0.0,0.0,0.0,0.0,0.0,0,14530,295207,-280677.0,13.6,55.0,1,0.0,0.0,0.0,0,0,0,DEF,Spurs,Brentford,0,2026-08-22T16:30:00Z,2,3.0,0.0
510,Rowswell,1,0,0,0,0,0,0,0,0,0,0,0,0,0,0,0.0,0.0,0.0,0.0,0.0,0,292,609,-317.0,0.1,40.0,1,0.0,0.0,0.0,0,0,0,DEF,Spurs,Brentford,0,2026-08-22T16:30:00Z,2,3.0,0.0
511,Souza,1,0,0,0,0,0,0,0,0,0,0,0,0,0,0,0.0,0.0,0.0,0.0,0.0,0,1042,2350,-1308.0,0.3,40.0,1,0.0,0.0,0.0,0,0,0,DEF,Spurs,Brentford,0,2026-08-22T16:30:00Z,2,3.0,0.0
521,Kulusevski,1,0,0,0,0,0,0,0,0,0,0,0,0,0,0,0.0,0.0,0.0,0.0,0.0,0,69,214,-145.0,0.0,65.0,1,0.0,0.0,0.0,0,0,0,MID,Spurs,Brentford,0,2026-08-22T16:30:00Z,2,3.0,0.0
550,Jocelin.T,1,0,0,0,0,0,0,0,0,0,0,0,0,0,0,0.0,0.0,0.0,0.0,0.0,0,47,86,-39.0,0.0,50.0,1,0.0,0.0,0.0,0,0,0,MID,Sunderland,Ipswich Town,0,2026-08-22T14:00:00Z,8,2.0,1.0
551,Angulo,1,5,58,1,0,0,1,0,0,0,1,0,0,0,23,5.2,0.15,0.01,0.16,1.66,1,4415,1166,3249.0,0.1,50.0,1,32.8,3.3,16.0,1,5,1,MID,Sunderland,Ipswich Town,0,2026-08-22T14:00:00Z,8,2.0,1.0
552,Brobbey,1,2,66,0,0,0,1,0,0,0,0,0,0,0,1,1.1,0.3,0.0,0.3,1.69,1,31713,94669,-62956.0,13.0,60.0,1,0.0,1.5,9.0,0,0,0,FWD,Sunderland,Ipswich Town,0,2026-08-22T14:00:00Z,8,2.0,1.0
557,Tzolis,1,6,75,0,1,1,0,0,0,0,0,0,0,0,30,8.7,0.19,0.14,0.33,0.06,1,201603,44504,157099.0,26.0,65.0,1,17.0,39.8,30.0,2,3,1,MID,Arsenal,Coventry City,1,2026-08-21T19:00:00Z,1,3.0,0.0
28,Martinez,1,0,0,0,0,0,0,0,0,0,0,0,0,0,0,0.0,0.0,0.0,0.0,0.0,0,10741,48614,-37873.0,4.1,50.0,1,0.0,0.0,0.0,0,0,0,GK,Chelsea,Fulham,0,2026-08-24T19:00:00Z,10,2.0,3.0
29,M.Bizot,1,1,90,0,0,0,4,0,0,0,0,0,3,0,1,2.8,0.0,0.0,0.0,3.77,1,693,710,-17.0,0.1,45.0,1,28.2,0.0,0.0,2,6,0,GK,Aston Villa,Brighton,0,2026-08-23T13:00:00Z,3,4.0,0.0
34,Pau,1,0,73,0,0,0,4,0,0,0,0,0,0,0,-14,0.0,0.0,0.0,0.0,3.55,1,1755,4275,-2520.0,0.4,45.0,1,0.0,0.7,0.0,5,1,0,DEF,Aston Villa,Brighton,0,2026-08-23T13:00:00Z,3,4.0,0.0
35,Bogarde,1,1,16,0,0,0,0,0,0,0,0,0,0,0,3,0.3,0.0,0.0,0.0,0.22,0,585,831,-246.0,0.1,50.0,1,2.2,0.5,0.0,1,0,0,MID,Aston Villa,Brighton,0,2026-08-23T13:00:00Z,3,4.0,0.0
36,Maatsen,1,0,81,0,0,0,4,0,0,0,0,0,0,0,-9,1.3,0.03,0.0,0.03,3.62,1,2376,7438,-5062.0,0.8,45.0,1,9.2,0.8,3.0,7,2,2,DEF,Aston Villa,Brighton,0,2026-08-23T13:00:00Z,3,4.0,0.0
37,Lindelöf,1,-2,90,0,0,0,4,1,0,0,0,0,0,0,-13,0.2,0.0,0.0,0.0,3.77,1,1656,3476,-1820.0,0.3,45.0,1,1.8,0.1,0.0,3,1,0,DEF,Aston Villa,Brighton,0,2026-08-23T13:00:00Z,3,4.0,0.0
39,Nedeljkovic,1,0,0,0,0,0,0,0,0,0,0,0,0,0,0,0.0,0.0,0.0,0.0,0.0,0,0,6410,-6410.0,0.2,40.0,1,0.0,0.0,0.0,0,0,0,DEF,Aston Villa,Brighton,0,2026-08-23T13:00:00Z,3,4.0,0.0
41,Buendía,1,2,85,0,0,0,4,0,0,0,0,0,0,0,4,2.2,0.13,0.09,0.22,3.62,1,4371,17523,-13152.0,1.2,60.0,1,0.0,16.3,8.0,3,3,1,MID,Aston Villa,Brighton,0,2026-08-23T13:00:00Z,3,4.0,0.0
44,Bailey,1,0,0,0,0,0,0,0,0,0,0,0,0,0,0,0.0,0.0,0.0,0.0,0.0,0,901,2306,-1405.0,0.1,55.0,1,0.0,0.0,0.0,0,0,0,MID,Aston Villa,Brighton,0,2026-08-23T13:00:00Z,3,4.0,0.0
6,Saliba,1,0,0,0,0,0,0,0,0,0,0,0,0,0,0,0.0,0.0,0.0,0.0,0.0,0,788,6265,-5477.0,0.3,60.0,1,0.0,0.0,0.0,0,0,0,DEF,Arsenal,Coventry City,1,2026-08-21T19:00:00Z,1,3.0,0.0
7,Lewis-Skelly,1,3,90,0,0,1,0,0,0,0,0,0,0,0,15,4.1,0.06,0.11,0.17,0.2,1,8405,7709,696.0,0.7,55.0,1,11.0,22.9,7.0,1,5,1,MID,Arsenal,Coventry City,1,2026-08-21T19:00:00Z,1,3.0,0.0
8,Calafiori,1,9,80,0,1,1,0,0,0,0,0,0,0,0,31,4.2,0.04,0.09,0.13,0.06,1,278570,34684,243886.0,41.6,56.0,1,26.0,12.2,4.0,4,1,1,DEF,Arsenal,Coventry City,1,2026-08-21T19:00:00Z,1,3.0,0.0
9,Hincapie,1,1,9,0,0,0,0,0,0,0,0,0,0,0,3,0.1,0.0,0.0,0.0,0.15,0,3510,36007,-32497.0,1.5,54.0,1,0.4,0.5,0.0,0,0,0,DEF,Arsenal,Coventry City,1,2026-08-21T19:00:00Z,1,3.0,0.0
10,White,1,11,90,0,1,1,0,0,0,0,0,0,0,2,37,7.3,0.18,0.21,0.39,0.2,1,121537,20236,101301.0,6.5,55.0,1,33.2,26.8,13.0,4,3,1,DEF,Arsenal,Coventry City,1,2026-08-21T19:00:00Z,1,3.0,0.0
11,Mosquera,1,6,90,0,0,1,0,0,0,0,0,0,0,0,27,1.5,0.0,0.0,0.0,0.2,1,13722,36312,-22590.0,5.8,55.0,1,14.4,0.6,0.0,6,3,0,DEF,Arsenal,Coventry City,1,2026-08-21T19:00:00Z,1,3.0,0.0
12,Saka,1,9,67,1,0,1,0,0,0,0,0,0,0,1,36,10.2,0.64,0.08,0.72,0.06,1,77206,28185,49021.0,10.4,95.0,1,42.8,26.1,33.0,2,4,1,MID,Arsenal,Coventry City,1,2026-08-21T19:00:00Z,1,3.0,0.0
13,Rice,1,3,67,0,0,1,0,0,0,0,0,0,0,0,10,1.5,0.07,0.08,0.15,0.06,1,32020,131890,-99870.0,17.1,75.0,1,6.8,6.4,2.0,3,3,0,MID,Arsenal,Coventry City,1,2026-08-21T19:00:00Z,1,3.0,0.0
18,Martinelli,1,0,0,0,0,0,0,0,0,0,0,0,0,0,0,0.0,0.0,0.0,0.0,0.0,0,1144,6190,-5046.0,0.2,64.0,1,0.0,0.0,0.0,0,0,0,MID,Arsenal,Coventry City,1,2026-08-21T19:00:00Z,1,3.0,0.0
1,Raya,1,6,90,0,0,1,0,0,0,0,0,0,1,0,24,1.2,0.0,0.0,0.0,0.2,1,91769,68530,23239.0,38.3,60.0,1,11.8,0.0,0.0,1,8,0,GK,Arsenal,Coventry City,1,2026-08-21T19:00:00Z,1,3.0,0.0
2,Arrizabalaga,1,0,0,0,0,0,0,0,0,0,0,0,0,0,0,0.0,0.0,0.0,0.0,0.0,0,290,1191,-901.0,0.1,50.0,1,0.0,0.0,0.0,0,0,0,GK,Arsenal,Coventry City,1,2026-08-21T19:00:00Z,1,3.0,0.0
3,Meslier,1,0,0,0,0,0,0,0,0,0,0,0,0,0,0,0.0,0.0,0.0,0.0,0.0,0,93,429,-336.0,0.0,50.0,1,0.0,0.0,0.0,0,0,0,GK,Arsenal,Coventry City,1,2026-08-21T19:00:00Z,1,3.0,0.0
4,Gabriel,1,5,90,0,0,1,0,0,0,0,1,0,0,0,21,0.9,0.05,0.01,0.06,0.2,1,52011,103869,-51858.0,29.2,80.0,1,6.6,1.8,1.0,4,2,0,DEF,Arsenal,Coventry City,1,2026-08-21T19:00:00Z,1,3.0,0.0
5,J.Timber,1,0,0,0,0,0,0,0,0,0,0,0,0,0,0,0.0,0.0,0.0,0.0,0.0,0,368,2803,-2435.0,0.1,65.0,1,0.0,0.0,0.0,0,0,0,DEF,Arsenal,Coventry City,1,2026-08-21T19:00:00Z,1,3.0,0.0
45,McGinn,1,1,81,0,0,0,4,0,0,0,1,0,0,0,8,0.5,0.04,0.01,0.05,3.62,1,6811,36781,-29970.0,2.9,55.0,1,1.6,2.4,1.0,2,3,1,MID,Aston Villa,Brighton,0,2026-08-23T13:00:00Z,3,4.0,0.0
49,Iling Jr,1,0,0,0,0,0,0,0,0,0,0,0,0,0,0,0.0,0.0,0.0,0.0,0.0,0,0,115,-115.0,0.0,50.0,1,0.0,0.0,0.0,0,0,0,MID,Aston Villa,Brighton,0,2026-08-23T13:00:00Z,3,4.0,0.0
54,Gomes,1,-2,39,0,0,0,4,0,0,0,0,1,0,0,-2,1.2,0.0,0.01,0.01,2.58,1,131,1702,-1571.0,0.1,55.0,1,1.0,11.0,0.0,1,2,4,MID,Aston Villa,Brighton,0,2026-08-23T13:00:00Z,3,4.0,0.0
69,Scott,1,2,90,0,0,0,2,0,0,0,0,0,0,0,17,1.6,0.0,0.01,0.01,2.25,1,7030,10911,-3881.0,1.5,60.0,1,11.4,4.8,0.0,1,6,4,MID,Bournemouth,Man City,0,2026-08-23T13:00:00Z,7,2.0,1.0
573,Sanchez,1,0,0,0,0,0,0,0,0,0,0,0,0,0,0,0.0,0.0,0.0,0.0,0.0,0,417,1220,-803.0,0.2,45.0,1,0.0,0.0,0.0,0,0,0,DEF,Bournemouth,Man City,0,2026-08-23T13:00:00Z,7,2.0,1.0
106,Thiago,1,0,82,0,0,1,0,0,0,1,0,0,0,0,-3,1.4,1.0,0.08,1.08,0.5,1,80025,114699,-34674.0,16.7,80.0,1,2.2,4.0,8.0,1,4,0,FWD,Brentford,Spurs,1,2026-08-22T16:30:00Z,2,3.0,0.0
116,Dunk,1,6,90,0,0,1,0,0,0,0,0,0,0,0,24,2.0,0.0,0.04,0.04,0.29,1,11134,4320,6814.0,1.2,45.0,1,13.4,6.4,0.0,1,2,1,DEF,Brighton,Aston Villa,1,2026-08-23T13:00:00Z,3,4.0,0.0
127,Gomez,1,6,85,0,1,1,0,0,0,0,0,0,0,0,27,9.9,0.18,0.48,0.66,0.29,1,18192,13825,4367.0,3.8,50.0,1,33.0,25.1,41.0,2,1,3,MID,Brighton,Aston Villa,1,2026-08-23T13:00:00Z,3,4.0,0.0
504,Vuskovic,1,6,90,0,0,1,0,0,0,0,0,0,0,0,19,2.9,0.13,0.03,0.16,0.29,1,19228,10307,8921.0,2.5,50.0,1,12.4,4.5,12.0,4,2,0,DEF,Brighton,Aston Villa,1,2026-08-23T13:00:00Z,3,4.0,0.0
40,Rogers,1,8,81,1,0,0,2,0,0,0,0,0,0,1,37,13.1,0.96,0.1,1.06,1.24,1,208930,57840,151090.0,26.0,75.0,1,48.8,53.5,29.0,0,5,2,MID,Chelsea,Fulham,0,2026-08-24T19:00:00Z,10,2.0,3.0
153,Disasi,1,0,0,0,0,0,0,0,0,0,0,0,0,0,0,0.0,0.0,0.0,0.0,0.0,0,403,746,-343.0,0.1,45.0,1,0.0,0.0,0.0,0,0,0,DEF,Crystal Palace,Everton,0,2026-08-22T14:00:00Z,5,2.0,0.0
568,Barco,1,0,0,0,0,0,0,0,0,0,0,0,0,0,0,0.0,0.0,0.0,0.0,0.0,0,338,1382,-1044.0,0.1,55.0,1,0.0,0.0,0.0,0,0,0,MID,Chelsea,Fulham,0,2026-08-24T19:00:00Z,10,2.0,3.0
578,Mudryk,1,0,0,0,0,0,0,0,0,0,0,0,0,0,0,0.0,0.0,0.0,0.0,0.0,0,214,854,-640.0,0.0,55.0,1,0.0,0.0,0.0,0,0,0,MID,Spurs,Brentford,0,2026-08-22T16:30:00Z,2,3.0,0.0
171,Dovin,1,0,0,0,0,0,0,0,0,0,0,0,0,0,0,0.0,0.0,0.0,0.0,0.0,0,2054,5257,-3203.0,1.6,40.0,1,0.0,0.0,0.0,0,0,0,GK,Coventry City,Arsenal,0,2026-08-21T19:00:00Z,1,3.0,0.0
184,Grimes,1,2,90,0,0,0,3,0,0,0,0,0,0,0,14,1.7,0.0,0.01,0.01,1.88,1,1626,1318,308.0,0.2,50.0,1,13.4,3.7,0.0,4,3,0,MID,Coventry City,Arsenal,0,2026-08-21T19:00:00Z,1,3.0,0.0
234,Patterson,1,0,0,0,0,0,0,0,0,0,0,0,0,0,0,0.0,0.0,0.0,0.0,0.0,0,179,314,-135.0,0.0,45.0,1,0.0,0.0,0.0,0,0,0,DEF,Everton,Crystal Palace,1,2026-08-22T14:00:00Z,5,2.0,0.0
254,Robinson,1,1,81,0,0,0,3,0,0,0,0,0,0,0,4,5.0,0.13,0.04,0.17,2.21,1,9516,8175,1341.0,1.7,45.0,1,21.6,25.2,3.0,4,5,3,DEF,Fulham,Chelsea,1,2026-08-24T19:00:00Z,10,2.0,3.0
255,J.Cuenca,1,3,90,0,0,0,3,0,0,0,0,0,0,0,7,5.4,0.0,0.03,0.03,2.24,1,641,207,434.0,0.0,45.0,1,32.8,21.3,0.0,9,3,1,DEF,Fulham,Chelsea,1,2026-08-24T19:00:00Z,10,2.0,3.0
256,Tete,1,0,0,0,0,0,0,0,0,0,0,0,0,0,0,0.0,0.0,0.0,0.0,0.0,0,286,1690,-1404.0,0.3,45.0,1,0.0,0.0,0.0,0,0,0,DEF,Fulham,Chelsea,1,2026-08-24T19:00:00Z,10,2.0,3.0
257,Bassey,1,0,90,0,0,0,3,0,0,0,1,0,0,0,1,2.0,0.02,0.02,0.04,2.24,1,6045,5067,978.0,0.8,45.0,1,13.8,3.8,2.0,3,4,1,DEF,Fulham,Chelsea,1,2026-08-24T19:00:00Z,10,2.0,3.0
569,Gonzalo,1,6,90,1,0,0,3,0,0,0,0,0,0,0,33,8.2,0.73,0.01,0.74,2.24,1,104641,13822,90819.0,3.5,60.0,1,37.2,4.3,40.0,0,1,1,FWD,Fulham,Chelsea,1,2026-08-24T19:00:00Z,10,2.0,3.0
288,Dowell,1,0,0,0,0,0,0,0,0,0,0,0,0,0,0,0.0,0.0,0.0,0.0,0.0,0,1505,3626,-2121.0,0.4,45.0,1,0.0,0.0,0.0,0,0,0,MID,Hull City,Man Utd,1,2026-08-22T11:30:00Z,6,2.0,0.0
289,Crooks,1,2,90,0,0,1,0,0,0,0,1,0,0,0,9,2.1,0.0,0.0,0.0,1.83,1,8569,4805,3764.0,0.7,45.0,1,19.0,2.4,0.0,4,1,4,MID,Hull City,Man Utd,1,2026-08-22T11:30:00Z,6,2.0,0.0
290,Slater,1,6,90,0,1,1,0,0,0,0,0,0,0,0,20,3.8,0.0,0.44,0.44,1.83,1,74954,18861,56093.0,3.8,45.0,1,18.4,19.3,0.0,0,2,1,MID,Hull City,Man Utd,1,2026-08-22T11:30:00Z,6,2.0,0.0
291,Matazo,1,0,0,0,0,0,0,0,0,0,0,0,0,0,0,0.0,0.0,0.0,0.0,0.0,0,53,86,-33.0,0.0,45.0,1,0.0,0.0,0.0,0,0,0,MID,Hull City,Man Utd,1,2026-08-22T11:30:00Z,6,2.0,0.0
574,Hjertø-Dahl,1,0,0,0,0,0,0,0,0,0,0,0,0,0,0,0.0,0.0,0.0,0.0,0.0,0,273,797,-524.0,0.1,50.0,1,0.0,0.0,0.0,0,0,0,MID,Hull City,Man Utd,1,2026-08-22T11:30:00Z,6,2.0,0.0
576,Stroud,1,3,70,0,0,1,0,0,0,0,0,0,0,0,11,1.3,0.0,0.03,0.03,1.16,1,1190,469,721.0,0.1,50.0,1,8.4,4.8,0.0,1,2,3,MID,Hull City,Man Utd,1,2026-08-22T11:30:00Z,6,2.0,0.0
324,Mehmeti,1,0,0,0,0,0,0,0,0,0,0,0,0,0,0,0.0,0.0,0.0,0.0,0.0,0,44,562,-518.0,0.0,50.0,1,0.0,0.0,0.0,0,0,0,MID,Ipswich Town,Sunderland,1,2026-08-22T14:00:00Z,8,2.0,1.0
345,Tanaka,1,0,0,0,0,0,0,0,0,0,0,0,0,0,0,0.0,0.0,0.0,0.0,0.0,0,800,3635,-2835.0,0.2,50.0,1,0.0,0.0,0.0,0,0,0,MID,Leeds,Nott'm Forest,0,2026-08-22T14:00:00Z,4,0.0,1.0
346,Calvert-Lewin,1,1,90,0,0,1,0,0,0,0,1,0,0,0,-2,0.7,0.13,0.0,0.13,0.66,1,68330,148130,-79800.0,28.9,60.0,1,0.0,0.8,11.0,0,2,0,FWD,Leeds,Nott'm Forest,0,2026-08-22T14:00:00Z,4,0.0,1.0
347,Nmecha,1,0,0,0,0,0,0,0,0,0,0,0,0,0,0,0.0,0.0,0.0,0.0,0.0,0,1635,7810,-6175.0,0.5,55.0,1,0.0,0.0,0.0,0,0,0,FWD,Leeds,Nott'm Forest,0,2026-08-22T14:00:00Z,4,0.0,1.0
348,Piroe,1,0,0,0,0,0,0,0,0,0,0,0,0,0,0,0.0,0.0,0.0,0.0,0.0,0,0,4923,-4923.0,0.1,50.0,1,0.0,0.0,0.0,0,0,0,FWD,Leeds,Nott'm Forest,0,2026-08-22T14:00:00Z,4,0.0,1.0
357,Frimpong,1,0,90,0,0,0,2,0,0,0,1,0,0,0,3,6.1,0.01,0.09,0.1,1.58,1,20099,28684,-8585.0,3.4,55.0,1,13.6,37.8,10.0,1,3,1,DEF,Liverpool,Newcastle,0,2026-08-23T15:30:00Z,9,2.0,2.0
376,Bajcetic,1,0,0,0,0,0,0,0,0,0,0,0,0,0,0,0.0,0.0,0.0,0.0,0.0,0,7,27,-20.0,0.0,50.0,1,0.0,0.0,0.0,0,0,0,MID,Liverpool,Newcastle,0,2026-08-23T15:30:00Z,9,2.0,2.0
616,Bouaddi,1,0,0,0,0,0,0,0,0,0,0,0,0,0,0,0.0,0.0,0.0,0.0,0.0,0,1291,117,1174.0,0.0,55.0,1,0.0,0.0,0.0,0,0,0,MID,Man City,Bournemouth,1,2026-08-23T13:00:00Z,7,2.0,1.0
43,Tielemans,1,2,66,0,0,0,2,0,0,0,0,0,0,0,13,2.0,0.04,0.11,0.15,0.94,1,10754,30424,-19670.0,2.4,60.0,1,5.0,11.3,4.0,0,5,0,MID,Man Utd,Hull City,0,2026-08-22T11:30:00Z,6,2.0,0.0
425,Fredricson,1,0,0,0,0,0,0,0,0,0,0,0,0,0,0,0.0,0.0,0.0,0.0,0.0,0,0,643,-643.0,0.0,40.0,1,0.0,0.0,0.0,0,0,0,DEF,Man Utd,Hull City,0,2026-08-22T11:30:00Z,6,2.0,0.0
444,Jaouen,1,0,0,0,0,0,0,0,0,0,0,0,0,0,0,0.0,0.0,0.0,0.0,0.0,0,108,315,-207.0,0.0,45.0,1,0.0,0.0,0.0,0,0,0,GK,Newcastle,Liverpool,1,2026-08-23T15:30:00Z,9,2.0,2.0
445,Thiaw,1,3,90,0,0,0,2,0,0,0,0,0,0,0,0,3.8,0.0,0.0,0.0,2.98,1,16193,8954,7239.0,1.7,50.0,1,37.8,0.2,0.0,15,2,0,DEF,Newcastle,Liverpool,1,2026-08-23T15:30:00Z,9,2.0,2.0
446,Schär,1,1,1,0,0,0,1,0,0,0,0,0,0,0,-1,0.0,0.0,0.0,0.0,0.79,0,1702,1599,103.0,0.3,50.0,1,0.0,0.0,0.0,0,0,0,DEF,Newcastle,Liverpool,1,2026-08-23T15:30:00Z,9,2.0,2.0
447,Botman,1,3,90,0,0,0,2,0,0,0,0,0,0,0,4,3.3,0.0,0.01,0.01,2.98,1,7665,2819,4846.0,0.5,50.0,1,32.4,0.3,0.0,10,2,0,DEF,Newcastle,Liverpool,1,2026-08-23T15:30:00Z,9,2.0,2.0
448,Burn,1,0,0,0,0,0,0,0,0,0,0,0,0,0,0,0.0,0.0,0.0,0.0,0.0,0,6221,65899,-59678.0,1.7,50.0,1,0.0,0.0,0.0,0,0,0,DEF,Newcastle,Liverpool,1,2026-08-23T15:30:00Z,9,2.0,2.0
449,Hall,1,3,90,0,0,0,2,0,0,0,0,0,0,0,8,3.7,0.0,0.35,0.35,2.98,1,46292,16347,29945.0,4.1,50.0,1,22.0,15.2,0.0,6,8,5,DEF,Newcastle,Liverpool,1,2026-08-23T15:30:00Z,9,2.0,2.0
450,Livramento,1,0,0,0,0,0,0,0,0,0,0,0,0,0,0,0.0,0.0,0.0,0.0,0.0,0,83,1125,-1042.0,0.0,50.0,1,0.0,0.0,0.0,0,0,0,DEF,Newcastle,Liverpool,1,2026-08-23T15:30:00Z,9,2.0,2.0
451,A.Murphy,1,0,0,0,0,0,0,0,0,0,0,0,0,0,0,0.0,0.0,0.0,0.0,0.0,0,0,3065,-3065.0,0.1,40.0,1,0.0,0.0,0.0,0,0,0,DEF,Newcastle,Liverpool,1,2026-08-23T15:30:00Z,9,2.0,2.0
453,Barnes,1,2,90,0,0,0,2,0,0,0,0,0,0,0,12,1.7,0.07,0.02,0.09,2.98,1,10530,8344,2186.0,1.1,60.0,1,5.2,2.4,9.0,3,4,1,MID,Newcastle,Liverpool,1,2026-08-23T15:30:00Z,9,2.0,2.0
456,J.Ramsey,1,0,34,0,0,0,1,0,0,0,1,0,0,0,1,1.3,0.06,0.01,0.07,1.5,0,1267,3900,-2633.0,0.4,50.0,1,7.8,1.3,4.0,3,1,2,MID,Newcastle,Liverpool,1,2026-08-23T15:30:00Z,9,2.0,2.0
457,J.Murphy,1,0,14,0,0,0,1,0,0,0,1,0,0,0,-1,0.1,0.0,0.0,0.0,1.04,0,622,2191,-1569.0,0.2,60.0,1,0.0,0.1,2.0,1,1,0,MID,Newcastle,Liverpool,1,2026-08-23T15:30:00Z,9,2.0,2.0
458,Joelinton,1,0,0,0,0,0,0,0,0,0,0,0,0,0,0,0.0,0.0,0.0,0.0,0.0,0,41,953,-912.0,0.0,55.0,1,0.0,0.0,0.0,0,0,0,MID,Newcastle,Liverpool,1,2026-08-23T15:30:00Z,9,2.0,2.0
459,L.Miley,1,3,75,0,0,0,1,0,0,0,1,0,0,0,13,4.0,0.05,0.01,0.06,1.94,1,1138,435,703.0,0.1,55.0,1,15.6,21.4,3.0,6,6,1,MID,Newcastle,Liverpool,1,2026-08-23T15:30:00Z,9,2.0,2.0
460,Willock,1,6,34,1,0,0,1,0,0,0,0,0,0,0,28,6.1,0.09,0.17,0.26,1.5,0,6785,1565,5220.0,0.2,50.0,1,38.4,13.9,9.0,0,1,2,MID,Newcastle,Liverpool,1,2026-08-23T15:30:00Z,9,2.0,2.0
461,Touré,1,0,0,0,0,0,0,0,0,0,0,0,0,0,0,0.0,0.0,0.0,0.0,0.0,0,452,3658,-3206.0,0.2,60.0,1,0.0,0.0,0.0,0,0,0,MID,Newcastle,Liverpool,1,2026-08-23T15:30:00Z,9,2.0,2.0
462,Steur,1,1,55,0,0,0,1,0,0,0,0,0,0,0,3,0.2,0.0,0.0,0.0,1.48,1,671,849,-178.0,0.1,50.0,1,0.4,1.2,0.0,0,2,0,MID,Newcastle,Liverpool,1,2026-08-23T15:30:00Z,9,2.0,2.0
463,Woltemade,1,0,0,0,0,0,0,0,0,0,0,0,0,0,0,0.0,0.0,0.0,0.0,0.0,0,6429,26130,-19701.0,1.6,60.0,1,0.0,0.0,0.0,0,0,0,FWD,Newcastle,Liverpool,1,2026-08-23T15:30:00Z,9,2.0,2.0
464,Wissa,1,4,90,0,1,0,1,0,0,0,1,0,0,0,7,6.4,1.0,0.02,1.02,2.19,1,120715,19073,101642.0,3.2,60.0,1,20.0,16.3,28.0,1,3,4,FWD,Newcastle,Liverpool,1,2026-08-23T15:30:00Z,9,2.0,2.0
466,Neave,1,0,0,0,0,0,0,0,0,0,0,0,0,0,0,0.0,0.0,0.0,0.0,0.0,0,5658,7014,-1356.0,0.8,45.0,1,0.0,0.0,0.0,0,0,0,FWD,Newcastle,Liverpool,1,2026-08-23T15:30:00Z,9,2.0,2.0
559,Bamba,1,1,14,0,0,0,1,0,0,0,0,0,0,0,5,0.4,0.0,0.0,0.0,1.04,0,620,1412,-792.0,0.1,50.0,1,4.0,0.0,0.0,1,0,1,MID,Newcastle,Liverpool,1,2026-08-23T15:30:00Z,9,2.0,2.0
567,Horníček,1,1,90,0,0,0,2,0,0,0,1,0,5,0,12,4.1,0.0,0.0,0.0,2.98,1,4684,3506,1178.0,0.7,50.0,1,41.2,0.0,0.0,3,5,0,GK,Newcastle,Liverpool,1,2026-08-23T15:30:00Z,9,2.0,2.0
593,Dedić,1,1,90,0,0,0,2,0,0,0,0,0,0,0,-1,2.3,0.03,0.0,0.03,2.98,1,7974,1704,6270.0,0.3,45.0,1,16.4,1.2,5.0,7,2,2,DEF,Newcastle,Liverpool,1,2026-08-23T15:30:00Z,9,2.0,2.0
609,Shahar,1,0,0,0,0,0,0,0,0,0,0,0,0,0,0,0.0,0.0,0.0,0.0,0.0,0,3284,542,2742.0,0.1,40.0,1,0.0,0.0,0.0,0,0,0,DEF,Newcastle,Liverpool,1,2026-08-23T15:30:00Z,9,2.0,2.0
467,Sels,1,2,90,0,0,0,1,0,0,0,0,0,2,0,11,1.4,0.0,0.0,0.0,0.47,1,2594,9056,-6462.0,1.5,50.0,1,14.2,0.0,0.0,0,9,0,GK,Nott'm Forest,Leeds,1,2026-08-22T14:00:00Z,4,0.0,1.0
468,John,1,0,0,0,0,0,0,0,0,0,0,0,0,0,0,0.0,0.0,0.0,0.0,0.0,0,155,397,-242.0,0.1,45.0,1,0.0,0.0,0.0,0,0,0,GK,Nott'm Forest,Leeds,1,2026-08-22T14:00:00Z,4,0.0,1.0
469,N.Williams,1,2,90,0,0,0,1,0,0,0,0,0,0,0,13,2.7,0.0,0.02,0.02,0.47,1,12979,64439,-51460.0,9.1,50.0,1,15.2,5.8,6.0,3,10,3,DEF,Nott'm Forest,Leeds,1,2026-08-22T14:00:00Z,4,0.0,1.0
470,Morato,1,0,0,0,0,0,0,0,0,0,0,0,0,0,0,0.0,0.0,0.0,0.0,0.0,0,215,564,-349.0,0.0,50.0,1,0.0,0.0,0.0,0,0,0,DEF,Nott'm Forest,Leeds,1,2026-08-22T14:00:00Z,4,0.0,1.0
471,Milenković,1,2,90,0,0,0,1,0,0,0,0,0,0,0,4,2.2,0.11,0.02,0.13,0.47,1,2309,13196,-10887.0,1.8,55.0,1,7.6,0.6,14.0,7,6,0,DEF,Nott'm Forest,Leeds,1,2026-08-22T14:00:00Z,4,0.0,1.0
472,Murillo,1,4,90,0,0,0,1,0,0,0,0,0,0,0,15,5.8,0.0,0.28,0.28,0.47,1,7615,9258,-1643.0,1.7,55.0,1,32.2,25.9,0.0,12,3,2,DEF,Nott'm Forest,Leeds,1,2026-08-22T14:00:00Z,4,0.0,1.0
473,Aina,1,5,73,0,0,1,0,0,0,0,1,0,0,0,24,6.3,0.04,0.17,0.21,0.34,1,15487,18474,-2987.0,3.5,45.0,1,16.0,35.6,11.0,2,4,0,DEF,Nott'm Forest,Leeds,1,2026-08-22T14:00:00Z,4,0.0,1.0
474,Jair Cunha,1,1,90,0,0,0,1,0,0,0,1,0,0,0,5,2.2,0.0,0.0,0.0,0.47,1,238,1268,-1030.0,0.2,45.0,1,20.8,1.3,0.0,7,0,1,DEF,Nott'm Forest,Leeds,1,2026-08-22T14:00:00Z,4,0.0,1.0
475,Savona,1,0,0,0,0,0,0,0,0,0,0,0,0,0,0,0.0,0.0,0.0,0.0,0.0,0,66,41,25.0,0.0,45.0,1,0.0,0.0,0.0,0,0,0,DEF,Nott'm Forest,Leeds,1,2026-08-22T14:00:00Z,4,0.0,1.0
476,O.Richards,1,0,0,0,0,0,0,0,0,0,0,0,0,0,0,0.0,0.0,0.0,0.0,0.0,0,448,1725,-1277.0,0.2,40.0,1,0.0,0.0,0.0,0,0,0,DEF,Nott'm Forest,Leeds,1,2026-08-22T14:00:00Z,4,0.0,1.0
477,Abbott,1,0,0,0,0,0,0,0,0,0,0,0,0,0,0,0.0,0.0,0.0,0.0,0.0,0,907,1886,-979.0,0.3,40.0,1,0.0,0.0,0.0,0,0,0,DEF,Nott'm Forest,Leeds,1,2026-08-22T14:00:00Z,4,0.0,1.0
478,Netz,1,1,16,0,0,0,1,0,0,0,0,0,0,0,-2,0.1,0.0,0.0,0.0,0.13,0,100,248,-148.0,0.0,45.0,1,0.0,0.9,0.0,0,1,0,DEF,Nott'm Forest,Leeds,1,2026-08-22T14:00:00Z,4,0.0,1.0
479,Bindon,1,0,0,0,0,0,0,0,0,0,0,0,0,0,0,0.0,0.0,0.0,0.0,0.0,0,320,1212,-892.0,0.2,40.0,1,0.0,0.0,0.0,0,0,0,DEF,Nott'm Forest,Leeds,1,2026-08-22T14:00:00Z,4,0.0,1.0
480,Gibbs-White,1,2,90,0,0,0,1,0,0,0,0,0,0,0,10,2.4,0.13,0.06,0.19,0.47,1,7334,234081,-226747.0,8.8,80.0,1,0.0,9.3,16.0,1,2,0,MID,Nott'm Forest,Leeds,1,2026-08-22T14:00:00Z,4,0.0,1.0
484,Hutchinson,1,0,0,0,0,0,0,0,0,0,0,0,0,0,0,0.0,0.0,0.0,0.0,0.0,0,181,1808,-1627.0,0.2,55.0,1,0.0,0.0,0.0,0,0,0,MID,Nott'm Forest,Leeds,1,2026-08-22T14:00:00Z,4,0.0,1.0
485,Bakwa,1,0,0,0,0,0,0,0,0,0,0,0,0,0,0,0.0,0.0,0.0,0.0,0.0,0,107,321,-214.0,0.0,55.0,1,0.0,0.0,0.0,0,0,0,MID,Nott'm Forest,Leeds,1,2026-08-22T14:00:00Z,4,0.0,1.0
486,McAtee,1,3,73,0,0,1,0,0,0,0,0,0,0,0,18,5.4,0.0,0.16,0.16,0.34,1,535,384,151.0,0.1,55.0,1,11.6,42.5,0.0,2,5,1,MID,Nott'm Forest,Leeds,1,2026-08-22T14:00:00Z,4,0.0,1.0
487,Dominguez,1,0,0,0,0,0,0,0,0,0,0,0,0,0,0,0.0,0.0,0.0,0.0,0.0,0,191,897,-706.0,0.1,50.0,1,0.0,0.0,0.0,0,0,0,MID,Nott'm Forest,Leeds,1,2026-08-22T14:00:00Z,4,0.0,1.0
488,I.Sangaré,1,2,90,0,0,0,1,0,0,0,0,0,0,0,10,3.4,0.03,0.01,0.04,0.47,1,2707,9919,-7212.0,1.0,50.0,1,17.8,13.0,3.0,3,3,0,MID,Nott'm Forest,Leeds,1,2026-08-22T14:00:00Z,4,0.0,1.0
489,Yates,1,0,0,0,0,0,0,0,0,0,0,0,0,0,0,0.0,0.0,0.0,0.0,0.0,0,630,35144,-34514.0,1.4,45.0,1,0.0,0.0,0.0,0,0,0,MID,Nott'm Forest,Leeds,1,2026-08-22T14:00:00Z,4,0.0,1.0
490,Wood,1,1,28,0,0,0,1,0,0,0,0,0,0,0,3,0.4,0.12,0.01,0.13,0.22,0,4040,23353,-19313.0,1.6,60.0,1,0.0,2.4,3.0,0,1,0,FWD,Nott'm Forest,Leeds,1,2026-08-22T14:00:00Z,4,0.0,1.0
491,Igor Jesus,1,2,90,0,0,0,1,0,0,0,0,0,0,0,8,4.3,0.22,0.02,0.24,0.47,1,8826,44079,-35253.0,3.8,60.0,1,5.2,6.8,31.0,2,1,0,FWD,Nott'm Forest,Leeds,1,2026-08-22T14:00:00Z,4,0.0,1.0
493,Kalimuendo,1,1,1,0,0,0,0,0,0,0,0,0,0,0,3,0.0,0.0,0.0,0.0,0.0,0,293,613,-320.0,0.1,55.0,1,0.0,0.0,0.0,0,0,0,FWD,Nott'm Forest,Leeds,1,2026-08-22T14:00:00Z,4,0.0,1.0
558,Schlager,1,1,16,0,0,0,1,0,0,0,0,0,0,0,3,0.4,0.0,0.0,0.0,0.13,0,138,915,-777.0,0.1,50.0,1,0.6,1.0,2.0,0,1,0,MID,Nott'm Forest,Leeds,1,2026-08-22T14:00:00Z,4,0.0,1.0
581,Diomande,1,0,0,0,0,0,0,0,0,0,0,0,0,0,0,0.0,0.0,0.0,0.0,0.0,0,3240,10141,-6901.0,0.7,55.0,1,0.0,0.0,0.0,0,0,0,DEF,Nott'm Forest,Leeds,1,2026-08-22T14:00:00Z,4,0.0,1.0
590,Benda,1,0,0,0,0,0,0,0,0,0,0,0,0,0,0,0.0,0.0,0.0,0.0,0.0,0,545,473,72.0,0.1,45.0,1,0.0,0.0,0.0,0,0,0,GK,Nott'm Forest,Leeds,1,2026-08-22T14:00:00Z,4,0.0,1.0
112,Van Hecke,1,1,90,0,0,0,3,0,0,0,0,0,0,0,3,3.3,0.0,0.03,0.03,3.87,1,33148,83130,-49982.0,9.7,50.0,1,28.2,2.8,2.0,7,3,2,DEF,Spurs,Brentford,0,2026-08-22T16:30:00Z,2,3.0,0.0
403,Sávio,1,0,0,0,0,0,0,0,0,0,0,0,0,0,0,0.0,0.0,0.0,0.0,0.0,0,35557,5126,30431.0,0.7,65.0,1,0.0,0.0,0.0,0,0,0,MID,Spurs,Brentford,0,2026-08-22T16:30:00Z,2,3.0,0.0
455,Tonali,1,2,90,0,0,0,3,0,0,0,0,0,0,0,14,2.1,0.04,0.06,0.1,3.87,1,11484,43747,-32263.0,3.8,55.0,1,6.2,6.4,8.0,0,3,1,MID,Spurs,Brentford,0,2026-08-22T16:30:00Z,2,3.0,0.0
494,Vicario,1,0,0,0,0,0,0,0,0,0,0,0,0,0,0,0.0,0.0,0.0,0.0,0.0,0,0,10606,-10606.0,0.3,45.0,1,0.0,0.0,0.0,0,0,0,GK,Spurs,Brentford,0,2026-08-22T16:30:00Z,2,3.0,0.0
495,Austin,1,0,0,0,0,0,0,0,0,0,0,0,0,0,0,0.0,0.0,0.0,0.0,0.0,0,2721,3184,-463.0,0.9,40.0,1,0.0,0.0,0.0,0,0,0,GK,Spurs,Brentford,0,2026-08-22T16:30:00Z,2,3.0,0.0
496,Kinsky,1,2,90,0,0,0,3,0,0,0,0,0,5,0,15,4.4,0.0,0.0,0.0,3.87,1,29051,68529,-39478.0,22.8,45.0,1,43.6,0.0,0.0,4,12,0,GK,Spurs,Brentford,0,2026-08-22T16:30:00Z,2,3.0,0.0
497,Dubravka,1,0,0,0,0,0,0,0,0,0,0,0,0,0,0,0.0,0.0,0.0,0.0,0.0,0,29379,53575,-24196.0,18.6,40.0,1,0.0,0.0,0.0,0,0,0,GK,Spurs,Brentford,0,2026-08-22T16:30:00Z,2,3.0,0.0
500,Romero,1,0,0,0,0,0,0,0,0,0,0,0,0,0,0,0.0,0.0,0.0,0.0,0.0,0,0,10218,-10218.0,0.2,50.0,1,0.0,0.0,0.0,0,0,0,DEF,Spurs,Brentford,0,2026-08-22T16:30:00Z,2,3.0,0.0
501,Danso,1,0,0,0,0,0,0,0,0,0,0,0,0,0,0,0.0,0.0,0.0,0.0,0.0,0,941,2092,-1151.0,0.2,50.0,1,0.0,0.0,0.0,0,0,0,DEF,Sunderland,Ipswich Town,0,2026-08-22T14:00:00Z,8,2.0,1.0
502,Robertson,1,3,90,0,0,0,3,0,0,0,0,0,0,0,13,5.3,0.0,0.06,0.06,3.87,1,18425,19505,-1080.0,3.8,45.0,1,31.8,19.2,2.0,9,3,2,DEF,Spurs,Brentford,0,2026-08-22T16:30:00Z,2,3.0,0.0
503,Van de Ven,1,0,0,0,0,0,0,0,0,0,0,0,0,0,0,0.0,0.0,0.0,0.0,0.0,0,6301,118026,-111725.0,4.3,50.0,1,0.0,0.0,0.0,0,0,0,DEF,Spurs,Brentford,0,2026-08-22T16:30:00Z,2,3.0,0.0
505,Spence,1,0,0,0,0,0,0,0,0,0,0,0,0,0,0,0.0,0.0,0.0,0.0,0.0,0,0,43366,-43366.0,0.5,45.0,1,0.0,0.0,0.0,0,0,0,DEF,Spurs,Brentford,0,2026-08-22T16:30:00Z,2,3.0,0.0
506,Udogie,1,1,4,0,0,0,0,0,0,0,0,0,0,0,3,0.0,0.0,0.02,0.02,0.44,0,1532,3971,-2439.0,0.5,45.0,1,0.0,0.7,0.0,0,2,0,DEF,Spurs,Brentford,0,2026-08-22T16:30:00Z,2,3.0,0.0
507,Phillips,1,0,0,0,0,0,0,0,0,0,0,0,0,0,0,0.0,0.0,0.0,0.0,0.0,0,0,611,-611.0,0.0,45.0,1,0.0,0.0,0.0,0,0,0,DEF,Spurs,Brentford,0,2026-08-22T16:30:00Z,2,3.0,0.0
508,Davies,1,0,0,0,0,0,0,0,0,0,0,0,0,0,0,0.0,0.0,0.0,0.0,0.0,0,2566,7709,-5143.0,1.1,40.0,1,0.0,0.0,0.0,0,0,0,DEF,Spurs,Brentford,0,2026-08-22T16:30:00Z,2,3.0,0.0
509,Byfield,1,0,0,0,0,0,0,0,0,0,0,0,0,0,0,0.0,0.0,0.0,0.0,0.0,0,295,489,-194.0,0.1,40.0,1,0.0,0.0,0.0,0,0,0,DEF,Spurs,Brentford,0,2026-08-22T16:30:00Z,2,3.0,0.0
512,Kudus,1,0,0,0,0,0,0,0,0,0,0,0,0,0,0,0.0,0.0,0.0,0.0,0.0,0,246,2124,-1878.0,0.1,65.0,1,0.0,0.0,0.0,0,0,0,MID,Spurs,Brentford,0,2026-08-22T16:30:00Z,2,3.0,0.0
513,Xavi,1,0,0,0,0,0,0,0,0,0,0,0,0,0,0,0.0,0.0,0.0,0.0,0.0,0,68,319,-251.0,0.0,60.0,1,0.0,0.0,0.0,0,0,0,MID,Spurs,Brentford,0,2026-08-22T16:30:00Z,2,3.0,0.0
514,Tel,1,2,90,0,0,0,3,0,0,0,0,0,0,0,17,4.5,0.06,0.06,0.12,3.87,1,2978,8037,-5059.0,0.5,60.0,1,10.4,26.0,9.0,1,7,0,MID,Spurs,Brentford,0,2026-08-22T16:30:00Z,2,3.0,0.0
515,Maddison,1,1,22,0,0,0,0,0,0,0,0,0,0,0,6,2.1,0.0,0.01,0.01,0.85,0,2666,28014,-25348.0,1.1,65.0,1,4.4,8.3,8.0,1,1,0,MID,Spurs,Brentford,0,2026-08-22T16:30:00Z,2,3.0,0.0
516,Bentancur,1,1,45,0,0,0,1,0,0,0,0,0,0,0,8,1.7,0.0,0.01,0.01,2.18,0,476,1680,-1204.0,0.2,55.0,1,2.0,14.7,0.0,0,2,3,MID,Spurs,Brentford,0,2026-08-22T16:30:00Z,2,3.0,0.0
517,Odobert,1,0,0,0,0,0,0,0,0,0,0,0,0,0,0,0.0,0.0,0.0,0.0,0.0,0,12,18,-6.0,0.0,55.0,1,0.0,0.0,0.0,0,0,0,MID,Spurs,Brentford,0,2026-08-22T16:30:00Z,2,3.0,0.0
518,P.M.Sarr,1,0,0,0,0,0,0,0,0,0,0,0,0,0,0,0.0,0.0,0.0,0.0,0.0,0,49,9306,-9257.0,0.2,49.0,1,0.0,0.0,0.0,0,0,0,MID,Spurs,Brentford,0,2026-08-22T16:30:00Z,2,3.0,0.0
519,Gallagher,1,0,45,0,0,0,2,0,0,0,1,0,0,0,1,0.5,0.02,0.06,0.08,1.7,1,989,3840,-2851.0,0.3,55.0,1,0.0,5.5,1.0,0,2,1,MID,Spurs,Brentford,0,2026-08-22T16:30:00Z,2,3.0,0.0
520,Bergvall,1,1,45,0,0,0,2,0,0,0,0,0,0,0,2,0.0,0.0,0.01,0.01,1.7,1,556,1863,-1307.0,0.2,55.0,1,0.0,2.0,2.0,0,7,1,MID,Spurs,Brentford,0,2026-08-22T16:30:00Z,2,3.0,0.0
522,Gray,1,2,85,0,0,0,3,0,0,0,0,0,0,0,15,1.0,0.0,0.01,0.01,3.43,1,1458,2138,-680.0,0.2,50.0,1,6.2,3.3,0.0,2,2,1,MID,Spurs,Brentford,0,2026-08-22T16:30:00Z,2,3.0,0.0
523,Moore,1,2,67,0,0,0,3,0,0,0,0,0,0,0,10,7.5,0.38,0.02,0.4,3.02,1,1703,2063,-360.0,0.2,50.0,1,14.2,5.9,55.0,0,1,1,MID,Spurs,Brentford,0,2026-08-22T16:30:00Z,2,3.0,0.0
524,Olusesi,1,0,0,0,0,0,0,0,0,0,0,0,0,0,0,0.0,0.0,0.0,0.0,0.0,0,1898,8323,-6425.0,0.8,45.0,1,0.0,0.0,0.0,0,0,0,MID,Spurs,Brentford,0,2026-08-22T16:30:00Z,2,3.0,0.0
525,Fernandes,1,1,45,0,0,0,1,0,0,0,0,0,0,0,16,3.6,0.0,0.06,0.06,2.18,0,3609,26487,-22878.0,1.7,60.0,1,7.2,27.2,2.0,0,1,1,MID,Spurs,Brentford,0,2026-08-22T16:30:00Z,2,3.0,0.0
526,Solanke,1,1,22,0,0,0,0,0,0,0,0,0,0,0,3,0.5,0.07,0.0,0.07,0.85,0,5940,17232,-11292.0,1.3,60.0,1,0.0,0.0,5.0,0,0,0,FWD,Spurs,Brentford,0,2026-08-22T16:30:00Z,2,3.0,0.0
527,Richarlison,1,2,67,0,0,0,3,0,0,0,0,0,0,0,6,0.2,0.0,0.0,0.0,3.02,1,12150,33418,-21268.0,2.9,60.0,1,0.0,2.2,0.0,1,0,0,FWD,Spurs,Brentford,0,2026-08-22T16:30:00Z,2,3.0,0.0
528,Scarlett,1,0,0,0,0,0,0,0,0,0,0,0,0,0,0,0.0,0.0,0.0,0.0,0.0,0,11340,14995,-3655.0,1.7,45.0,1,0.0,0.0,0.0,0,0,0,FWD,Spurs,Brentford,0,2026-08-22T16:30:00Z,2,3.0,0.0
601,Williams-Barnett,1,0,0,0,0,0,0,0,0,0,0,0,0,0,0,0.0,0.0,0.0,0.0,0.0,0,2346,515,1831.0,0.1,45.0,1,0.0,0.0,0.0,0,0,0,MID,Spurs,Brentford,0,2026-08-22T16:30:00Z,2,3.0,0.0
529,Roefs,1,1,90,0,0,0,2,0,0,0,0,0,1,0,7,1.5,0.0,0.0,0.0,1.8,1,3887,24433,-20546.0,4.0,50.0,1,15.2,0.0,0.0,1,8,0,GK,Sunderland,Ipswich Town,0,2026-08-22T14:00:00Z,8,2.0,1.0
530,Patterson,1,0,0,0,0,0,0,0,0,0,0,0,0,0,0,0.0,0.0,0.0,0.0,0.0,0,0,2156,-2156.0,0.2,40.0,1,0.0,0.0,0.0,0,0,0,GK,Sunderland,Ipswich Town,0,2026-08-22T14:00:00Z,8,2.0,1.0
531,Ellborg,1,0,0,0,0,0,0,0,0,0,0,0,0,0,0,0.0,0.0,0.0,0.0,0.0,0,183,726,-543.0,0.1,45.0,1,0.0,0.0,0.0,0,0,0,GK,Sunderland,Ipswich Town,0,2026-08-22T14:00:00Z,8,2.0,1.0
532,Ballard,1,0,90,0,0,0,2,0,0,0,1,0,0,0,4,1.9,0.0,0.01,0.01,1.8,1,10362,40236,-29874.0,5.1,50.0,1,18.2,1.2,0.0,7,0,2,DEF,Sunderland,Ipswich Town,0,2026-08-22T14:00:00Z,8,2.0,1.0
533,Mukiele,1,0,0,0,0,0,0,0,0,0,0,0,0,0,0,0.0,0.0,0.0,0.0,0.0,0,4873,29864,-24991.0,2.6,55.0,1,0.0,0.0,0.0,0,0,0,DEF,Sunderland,Ipswich Town,0,2026-08-22T14:00:00Z,8,2.0,1.0
534,Hume,1,2,79,0,0,0,1,0,0,0,0,0,0,0,14,6.2,0.04,0.27,0.31,1.69,1,11115,31471,-20356.0,6.4,45.0,1,9.4,39.4,13.0,1,6,3,DEF,Sunderland,Ipswich Town,0,2026-08-22T14:00:00Z,8,2.0,1.0
535,Alderete,1,1,23,0,0,0,1,0,0,0,0,0,0,0,2,0.0,0.0,0.01,0.01,0.1,0,2321,4010,-1689.0,0.5,50.0,1,0.0,0.6,0.0,0,2,0,DEF,Sunderland,Ipswich Town,0,2026-08-22T14:00:00Z,8,2.0,1.0
536,Reinildo,1,1,90,0,0,0,2,0,0,0,0,0,0,0,9,5.5,0.0,0.29,0.29,1.8,1,797,2833,-2036.0,0.5,45.0,1,23.0,27.5,4.0,5,5,3,DEF,Sunderland,Ipswich Town,0,2026-08-22T14:00:00Z,8,2.0,1.0
537,Seelt,1,0,0,0,0,0,0,0,0,0,0,0,0,0,0,0.0,0.0,0.0,0.0,0.0,0,52,112,-60.0,0.0,45.0,1,0.0,0.0,0.0,0,0,0,DEF,Sunderland,Ipswich Town,0,2026-08-22T14:00:00Z,8,2.0,1.0
538,Hjelde,1,0,0,0,0,0,0,0,0,0,0,0,0,0,0,0.0,0.0,0.0,0.0,0.0,0,0,920,-920.0,0.1,40.0,1,0.0,0.0,0.0,0,0,0,DEF,Sunderland,Ipswich Town,0,2026-08-22T14:00:00Z,8,2.0,1.0
539,O'Nien,1,1,66,0,0,0,1,0,0,0,1,0,0,0,1,1.7,0.01,0.01,0.02,1.69,1,4087,14559,-10472.0,3.5,40.0,1,11.4,1.4,4.0,4,4,1,DEF,Sunderland,Ipswich Town,0,2026-08-22T14:00:00Z,8,2.0,1.0
540,Masuaku,1,0,0,0,0,0,0,0,0,0,0,0,0,0,0,0.0,0.0,0.0,0.0,0.0,0,0,4460,-4460.0,0.2,40.0,1,0.0,0.0,0.0,0,0,0,DEF,Sunderland,Ipswich Town,0,2026-08-22T14:00:00Z,8,2.0,1.0
541,Meunier,1,1,90,0,0,0,2,0,0,0,0,0,0,0,5,3.0,0.08,0.08,0.16,1.8,1,836,1399,-563.0,0.3,45.0,1,13.8,5.3,11.0,2,3,2,DEF,Sunderland,Ipswich Town,0,2026-08-22T14:00:00Z,8,2.0,1.0
542,E.Le Fée,1,2,79,0,0,0,1,0,0,0,0,0,0,0,13,1.5,0.0,0.03,0.03,1.69,1,9030,93324,-84294.0,8.9,60.0,1,4.6,9.9,0.0,0,1,1,MID,Sunderland,Ipswich Town,0,2026-08-22T14:00:00Z,8,2.0,1.0
543,Diarra,1,1,10,0,0,0,1,0,0,0,0,0,0,0,3,0.3,0.03,0.0,0.03,0.1,0,267,973,-706.0,0.1,55.0,1,0.4,0.6,2.0,0,0,0,MID,Sunderland,Ipswich Town,0,2026-08-22T14:00:00Z,8,2.0,1.0
544,Xhaka,1,9,90,0,1,0,2,0,0,0,0,0,0,2,31,5.0,0.0,0.09,0.09,1.8,1,34303,15172,19131.0,4.6,55.0,1,18.8,31.4,0.0,2,8,3,MID,Sunderland,Ipswich Town,0,2026-08-22T14:00:00Z,8,2.0,1.0
545,Sadiki,1,2,90,0,0,0,2,0,0,0,0,0,0,0,18,7.2,0.06,0.03,0.09,1.8,1,971,2930,-1959.0,0.3,50.0,1,14.6,32.1,25.0,0,2,0,MID,Sunderland,Ipswich Town,0,2026-08-22T14:00:00Z,8,2.0,1.0
546,Adingra,1,0,0,0,0,0,0,0,0,0,0,0,0,0,0,0.0,0.0,0.0,0.0,0.0,0,48,3143,-3095.0,0.1,50.0,1,0.0,0.0,0.0,0,0,0,MID,Sunderland,Ipswich Town,0,2026-08-22T14:00:00Z,8,2.0,1.0
547,Mundle,1,0,0,0,0,0,0,0,0,0,0,0,0,0,0,0.0,0.0,0.0,0.0,0.0,0,35,139,-104.0,0.0,50.0,1,0.0,0.0,0.0,0,0,0,MID,Sunderland,Ipswich Town,0,2026-08-22T14:00:00Z,8,2.0,1.0
548,Rigg,1,1,10,0,0,0,1,0,0,0,0,0,0,0,3,0.0,0.0,0.0,0.0,0.1,0,94,508,-414.0,0.1,50.0,1,0.0,0.3,0.0,0,1,0,MID,Sunderland,Ipswich Town,0,2026-08-22T14:00:00Z,8,2.0,1.0
549,Talbi,1,1,31,0,0,0,1,0,0,0,0,0,0,0,1,0.0,0.0,0.0,0.0,0.14,0,256,2320,-2064.0,0.2,55.0,1,0.0,0.9,0.0,0,2,0,MID,Sunderland,Ipswich Town,0,2026-08-22T14:00:00Z,8,2.0,1.0
553,Isidor,1,1,23,0,0,0,1,0,0,0,0,0,0,0,3,0.0,0.0,0.0,0.0,0.1,0,2114,10429,-8315.0,0.9,55.0,1,0.0,0.2,0.0,0,0,0,FWD,Sunderland,Ipswich Town,0,2026-08-22T14:00:00Z,8,2.0,1.0
612,Methalie,1,0,0,0,0,0,0,0,0,0,0,0,0,0,0,0.0,0.0,0.0,0.0,0.0,0,77,14,63.0,0.0,45.0,1,0.0,0.0,0.0,0,0,0,DEF,Sunderland,Ipswich Town,0,2026-08-22T14:00:00Z,8,2.0,1.0
613,Ahoka,1,0,0,0,0,0,0,0,0,0,0,0,0,0,0,0.0,0.0,0.0,0.0,0.0,0,1362,199,1163.0,0.0,45.0,1,0.0,0.0,0.0,0,0,0,MID,Sunderland,Ipswich Town,0,2026-08-22T14:00:00Z,8,2.0,1.0
3,Meslier,2,0,0.0,0.0,0.0,0.0,0.0,0.0,0.0,0.0,0.0,0.0,0.0,0.0,0.0,0.0,0.0,0.0,0.0,0.0,0.0,178.0,520.0,-342.0,0.0,50.0,2,0.0,0.0,0.0,0.0,0.0,0.0,GK,Arsenal,Aston Villa,0,2026-08-31T19:00:00Z,18,0.0,1.0
20,Dowman,2,0,0.0,0.0,0.0,0.0,0.0,0.0,0.0,0.0,0.0,0.0,0.0,0.0,0.0,0.0,0.0,0.0,0.0,0.0,0.0,681.0,2198.0,-1517.0,0.1,54.0,2,0.0,0.0,0.0,0.0,0.0,0.0,MID,Arsenal,Aston Villa,0,2026-08-31T19:00:00Z,18,0.0,1.0
6,Saliba,2,0,0.0,0.0,0.0,0.0,0.0,0.0,0.0,0.0,0.0,0.0,0.0,0.0,0.0,0.0,0.0,0.0,0.0,0.0,0.0,1158.0,6020.0,-4862.0,0.2,60.0,2,0.0,0.0,0.0,0.0,0.0,0.0,DEF,Arsenal,Aston Villa,0,2026-08-31T19:00:00Z,18,0.0,1.0
27,G.Jesus,2,0,0.0,0.0,0.0,0.0,0.0,0.0,0.0,0.0,0.0,0.0,0.0,0.0,0.0,0.0,0.0,0.0,0.0,0.0,0.0,2462.0,11853.0,-9391.0,0.3,59.0,2,0.0,0.0,0.0,0.0,0.0,0.0,FWD,Arsenal,Aston Villa,0,2026-08-31T19:00:00Z,18,0.0,1.0
10,White,2,7,90.0,0.0,0.0,1.0,0.0,0.0,0.0,0.0,0.0,0.0,0.0,1.0,26.0,3.7,0.0,0.05,0.0499999999999999,0.33,1.0,185433.0,120026.0,65407.0,7.2,55.0,2,16.4,20.3,0.0,3.0,2.0,1.0,DEF,Arsenal,Aston Villa,0,2026-08-31T19:00:00Z,18,0.0,1.0
66,Soler,2,0,0.0,0.0,0.0,0.0,0.0,0.0,0.0,0.0,0.0,0.0,0.0,0.0,0.0,0.0,0.0,0.0,0.0,0.0,0.0,6052.0,2580.0,3472.0,0.3,40.0,2,0.0,0.0,0.0,0.0,0.0,0.0,DEF,Bournemouth,Everton,1,2026-08-29T14:00:00Z,16,1.0,1.0
31,Konsa,2,1,11.0,0.0,0.0,0.0,0.0,0.0,0.0,0.0,0.0,0.0,0.0,0.0,3.0,0.3,0.0,0.0,0.0,0.0,0.0,273222.0,225572.0,47650.0,10.8,44.0,2,3.2,0.1,0.0,1.0,0.0,0.0,DEF,Arsenal,Aston Villa,0,2026-08-31T19:00:00Z,18,0.0,1.0
7,Lewis-Skelly,2,3,70.0,0.0,0.0,1.0,0.0,0.0,0.0,0.0,0.0,0.0,0.0,0.0,15.0,1.9000000000000004,0.07,0.02,0.09,0.33,1.0,10092.0,14730.0,-4638.0,0.7,55.0,2,10.6,3.200000000000003,5.0,4.0,1.0,0.0,MID,Arsenal,Aston Villa,0,2026-08-31T19:00:00Z,18,0.0,1.0
557,Tzolis,2,0,45.0,0.0,0.0,0.0,0.0,0.0,0.0,0.0,1.0,0.0,0.0,0.0,1.0,1.6000000000000014,0.0,0.0099999999999999,0.01,0.1,1.0,126159.0,689971.0,-563812.0,18.4,65.0,2,0.0,11.800000000000004,4.0,1.0,2.0,0.0,MID,Arsenal,Aston Villa,0,2026-08-31T19:00:00Z,18,0.0,1.0
22,Nwaneri,2,0,0.0,0.0,0.0,0.0,0.0,0.0,0.0,0.0,0.0,0.0,0.0,0.0,0.0,0.0,0.0,0.0,0.0,0.0,0.0,165.0,453.0,-288.0,0.0,54.0,2,0.0,0.0,0.0,0.0,0.0,0.0,MID,Arsenal,Aston Villa,0,2026-08-31T19:00:00Z,18,0.0,1.0
23,Fábio Vieira,2,0,0.0,0.0,0.0,0.0,0.0,0.0,0.0,0.0,0.0,0.0,0.0,0.0,0.0,0.0,0.0,0.0,0.0,0.0,0.0,186.0,335.0,-149.0,0.0,55.0,2,0.0,0.0,0.0,0.0,0.0,0.0,MID,Arsenal,Aston Villa,0,2026-08-31T19:00:00Z,18,0.0,1.0
179,Latibeaudiere,2,0,0.0,0.0,0.0,0.0,0.0,0.0,0.0,0.0,0.0,0.0,0.0,0.0,0.0,0.0,0.0,0.0,0.0,0.0,0.0,361.0,551.0,-190.0,0.0,40.0,2,0.0,0.0,0.0,0.0,0.0,0.0,DEF,Coventry City,Hull City,1,2026-08-29T14:00:00Z,15,0.0,1.0
228,King,2,0,0.0,0.0,0.0,0.0,0.0,0.0,0.0,0.0,0.0,0.0,0.0,0.0,0.0,0.0,0.0,0.0,0.0,0.0,0.0,322.0,562.0,-240.0,0.0,45.0,2,0.0,0.0,0.0,0.0,0.0,0.0,GK,Everton,Bournemouth,0,2026-08-29T14:00:00Z,16,1.0,1.0
24,Nelson,2,0,0.0,0.0,0.0,0.0,0.0,0.0,0.0,0.0,0.0,0.0,0.0,0.0,0.0,0.0,0.0,0.0,0.0,0.0,0.0,13.0,332.0,-319.0,0.0,55.0,2,0.0,0.0,0.0,0.0,0.0,0.0,MID,Arsenal,Aston Villa,0,2026-08-31T19:00:00Z,18,0.0,1.0
25,Gyökeres,2,0,0.0,0.0,0.0,0.0,0.0,0.0,0.0,0.0,0.0,0.0,0.0,0.0,0.0,0.0,0.0,0.0,0.0,0.0,0.0,9000.0,241121.0,-232121.0,4.5,73.0,2,0.0,0.0,0.0,0.0,0.0,0.0,FWD,Arsenal,Aston Villa,0,2026-08-31T19:00:00Z,18,0.0,1.0
12,Saka,2,11,90.0,1.0,0.0,1.0,0.0,0.0,0.0,0.0,0.0,0.0,0.0,3.0,46.0,9.3,0.63,0.0399999999999999,0.6699999999999999,0.33,1.0,164615.0,106732.0,57883.0,11.0,95.0,2,41.0,8.0,44.0,3.0,6.0,2.0,MID,Arsenal,Aston Villa,0,2026-08-31T19:00:00Z,18,0.0,1.0
14,Eze,2,1,45.0,0.0,0.0,0.0,0.0,0.0,0.0,0.0,0.0,0.0,0.0,0.0,6.0,0.6,0.0,0.07,0.07,0.24,0.0,8813.0,46409.0,-37596.0,1.4,64.0,2,1.6,2.0,2.0,0.0,3.0,0.0,MID,Arsenal,Aston Villa,0,2026-08-31T19:00:00Z,18,0.0,1.0
452,Bruno G.,2,1,19.0,0.0,0.0,0.0,0.0,0.0,0.0,0.0,0.0,0.0,0.0,0.0,4.0,0.4,0.0,0.01,0.01,0.0,0.0,5634.0,79124.0,-73490.0,2.0,68.0,2,1.4,0.8,2.0,0.0,3.0,0.0,MID,Arsenal,Aston Villa,0,2026-08-31T19:00:00Z,18,0.0,1.0
4,Gabriel,2,8,90.0,0.0,0.0,1.0,0.0,0.0,0.0,0.0,0.0,0.0,0.0,0.0,23.0,2.7,0.13,0.0199999999999999,0.15,0.33,1.0,53340.0,362214.0,-308874.0,24.9,80.0,2,18.200000000000003,3.2,6.0,8.0,5.0,2.0,DEF,Arsenal,Aston Villa,0,2026-08-31T19:00:00Z,18,0.0,1.0
30,Digne,2,0,0.0,0.0,0.0,0.0,0.0,0.0,0.0,0.0,0.0,0.0,0.0,0.0,0.0,0.0,0.0,0.0,0.0,0.0,0.0,0.0,2411.0,-2411.0,0.1,45.0,2,0.0,0.0,0.0,0.0,0.0,0.0,DEF,Aston Villa,Arsenal,1,2026-08-31T19:00:00Z,18,0.0,1.0
15,Ødegaard,2,3,70.0,0.0,0.0,1.0,0.0,0.0,0.0,0.0,0.0,0.0,0.0,0.0,13.0,1.8999999999999984,0.0799999999999999,0.07,0.15,0.33,1.0,152912.0,177378.0,-24466.0,10.8,66.0,2,6.799999999999997,6.799999999999997,5.0,2.0,1.0,2.0,MID,Arsenal,Aston Villa,0,2026-08-31T19:00:00Z,18,0.0,1.0
16,Madueke,2,0,0.0,0.0,0.0,0.0,0.0,0.0,0.0,0.0,0.0,0.0,0.0,0.0,0.0,0.0,0.0,0.0,0.0,0.0,0.0,1533.0,9220.0,-7687.0,0.2,63.0,2,0.0,0.0,0.0,0.0,0.0,0.0,MID,Arsenal,Aston Villa,0,2026-08-31T19:00:00Z,18,0.0,1.0
11,Mosquera,2,6,78.0,0.0,0.0,1.0,0.0,0.0,0.0,0.0,0.0,0.0,0.0,0.0,25.0,1.2000000000000002,0.0,0.01,0.01,0.33,1.0,15226.0,134836.0,-119610.0,4.3,55.0,2,10.2,1.4,0.0,4.0,0.0,0.0,DEF,Arsenal,Aston Villa,0,2026-08-31T19:00:00Z,18,0.0,1.0
13,Rice,2,5,84.0,0.0,0.0,1.0,0.0,0.0,0.0,0.0,0.0,0.0,0.0,0.0,19.0,5.2,0.0,0.0999999999999999,0.1,0.33,1.0,25144.0,272915.0,-247771.0,14.1,75.0,2,24.0,27.6,0.0,2.0,7.0,3.0,MID,Arsenal,Aston Villa,0,2026-08-31T19:00:00Z,18,0.0,1.0
32,Cash,2,2,77.0,0.0,0.0,0.0,1.0,0.0,0.0,0.0,0.0,0.0,0.0,0.0,8.0,2.3,0.15,0.01,0.16,1.0399999999999996,1.0,42438.0,93898.0,-51460.0,7.0,45.0,2,14.0,1.7999999999999998,7.0,2.0,1.0,4.0,DEF,Aston Villa,Arsenal,1,2026-08-31T19:00:00Z,18,0.0,1.0
5,J.Timber,2,0,0.0,0.0,0.0,0.0,0.0,0.0,0.0,0.0,0.0,0.0,0.0,0.0,0.0,0.0,0.0,0.0,0.0,0.0,0.0,579.0,2734.0,-2155.0,0.1,65.0,2,0.0,0.0,0.0,0.0,0.0,0.0,DEF,Arsenal,Aston Villa,0,2026-08-31T19:00:00Z,18,0.0,1.0
34,Pau,2,2,90.0,0.0,0.0,0.0,1.0,0.0,0.0,0.0,0.0,0.0,0.0,0.0,6.0,1.2,0.0,0.01,0.01,1.04,1.0,5277.0,5092.0,185.0,0.4,45.0,2,11.0,0.8,0.0,3.0,8.0,1.0,DEF,Aston Villa,Arsenal,1,2026-08-31T19:00:00Z,18,0.0,1.0
17,Merino,2,1,19.0,0.0,0.0,0.0,0.0,0.0,0.0,0.0,0.0,0.0,0.0,0.0,7.0,0.3999999999999999,0.0,0.0,0.0,0.0,0.0,3321.0,15371.0,-12050.0,0.5,59.0,2,2.8000000000000003,1.0000000000000002,0.0,0.0,4.0,0.0,MID,Arsenal,Aston Villa,0,2026-08-31T19:00:00Z,18,0.0,1.0
26,Havertz,2,2,90.0,0.0,0.0,1.0,0.0,0.0,0.0,0.0,0.0,0.0,0.0,0.0,5.0,2.9000000000000004,0.02,0.03,0.05,0.33,1.0,97231.0,147508.0,-50277.0,6.6,75.0,2,2.3999999999999986,3.400000000000002,23.0,0.0,5.0,0.0,FWD,Arsenal,Aston Villa,0,2026-08-31T19:00:00Z,18,0.0,1.0
468,John,2,0,0.0,0.0,0.0,0.0,0.0,0.0,0.0,0.0,0.0,0.0,0.0,0.0,0.0,0.0,0.0,0.0,0.0,0.0,0.0,281.0,716.0,-435.0,0.1,45.0,2,0.0,0.0,0.0,0.0,0.0,0.0,GK,Nott'm Forest,Liverpool,0,2026-08-29T11:30:00Z,14,2.0,2.0
33,Mings,2,0,0.0,0.0,0.0,0.0,0.0,0.0,0.0,0.0,0.0,0.0,0.0,0.0,0.0,0.0,0.0,0.0,0.0,0.0,0.0,2832.0,5328.0,-2496.0,0.4,45.0,2,0.0,0.0,0.0,0.0,0.0,0.0,DEF,Aston Villa,Arsenal,1,2026-08-31T19:00:00Z,18,0.0,1.0
489,Yates,2,0,0.0,0.0,0.0,0.0,0.0,0.0,0.0,0.0,0.0,0.0,0.0,0.0,0.0,0.0,0.0,0.0,0.0,0.0,0.0,18362.0,20034.0,-1672.0,1.5,45.0,2,0.0,0.0,0.0,0.0,0.0,0.0,MID,Nott'm Forest,Liverpool,0,2026-08-29T11:30:00Z,14,2.0,2.0
8,Calafiori,2,11,90.0,0.0,1.0,1.0,0.0,0.0,0.0,0.0,0.0,0.0,0.0,2.0,30.0,4.2,0.1099999999999999,0.4600000000000001,0.57,0.33,1.0,543059.0,123791.0,419268.0,44.5,57.0,2,21.200000000000003,11.900000000000002,9.0,2.0,4.0,1.0,DEF,Arsenal,Aston Villa,0,2026-08-31T19:00:00Z,18,0.0,1.0
35,Bogarde,2,0,0.0,0.0,0.0,0.0,0.0,0.0,0.0,0.0,0.0,0.0,0.0,0.0,0.0,0.0,0.0,0.0,0.0,0.0,0.0,988.0,1402.0,-414.0,0.1,50.0,2,0.0,0.0,0.0,0.0,0.0,0.0,MID,Aston Villa,Arsenal,1,2026-08-31T19:00:00Z,18,0.0,1.0
9,Hincapie,2,0,0.0,0.0,0.0,0.0,0.0,0.0,0.0,0.0,0.0,0.0,0.0,0.0,0.0,0.0,0.0,0.0,0.0,0.0,0.0,4811.0,40453.0,-35642.0,1.1,54.0,2,0.0,0.0,0.0,0.0,0.0,0.0,DEF,Arsenal,Aston Villa,0,2026-08-31T19:00:00Z,18,0.0,1.0
18,Martinelli,2,0,0.0,0.0,0.0,0.0,0.0,0.0,0.0,0.0,0.0,0.0,0.0,0.0,0.0,0.0,0.0,0.0,0.0,0.0,0.0,1339.0,7405.0,-6066.0,0.1,63.0,2,0.0,0.0,0.0,0.0,0.0,0.0,MID,Arsenal,Aston Villa,0,2026-08-31T19:00:00Z,18,0.0,1.0
19,Zubimendi,2,1,5.0,0.0,0.0,0.0,0.0,0.0,0.0,0.0,0.0,0.0,0.0,0.0,5.0,0.6,0.0,0.0,0.0,0.0,0.0,3645.0,22778.0,-19133.0,0.8,54.0,2,4.8,0.9000000000000004,0.0,0.0,0.0,2.0,MID,Arsenal,Aston Villa,0,2026-08-31T19:00:00Z,18,0.0,1.0
1,Raya,2,6,90.0,0.0,0.0,1.0,0.0,0.0,0.0,0.0,0.0,0.0,0.0,0.0,21.0,0.6000000000000001,0.0,0.0,0.0,0.33,1.0,216517.0,239569.0,-23052.0,37.3,60.0,2,5.599999999999998,0.0,0.0,1.0,11.0,0.0,GK,Arsenal,Aston Villa,0,2026-08-31T19:00:00Z,18,0.0,1.0
2,Arrizabalaga,2,0,0.0,0.0,0.0,0.0,0.0,0.0,0.0,0.0,0.0,0.0,0.0,0.0,0.0,0.0,0.0,0.0,0.0,0.0,0.0,629.0,1405.0,-776.0,0.1,50.0,2,0.0,0.0,0.0,0.0,0.0,0.0,GK,Arsenal,Aston Villa,0,2026-08-31T19:00:00Z,18,0.0,1.0
36,Maatsen,2,1,90.0,0.0,0.0,0.0,1.0,0.0,0.0,0.0,1.0,0.0,0.0,0.0,-5.0,1.7,0.07,0.0,0.07,1.04,1.0,11299.0,9982.0,1317.0,0.8,45.0,2,4.800000000000001,0.5,12.0,5.0,2.0,3.0,DEF,Aston Villa,Arsenal,1,2026-08-31T19:00:00Z,18,0.0,1.0
37,Lindelöf,2,2,90.0,0.0,0.0,0.0,1.0,0.0,0.0,0.0,0.0,0.0,0.0,0.0,10.0,1.6,0.0,0.08,0.08,1.0399999999999996,1.0,3312.0,3513.0,-201.0,0.3,45.0,2,15.0,1.2,0.0,6.0,1.0,1.0,DEF,Aston Villa,Arsenal,1,2026-08-31T19:00:00Z,18,0.0,1.0
39,Nedeljkovic,2,0,0.0,0.0,0.0,0.0,0.0,0.0,0.0,0.0,0.0,0.0,0.0,0.0,0.0,0.0,0.0,0.0,0.0,0.0,0.0,0.0,4796.0,-4796.0,0.2,40.0,2,0.0,0.0,0.0,0.0,0.0,0.0,DEF,Aston Villa,Arsenal,1,2026-08-31T19:00:00Z,18,0.0,1.0
41,Buendía,2,2,90.0,0.0,0.0,0.0,1.0,0.0,0.0,0.0,0.0,0.0,0.0,0.0,9.0,2.7,0.04,0.02,0.06,1.04,1.0,20901.0,28289.0,-7388.0,1.2,60.0,2,5.0,13.2,9.0,0.0,4.0,1.0,MID,Aston Villa,Arsenal,1,2026-08-31T19:00:00Z,18,0.0,1.0
44,Bailey,2,0,0.0,0.0,0.0,0.0,0.0,0.0,0.0,0.0,0.0,0.0,0.0,0.0,0.0,0.0,0.0,0.0,0.0,0.0,0.0,1195.0,4045.0,-2850.0,0.1,54.0,2,0.0,0.0,0.0,0.0,0.0,0.0,MID,Aston Villa,Arsenal,1,2026-08-31T19:00:00Z,18,0.0,1.0
45,McGinn,2,1,90.0,0.0,0.0,0.0,1.0,0.0,0.0,0.0,1.0,0.0,0.0,0.0,2.0,1.7000000000000002,0.0499999999999999,0.0499999999999999,0.0999999999999999,1.04,1.0,17524.0,52065.0,-34541.0,2.4,54.0,2,0.0,12.0,10.0,1.0,2.0,1.0,MID,Aston Villa,Arsenal,1,2026-08-31T19:00:00Z,18,0.0,1.0
46,Barkley,2,2,77.0,0.0,0.0,0.0,1.0,0.0,0.0,0.0,0.0,0.0,0.0,0.0,23.0,3.8,0.03,0.02,0.05,1.04,1.0,5945.0,4401.0,1544.0,0.3,50.0,2,12.8,23.300000000000004,2.0,1.0,6.0,3.0,MID,Aston Villa,Arsenal,1,2026-08-31T19:00:00Z,18,0.0,1.0
47,Kamara,2,2,90.0,0.0,0.0,0.0,1.0,0.0,0.0,0.0,0.0,0.0,0.0,0.0,13.0,2.5,0.0,0.03,0.03,1.0399999999999996,1.0,5255.0,6418.0,-1163.0,0.3,50.0,2,10.6,14.2,0.0,3.0,4.0,1.0,MID,Aston Villa,Arsenal,1,2026-08-31T19:00:00Z,18,0.0,1.0
48,Onana,2,0,0.0,0.0,0.0,0.0,0.0,0.0,0.0,0.0,0.0,0.0,0.0,0.0,0.0,0.0,0.0,0.0,0.0,0.0,0.0,161.0,620.0,-459.0,0.0,50.0,2,0.0,0.0,0.0,0.0,0.0,0.0,MID,Aston Villa,Arsenal,1,2026-08-31T19:00:00Z,18,0.0,1.0
49,Iling Jr,2,0,0.0,0.0,0.0,0.0,0.0,0.0,0.0,0.0,0.0,0.0,0.0,0.0,0.0,0.0,0.0,0.0,0.0,0.0,0.0,0.0,68.0,-68.0,0.0,50.0,2,0.0,0.0,0.0,0.0,0.0,0.0,MID,Aston Villa,Arsenal,1,2026-08-31T19:00:00Z,18,0.0,1.0
50,Burrowes,2,0,0.0,0.0,0.0,0.0,0.0,0.0,0.0,0.0,0.0,0.0,0.0,0.0,0.0,0.0,0.0,0.0,0.0,0.0,0.0,9003.0,9873.0,-870.0,0.7,45.0,2,0.0,0.0,0.0,0.0,0.0,0.0,MID,Aston Villa,Arsenal,1,2026-08-31T19:00:00Z,18,0.0,1.0
51,George Hemmings,2,2,70.0,0.0,0.0,0.0,1.0,0.0,0.0,0.0,0.0,0.0,0.0,0.0,5.0,0.6000000000000001,0.0,0.01,0.01,1.0100000000000002,1.0,37724.0,15192.0,22532.0,1.1,45.0,2,1.8000000000000007,4.300000000000001,0.0,0.0,4.0,2.0,MID,Aston Villa,Arsenal,1,2026-08-31T19:00:00Z,18,0.0,1.0
52,Alysson,2,0,19.0,0.0,0.0,0.0,0.0,0.0,0.0,0.0,1.0,0.0,0.0,0.0,2.0,0.4,0.0,0.0,0.0,0.0199999999999999,0.0,848.0,1015.0,-167.0,0.0,50.0,2,1.2000000000000002,0.8,2.0,0.0,1.0,1.0,MID,Aston Villa,Arsenal,1,2026-08-31T19:00:00Z,18,0.0,1.0
29,M.Bizot,2,0,0.0,0.0,0.0,0.0,0.0,0.0,0.0,0.0,0.0,0.0,0.0,0.0,0.0,0.0,0.0,0.0,0.0,0.0,0.0,2450.0,2532.0,-82.0,0.1,45.0,2,0.0,0.0,0.0,0.0,0.0,0.0,GK,Aston Villa,Arsenal,1,2026-08-31T19:00:00Z,18,0.0,1.0
38,A.García,2,0,0.0,0.0,0.0,0.0,0.0,0.0,0.0,0.0,0.0,0.0,0.0,0.0,0.0,0.0,0.0,0.0,0.0,0.0,0.0,16782.0,18380.0,-1598.0,1.8,40.0,2,0.0,0.0,0.0,0.0,0.0,0.0,DEF,Aston Villa,Arsenal,1,2026-08-31T19:00:00Z,18,0.0,1.0
53,Manzambi,2,0,0.0,0.0,0.0,0.0,0.0,0.0,0.0,0.0,0.0,0.0,0.0,0.0,0.0,0.0,0.0,0.0,0.0,0.0,0.0,360.0,5761.0,-5401.0,0.1,59.0,2,0.0,0.0,0.0,0.0,0.0,0.0,MID,Aston Villa,Arsenal,1,2026-08-31T19:00:00Z,18,0.0,1.0
54,Gomes,2,0,0.0,0.0,0.0,0.0,0.0,0.0,0.0,0.0,0.0,0.0,0.0,0.0,0.0,0.0,0.0,0.0,0.0,0.0,0.0,111.0,1361.0,-1250.0,0.0,55.0,2,0.0,0.0,0.0,0.0,0.0,0.0,MID,Aston Villa,Arsenal,1,2026-08-31T19:00:00Z,18,0.0,1.0
55,Watkins,2,0,0.0,0.0,0.0,0.0,0.0,0.0,0.0,0.0,0.0,0.0,0.0,0.0,0.0,0.0,0.0,0.0,0.0,0.0,0.0,4773.0,367420.0,-362647.0,4.2,78.0,2,0.0,0.0,0.0,0.0,0.0,0.0,FWD,Aston Villa,Arsenal,1,2026-08-31T19:00:00Z,18,0.0,1.0
56,Abraham,2,1,19.0,0.0,0.0,0.0,0.0,0.0,0.0,0.0,0.0,0.0,0.0,0.0,3.0,0.1,0.0,0.0,0.0,0.02,0.0,4961.0,3156.0,1805.0,0.1,55.0,2,0.0,1.3,0.0,0.0,0.0,0.0,FWD,Aston Villa,Arsenal,1,2026-08-31T19:00:00Z,18,0.0,1.0
160,Garnacho,2,1,12.0,0.0,0.0,0.0,0.0,0.0,0.0,0.0,0.0,0.0,0.0,0.0,3.0,0.2,0.0,0.0,0.0,0.0,0.0,2709.0,13597.0,-10888.0,0.4,59.0,2,0.2,2.0,0.0,0.0,2.0,0.0,MID,Aston Villa,Arsenal,1,2026-08-31T19:00:00Z,18,0.0,1.0
166,N.Jackson,2,2,70.0,0.0,0.0,0.0,1.0,0.0,0.0,0.0,0.0,0.0,0.0,0.0,11.0,1.2,0.0,0.1,0.1,1.01,1.0,74641.0,15336.0,59305.0,1.1,65.0,2,4.2,5.9,2.0,0.0,3.0,0.0,FWD,Aston Villa,Arsenal,1,2026-08-31T19:00:00Z,18,0.0,1.0
582,Madjo,2,0,0.0,0.0,0.0,0.0,0.0,0.0,0.0,0.0,0.0,0.0,0.0,0.0,0.0,0.0,0.0,0.0,0.0,0.0,0.0,955.0,10690.0,-9735.0,0.3,55.0,2,0.0,0.0,0.0,0.0,0.0,0.0,FWD,Aston Villa,Arsenal,1,2026-08-31T19:00:00Z,18,0.0,1.0
596,Ruggeri,2,0,0.0,0.0,0.0,0.0,0.0,0.0,0.0,0.0,0.0,0.0,0.0,0.0,0.0,0.0,0.0,0.0,0.0,0.0,0.0,804.0,1906.0,-1102.0,0.1,45.0,2,0.0,0.0,0.0,0.0,0.0,0.0,DEF,Aston Villa,Arsenal,1,2026-08-31T19:00:00Z,18,0.0,1.0
597,Suzuki,2,2,90.0,0.0,0.0,0.0,1.0,0.0,0.0,0.0,0.0,0.0,1.0,0.0,8.0,1.4,0.0,0.0,0.0,1.04,1.0,33340.0,12278.0,21062.0,1.4,50.0,2,13.6,0.0,0.0,2.0,9.0,0.0,GK,Aston Villa,Arsenal,1,2026-08-31T19:00:00Z,18,0.0,1.0
606,Rowe,2,0,0.0,0.0,0.0,0.0,0.0,0.0,0.0,0.0,0.0,0.0,0.0,0.0,0.0,0.0,0.0,0.0,0.0,0.0,0.0,6667.0,1717.0,4950.0,0.2,40.0,2,0.0,0.0,0.0,0.0,0.0,0.0,DEF,Aston Villa,Arsenal,1,2026-08-31T19:00:00Z,18,0.0,1.0
607,Lynch,2,0,0.0,0.0,0.0,0.0,0.0,0.0,0.0,0.0,0.0,0.0,0.0,0.0,0.0,0.0,0.0,0.0,0.0,0.0,0.0,3770.0,2402.0,1368.0,0.1,45.0,2,0.0,0.0,0.0,0.0,0.0,0.0,MID,Aston Villa,Arsenal,1,2026-08-31T19:00:00Z,18,0.0,1.0
611,Wan-Bissaka,2,1,12.0,0.0,0.0,0.0,0.0,0.0,0.0,0.0,0.0,0.0,0.0,0.0,4.0,0.4,0.0,0.0,0.0,0.0,0.0,6996.0,1665.0,5331.0,0.2,45.0,2,3.6,0.8,0.0,0.0,0.0,2.0,DEF,Aston Villa,Arsenal,1,2026-08-31T19:00:00Z,18,0.0,1.0
618,Goretzka,2,0,0.0,0.0,0.0,0.0,0.0,0.0,0.0,0.0,0.0,0.0,0.0,0.0,0.0,0.0,0.0,0.0,0.0,0.0,0.0,3640.0,845.0,2795.0,0.0,60.0,2,0.0,0.0,0.0,0.0,0.0,0.0,MID,Aston Villa,Arsenal,1,2026-08-31T19:00:00Z,18,0.0,1.0
630,Harwood-Bellis,2,0,0.0,0.0,0.0,0.0,0.0,0.0,0.0,0.0,0.0,0.0,0.0,0.0,0.0,0.0,0.0,0.0,0.0,0.0,0.0,931.0,184.0,747.0,0.0,45.0,2,0.0,0.0,0.0,0.0,0.0,0.0,DEF,Aston Villa,Arsenal,1,2026-08-31T19:00:00Z,18,0.0,1.0
631,Mbaye,2,0,0.0,0.0,0.0,0.0,0.0,0.0,0.0,0.0,0.0,0.0,0.0,0.0,0.0,0.0,0.0,0.0,0.0,0.0,0.0,3995.0,618.0,3377.0,0.0,60.0,2,0.0,0.0,0.0,0.0,0.0,0.0,MID,Aston Villa,Arsenal,1,2026-08-31T19:00:00Z,18,0.0,1.0
57,Petrović,2,3,90.0,0.0,0.0,0.0,1.0,0.0,0.0,0.0,0.0,0.0,5.0,0.0,20.0,3.3999999999999995,0.0,0.0,0.0,1.84,1.0,50805.0,37190.0,13615.0,3.3,45.0,2,33.8,0.0,0.0,3.0,8.0,0.0,GK,Bournemouth,Everton,1,2026-08-29T14:00:00Z,16,1.0,1.0
58,Forster,2,0,0.0,0.0,0.0,0.0,0.0,0.0,0.0,0.0,0.0,0.0,0.0,0.0,0.0,0.0,0.0,0.0,0.0,0.0,0.0,39467.0,22801.0,16666.0,3.6,40.0,2,0.0,0.0,0.0,0.0,0.0,0.0,GK,Bournemouth,Everton,1,2026-08-29T14:00:00Z,16,1.0,1.0
59,Dennis,2,0,0.0,0.0,0.0,0.0,0.0,0.0,0.0,0.0,0.0,0.0,0.0,0.0,0.0,0.0,0.0,0.0,0.0,0.0,0.0,0.0,3231.0,-3231.0,0.2,40.0,2,0.0,0.0,0.0,0.0,0.0,0.0,GK,Bournemouth,Everton,1,2026-08-29T14:00:00Z,16,1.0,1.0
60,Hill,2,4,90.0,0.0,0.0,0.0,1.0,0.0,0.0,0.0,0.0,0.0,0.0,0.0,19.0,5.1,0.0,0.74,0.74,1.84,1.0,8800.0,12645.0,-3845.0,0.8,55.0,2,25.6,21.0,4.0,9.0,3.0,3.0,DEF,Bournemouth,Everton,1,2026-08-29T14:00:00Z,16,1.0,1.0
61,Truffert,2,4,90.0,0.0,0.0,0.0,1.0,0.0,0.0,0.0,0.0,0.0,0.0,2.0,27.0,5.6,0.0,0.07,0.07,1.84,1.0,15579.0,46012.0,-30433.0,3.7,55.0,2,27.800000000000004,23.7,4.0,7.0,6.0,2.0,DEF,Bournemouth,Everton,1,2026-08-29T14:00:00Z,16,1.0,1.0
63,Milosavljević,2,0,0.0,0.0,0.0,0.0,0.0,0.0,0.0,0.0,0.0,0.0,0.0,0.0,0.0,0.0,0.0,0.0,0.0,0.0,0.0,91.0,270.0,-179.0,0.0,50.0,2,0.0,0.0,0.0,0.0,0.0,0.0,DEF,Bournemouth,Everton,1,2026-08-29T14:00:00Z,16,1.0,1.0
64,Smith,2,1,90.0,0.0,0.0,0.0,1.0,0.0,0.0,0.0,1.0,0.0,0.0,0.0,5.0,3.1,0.0,0.02,0.02,1.84,1.0,2154.0,2232.0,-78.0,0.1,45.0,2,15.6,15.7,0.0,4.0,0.0,2.0,DEF,Bournemouth,Everton,1,2026-08-29T14:00:00Z,16,1.0,1.0
65,J.Araujo,2,0,0.0,0.0,0.0,0.0,0.0,0.0,0.0,0.0,0.0,0.0,0.0,0.0,0.0,0.0,0.0,0.0,0.0,0.0,0.0,104.0,403.0,-299.0,0.0,45.0,2,0.0,0.0,0.0,0.0,0.0,0.0,DEF,Bournemouth,Everton,1,2026-08-29T14:00:00Z,16,1.0,1.0
67,Rayan,2,2,90.0,0.0,0.0,0.0,1.0,0.0,0.0,0.0,0.0,0.0,0.0,0.0,4.0,5.6,0.4,0.02,0.42,1.84,1.0,15590.0,63191.0,-47601.0,2.2,65.0,2,8.600000000000001,3.5,44.0,1.0,3.0,1.0,MID,Bournemouth,Everton,1,2026-08-29T14:00:00Z,16,1.0,1.0
68,Tavernier,2,1,90.0,0.0,0.0,0.0,1.0,0.0,0.0,0.0,1.0,0.0,0.0,0.0,20.0,6.4,0.0899999999999999,0.2099999999999999,0.3,1.84,1.0,51903.0,51876.0,27.0,2.2,60.0,2,15.0,38.3,11.0,1.0,6.0,4.0,MID,Bournemouth,Everton,1,2026-08-29T14:00:00Z,16,1.0,1.0
69,Scott,2,12,86.0,1.0,0.0,1.0,0.0,0.0,0.0,0.0,1.0,0.0,0.0,3.0,39.0,10.1,0.26,0.27,0.53,1.71,1.0,58042.0,19640.0,38402.0,2.0,60.0,2,47.6,32.1,21.0,3.0,9.0,3.0,MID,Bournemouth,Everton,1,2026-08-29T14:00:00Z,16,1.0,1.0
70,Kluivert,2,3,80.0,0.0,0.0,1.0,0.0,0.0,0.0,0.0,0.0,0.0,0.0,0.0,12.0,9.5,0.61,0.05,0.66,1.67,1.0,14473.0,24908.0,-10435.0,1.1,60.0,2,11.2,26.9,57.0,0.0,5.0,0.0,MID,Bournemouth,Everton,1,2026-08-29T14:00:00Z,16,1.0,1.0
71,Cook,2,3,68.0,0.0,0.0,1.0,0.0,0.0,0.0,0.0,0.0,0.0,0.0,0.0,13.0,1.7,0.0,0.01,0.01,1.67,1.0,7193.0,4115.0,3078.0,0.2,50.0,2,3.8000000000000007,12.8,0.0,0.0,2.0,0.0,MID,Bournemouth,Everton,1,2026-08-29T14:00:00Z,16,1.0,1.0
72,Gannon-Doak,2,0,0.0,0.0,0.0,0.0,0.0,0.0,0.0,0.0,0.0,0.0,0.0,0.0,0.0,0.0,0.0,0.0,0.0,0.0,0.0,418.0,1632.0,-1214.0,0.1,50.0,2,0.0,0.0,0.0,0.0,0.0,0.0,MID,Bournemouth,Everton,1,2026-08-29T14:00:00Z,16,1.0,1.0
73,Adams,2,1,21.0,0.0,0.0,0.0,1.0,0.0,0.0,0.0,0.0,0.0,0.0,0.0,4.0,0.2999999999999999,0.0,0.0,0.0,0.1599999999999999,0.0,6055.0,4930.0,1125.0,0.2,50.0,2,1.6,1.2999999999999998,0.0,0.0,3.0,0.0,MID,Bournemouth,Everton,1,2026-08-29T14:00:00Z,16,1.0,1.0
74,Brooks,2,1,9.0,0.0,0.0,0.0,1.0,0.0,0.0,0.0,0.0,0.0,0.0,0.0,3.0,0.1,0.0,0.01,0.01,0.16,0.0,1401.0,1089.0,312.0,0.1,50.0,2,0.0,1.6,0.0,0.0,0.0,0.0,MID,Bournemouth,Everton,1,2026-08-29T14:00:00Z,16,1.0,1.0
75,Christie,2,1,3.0,0.0,0.0,0.0,1.0,0.0,0.0,0.0,0.0,0.0,0.0,0.0,5.0,0.3,0.0,0.0,0.0,0.13,0.0,1158.0,544.0,614.0,0.0,50.0,2,2.8,0.3,0.0,0.0,1.0,1.0,MID,Bournemouth,Everton,1,2026-08-29T14:00:00Z,16,1.0,1.0
76,Tóth.A,2,0,0.0,0.0,0.0,0.0,0.0,0.0,0.0,0.0,0.0,0.0,0.0,0.0,0.0,0.0,0.0,0.0,0.0,0.0,0.0,136.0,249.0,-113.0,0.0,50.0,2,0.0,0.0,0.0,0.0,0.0,0.0,MID,Bournemouth,Everton,1,2026-08-29T14:00:00Z,16,1.0,1.0
77,Adli,2,0,0.0,0.0,0.0,0.0,0.0,0.0,0.0,0.0,0.0,0.0,0.0,0.0,0.0,0.0,0.0,0.0,0.0,0.0,0.0,143.0,708.0,-565.0,0.0,49.0,2,0.0,0.0,0.0,0.0,0.0,0.0,MID,Bournemouth,Everton,1,2026-08-29T14:00:00Z,16,1.0,1.0
78,Kroupi.Jr,2,0,0.0,0.0,0.0,0.0,0.0,0.0,0.0,0.0,0.0,0.0,0.0,0.0,0.0,0.0,0.0,0.0,0.0,0.0,0.0,279.0,9310.0,-9031.0,0.2,74.0,2,0.0,0.0,0.0,0.0,0.0,0.0,MID,Bournemouth,Everton,1,2026-08-29T14:00:00Z,16,1.0,1.0
62,Diakité,2,0,0.0,0.0,0.0,0.0,0.0,0.0,0.0,0.0,0.0,0.0,0.0,0.0,0.0,0.0,0.0,0.0,0.0,0.0,0.0,1963.0,4092.0,-2129.0,0.2,50.0,2,0.0,0.0,0.0,0.0,0.0,0.0,DEF,Bournemouth,Everton,1,2026-08-29T14:00:00Z,16,1.0,1.0
79,Evanilson,2,5,80.0,0.0,1.0,1.0,0.0,0.0,0.0,0.0,0.0,0.0,0.0,0.0,11.0,5.9,0.58,0.04,0.62,1.67,1.0,84347.0,46553.0,37794.0,3.2,60.0,2,15.0,22.200000000000003,22.0,1.0,2.0,0.0,FWD,Bournemouth,Everton,1,2026-08-29T14:00:00Z,16,1.0,1.0
80,Enes Ünal,2,0,0.0,0.0,0.0,0.0,0.0,0.0,0.0,0.0,0.0,0.0,0.0,0.0,0.0,0.0,0.0,0.0,0.0,0.0,0.0,0.0,613.0,-613.0,0.0,55.0,2,0.0,0.0,0.0,0.0,0.0,0.0,FWD,Bournemouth,Everton,1,2026-08-29T14:00:00Z,16,1.0,1.0
566,Silva,2,4,90.0,0.0,0.0,0.0,1.0,0.0,0.0,0.0,0.0,0.0,0.0,0.0,11.0,3.3,0.25,0.03,0.28,1.84,1.0,11485.0,6993.0,4492.0,0.4,50.0,2,18.6,1.8,13.0,8.0,4.0,2.0,DEF,Bournemouth,Everton,1,2026-08-29T14:00:00Z,16,1.0,1.0
573,Sanchez,2,0,0.0,0.0,0.0,0.0,0.0,0.0,0.0,0.0,0.0,0.0,0.0,0.0,0.0,0.0,0.0,0.0,0.0,0.0,0.0,403.0,2521.0,-2118.0,0.2,45.0,2,0.0,0.0,0.0,0.0,0.0,0.0,DEF,Bournemouth,Everton,1,2026-08-29T14:00:00Z,16,1.0,1.0
608,Jebbison,2,0,0.0,0.0,0.0,0.0,0.0,0.0,0.0,0.0,0.0,0.0,0.0,0.0,0.0,0.0,0.0,0.0,0.0,0.0,0.0,4942.0,2073.0,2869.0,0.1,50.0,2,0.0,0.0,0.0,0.0,0.0,0.0,FWD,Bournemouth,Everton,1,2026-08-29T14:00:00Z,16,1.0,1.0
615,Di Gregorio,2,0,0.0,0.0,0.0,0.0,0.0,0.0,0.0,0.0,0.0,0.0,0.0,0.0,0.0,0.0,0.0,0.0,0.0,0.0,0.0,1558.0,471.0,1087.0,0.0,45.0,2,0.0,0.0,0.0,0.0,0.0,0.0,GK,Bournemouth,Everton,1,2026-08-29T14:00:00Z,16,1.0,1.0
82,Kelleher,2,2,90.0,0.0,0.0,0.0,1.0,0.0,0.0,0.0,0.0,0.0,1.0,0.0,7.0,0.8999999999999999,0.0,0.0,0.0,1.46,1.0,123269.0,61904.0,61365.0,7.9,50.0,2,9.4,0.0,0.0,2.0,4.0,0.0,GK,Brentford,Leeds,0,2026-08-30T13:00:00Z,11,1.0,1.0
83,Valdimarsson,2,0,0.0,0.0,0.0,0.0,0.0,0.0,0.0,0.0,0.0,0.0,0.0,0.0,0.0,0.0,0.0,0.0,0.0,0.0,0.0,1038.0,1516.0,-478.0,0.1,45.0,2,0.0,0.0,0.0,0.0,0.0,0.0,GK,Brentford,Leeds,0,2026-08-30T13:00:00Z,11,1.0,1.0
84,Collins,2,3,90.0,0.0,0.0,0.0,1.0,0.0,0.0,0.0,1.0,0.0,0.0,0.0,14.0,6.300000000000001,0.1699999999999999,0.01,0.18,1.46,1.0,35143.0,22096.0,13047.0,2.5,55.0,2,28.0,0.8999999999999986,34.0,11.0,8.0,2.0,DEF,Brentford,Leeds,0,2026-08-30T13:00:00Z,11,1.0,1.0
85,Van den Berg,2,0,0.0,0.0,0.0,0.0,0.0,0.0,0.0,0.0,0.0,0.0,0.0,0.0,0.0,0.0,0.0,0.0,0.0,0.0,0.0,125.0,2805.0,-2680.0,0.1,49.0,2,0.0,0.0,0.0,0.0,0.0,0.0,DEF,Brentford,Leeds,0,2026-08-30T13:00:00Z,11,1.0,1.0
86,Lewis-Potter,2,6,87.0,0.0,1.0,0.0,1.0,0.0,0.0,0.0,0.0,0.0,0.0,1.0,29.0,7.200000000000001,0.02,0.13,0.15,1.46,1.0,113368.0,27224.0,86144.0,2.2,55.0,2,38.39999999999999,31.6,2.0,3.0,6.0,2.0,MID,Brentford,Leeds,0,2026-08-30T13:00:00Z,11,1.0,1.0
87,Ajer,2,3,90.0,0.0,0.0,0.0,1.0,0.0,0.0,0.0,1.0,0.0,0.0,0.0,7.0,6.1,0.0,0.0099999999999999,0.01,1.46,1.0,187140.0,63469.0,123671.0,5.8,45.0,2,37.8,21.0,2.0,17.0,2.0,0.0,DEF,Brentford,Leeds,0,2026-08-30T13:00:00Z,11,1.0,1.0
88,Kayode,2,2,87.0,0.0,0.0,0.0,1.0,0.0,0.0,0.0,0.0,0.0,0.0,0.0,9.0,3.8000000000000007,0.02,0.21,0.2299999999999999,1.46,1.0,236968.0,82570.0,154398.0,10.0,46.0,2,14.400000000000006,16.0,8.0,3.0,4.0,1.0,DEF,Brentford,Leeds,0,2026-08-30T13:00:00Z,11,1.0,1.0
89,Henry,2,1,2.0,0.0,0.0,0.0,0.0,0.0,0.0,0.0,0.0,0.0,0.0,0.0,3.0,0.0,0.0,0.0,0.0,0.0,0.0,617.0,2524.0,-1907.0,0.2,45.0,2,0.0,0.0,0.0,0.0,0.0,0.0,DEF,Brentford,Leeds,0,2026-08-30T13:00:00Z,11,1.0,1.0
90,Hickey,2,1,2.0,0.0,0.0,0.0,0.0,0.0,0.0,0.0,0.0,0.0,0.0,0.0,6.0,0.8,0.0,0.02,0.02,0.0,0.0,735.0,970.0,-235.0,0.1,45.0,2,4.0,4.1000000000000005,0.0,0.0,0.0,1.0,DEF,Brentford,Leeds,0,2026-08-30T13:00:00Z,11,1.0,1.0
92,Ji-soo,2,0,0.0,0.0,0.0,0.0,0.0,0.0,0.0,0.0,0.0,0.0,0.0,0.0,0.0,0.0,0.0,0.0,0.0,0.0,0.0,158.0,307.0,-149.0,0.0,45.0,2,0.0,0.0,0.0,0.0,0.0,0.0,DEF,Brentford,Leeds,0,2026-08-30T13:00:00Z,11,1.0,1.0
93,Schuster,2,0,0.0,0.0,0.0,0.0,0.0,0.0,0.0,0.0,0.0,0.0,0.0,0.0,0.0,0.0,0.0,0.0,0.0,0.0,0.0,180.0,1677.0,-1497.0,0.1,45.0,2,0.0,0.0,0.0,0.0,0.0,0.0,DEF,Brentford,Leeds,0,2026-08-30T13:00:00Z,11,1.0,1.0
94,Schade,2,10,87.0,1.0,0.0,0.0,1.0,0.0,0.0,0.0,0.0,0.0,0.0,3.0,34.0,9.1,0.25,0.0199999999999999,0.27,1.46,1.0,143374.0,51935.0,91439.0,4.6,60.0,2,45.6,11.099999999999998,34.0,3.0,4.0,2.0,MID,Brentford,Leeds,0,2026-08-30T13:00:00Z,11,1.0,1.0
81,Rodríguez,2,1,9.0,0.0,0.0,0.0,1.0,0.0,0.0,0.0,0.0,0.0,0.0,0.0,4.0,0.0,0.0,0.0,0.0,0.16,0.0,1673.0,2022.0,-349.0,0.1,60.0,2,0.0,0.0,0.0,0.0,1.0,0.0,FWD,Bournemouth,Everton,1,2026-08-29T14:00:00Z,16,1.0,1.0
95,O.Dango,2,1,29.0,0.0,0.0,0.0,1.0,0.0,0.0,0.0,0.0,0.0,0.0,0.0,16.0,3.3,0.02,0.08,0.0999999999999999,1.36,0.0,5639.0,31559.0,-25920.0,0.8,65.0,2,15.4,15.499999999999996,2.0,3.0,3.0,1.0,MID,Brentford,Leeds,0,2026-08-30T13:00:00Z,11,1.0,1.0
96,Damsgaard,2,3,68.0,0.0,0.0,1.0,0.0,0.0,0.0,0.0,0.0,0.0,0.0,0.0,20.0,7.4,0.03,0.13,0.16,0.13,1.0,4385.0,8898.0,-4513.0,0.5,55.0,2,16.6,32.400000000000006,25.0,2.0,5.0,2.0,MID,Brentford,Leeds,0,2026-08-30T13:00:00Z,11,1.0,1.0
97,Jensen,2,0,0.0,0.0,0.0,0.0,0.0,0.0,0.0,0.0,0.0,0.0,0.0,0.0,0.0,0.0,0.0,0.0,0.0,0.0,0.0,1362.0,7062.0,-5700.0,0.2,55.0,2,0.0,0.0,0.0,0.0,0.0,0.0,MID,Brentford,Leeds,0,2026-08-30T13:00:00Z,11,1.0,1.0
98,Janelt,2,1,90.0,0.0,0.0,0.0,1.0,0.0,0.0,0.0,1.0,0.0,0.0,0.0,11.0,5.6,0.0,0.1399999999999999,0.1399999999999999,1.46,1.0,38092.0,14358.0,23734.0,0.7,50.0,2,16.39999999999999,35.400000000000006,4.0,5.0,2.0,3.0,MID,Brentford,Leeds,0,2026-08-30T13:00:00Z,11,1.0,1.0
99,Milambo,2,0,0.0,0.0,0.0,0.0,0.0,0.0,0.0,0.0,0.0,0.0,0.0,0.0,0.0,0.0,0.0,0.0,0.0,0.0,0.0,37.0,42.0,-5.0,0.0,50.0,2,0.0,0.0,0.0,0.0,0.0,0.0,MID,Brentford,Leeds,0,2026-08-30T13:00:00Z,11,1.0,1.0
100,Carvalho,2,0,0.0,0.0,0.0,0.0,0.0,0.0,0.0,0.0,0.0,0.0,0.0,0.0,0.0,0.0,0.0,0.0,0.0,0.0,0.0,587.0,382.0,205.0,0.0,50.0,2,0.0,0.0,0.0,0.0,0.0,0.0,MID,Brentford,Leeds,0,2026-08-30T13:00:00Z,11,1.0,1.0
102,Yarmoliuk,2,1,21.0,0.0,0.0,0.0,1.0,0.0,0.0,0.0,0.0,0.0,0.0,0.0,4.0,2.0,0.0,0.01,0.01,1.3199999999999998,0.0,1161.0,21602.0,-20441.0,0.9,49.0,2,3.0,12.5,4.0,0.0,0.0,0.0,MID,Brentford,Leeds,0,2026-08-30T13:00:00Z,11,1.0,1.0
103,Dasilva,2,0,0.0,0.0,0.0,0.0,0.0,0.0,0.0,0.0,0.0,0.0,0.0,0.0,0.0,0.0,0.0,0.0,0.0,0.0,0.0,191.0,597.0,-406.0,0.0,50.0,2,0.0,0.0,0.0,0.0,0.0,0.0,MID,Brentford,Leeds,0,2026-08-30T13:00:00Z,11,1.0,1.0
105,Anthony,2,2,60.0,0.0,0.0,1.0,0.0,0.0,0.0,0.0,1.0,0.0,0.0,0.0,4.0,4.4,0.11,0.06,0.17,0.09,1.0,1962.0,3732.0,-1770.0,0.2,60.0,2,3.200000000000001,25.9,15.0,0.0,1.0,0.0,MID,Brentford,Leeds,0,2026-08-30T13:00:00Z,11,1.0,1.0
106,Thiago,2,2,90.0,0.0,0.0,0.0,1.0,0.0,0.0,0.0,0.0,0.0,0.0,0.0,2.0,6.4,0.8,0.0099999999999999,0.8099999999999998,1.46,1.0,82990.0,336704.0,-253714.0,14.0,80.0,2,2.3999999999999995,6.199999999999999,55.0,0.0,3.0,1.0,FWD,Brentford,Leeds,0,2026-08-30T13:00:00Z,11,1.0,1.0
108,Wilson,2,1,2.0,0.0,0.0,0.0,0.0,0.0,0.0,0.0,0.0,0.0,0.0,0.0,3.0,0.7,0.04,0.0,0.0399999999999999,0.0,0.0,6178.0,7920.0,-1742.0,0.4,55.0,2,0.0,0.0999999999999996,7.0,0.0,1.0,0.0,FWD,Brentford,Leeds,0,2026-08-30T13:00:00Z,11,1.0,1.0
565,M.Sangaré,2,4,90.0,0.0,0.0,0.0,1.0,0.0,0.0,0.0,0.0,0.0,0.0,0.0,16.0,6.1,0.21,0.0299999999999999,0.24,1.46,1.0,709175.0,132955.0,576220.0,15.5,57.0,2,24.4,25.3,11.0,5.0,5.0,4.0,MID,Brentford,Leeds,0,2026-08-30T13:00:00Z,11,1.0,1.0
620,Diouf,2,0,0.0,0.0,0.0,0.0,0.0,0.0,0.0,0.0,0.0,0.0,0.0,0.0,0.0,0.0,0.0,0.0,0.0,0.0,0.0,10103.0,3006.0,7097.0,0.1,45.0,2,0.0,0.0,0.0,0.0,0.0,0.0,DEF,Brentford,Leeds,0,2026-08-30T13:00:00Z,11,1.0,1.0
109,Verbruggen,2,0,90.0,0.0,0.0,0.0,4.0,0.0,0.0,0.0,0.0,0.0,1.0,0.0,-1.0,1.0,0.0,0.0,0.0,2.93,1.0,279990.0,162307.0,117683.0,22.0,45.0,2,10.2,0.0,0.0,0.0,14.0,0.0,GK,Brighton,Chelsea,0,2026-08-30T13:00:00Z,12,4.0,3.0
111,Steele,2,0,0.0,0.0,0.0,0.0,0.0,0.0,0.0,0.0,0.0,0.0,0.0,0.0,0.0,0.0,0.0,0.0,0.0,0.0,0.0,62978.0,35992.0,26986.0,4.4,40.0,2,0.0,0.0,0.0,0.0,0.0,0.0,GK,Brighton,Chelsea,0,2026-08-30T13:00:00Z,12,4.0,3.0
113,F.Kadıoğlu,2,0,90.0,0.0,0.0,0.0,4.0,0.0,0.0,0.0,0.0,0.0,0.0,0.0,-4.0,2.8,0.02,0.01,0.03,2.93,1.0,12969.0,37891.0,-24922.0,2.0,44.0,2,2.8,16.7,8.0,0.0,2.0,0.0,DEF,Brighton,Chelsea,0,2026-08-30T13:00:00Z,12,4.0,3.0
107,Furo,2,0,0.0,0.0,0.0,0.0,0.0,0.0,0.0,0.0,0.0,0.0,0.0,0.0,0.0,0.0,0.0,0.0,0.0,0.0,0.0,28265.0,14889.0,13376.0,1.1,45.0,2,0.0,0.0,0.0,0.0,0.0,0.0,FWD,Brentford,Leeds,0,2026-08-30T13:00:00Z,11,1.0,1.0
114,Boscagli,2,-1,90.0,0.0,0.0,0.0,4.0,0.0,0.0,0.0,1.0,0.0,0.0,0.0,-2.0,5.4,0.05,0.1099999999999999,0.16,2.93,1.0,7070.0,4252.0,2818.0,0.3,45.0,2,16.8,26.6,11.0,3.0,2.0,0.0,DEF,Brighton,Chelsea,0,2026-08-30T13:00:00Z,12,4.0,3.0
115,De Cuyper,2,0,90.0,0.0,0.0,0.0,4.0,0.0,0.0,0.0,0.0,0.0,0.0,0.0,-2.0,3.799999999999999,0.03,0.05,0.08,2.93,1.0,926460.0,112707.0,813753.0,18.6,47.0,2,8.799999999999997,23.700000000000003,5.0,2.0,3.0,0.0,DEF,Brighton,Chelsea,0,2026-08-30T13:00:00Z,12,4.0,3.0
116,Dunk,2,-1,90.0,0.0,0.0,0.0,4.0,0.0,0.0,0.0,1.0,0.0,0.0,0.0,-4.0,1.7000000000000002,0.0,0.01,0.01,2.93,1.0,22360.0,14659.0,7701.0,1.3,45.0,2,14.8,2.0,0.0,2.0,4.0,1.0,DEF,Brighton,Chelsea,0,2026-08-30T13:00:00Z,12,4.0,3.0
117,Coppola,2,0,0.0,0.0,0.0,0.0,0.0,0.0,0.0,0.0,0.0,0.0,0.0,0.0,0.0,0.0,0.0,0.0,0.0,0.0,0.0,294.0,329.0,-35.0,0.0,45.0,2,0.0,0.0,0.0,0.0,0.0,0.0,DEF,Brighton,Chelsea,0,2026-08-30T13:00:00Z,12,4.0,3.0
118,Igor,2,0,0.0,0.0,0.0,0.0,0.0,0.0,0.0,0.0,0.0,0.0,0.0,0.0,0.0,0.0,0.0,0.0,0.0,0.0,0.0,489.0,2011.0,-1522.0,0.1,45.0,2,0.0,0.0,0.0,0.0,0.0,0.0,DEF,Brighton,Chelsea,0,2026-08-30T13:00:00Z,12,4.0,3.0
119,Costinha,2,0,10.0,0.0,0.0,0.0,0.0,0.0,0.0,0.0,1.0,0.0,0.0,0.0,-1.0,0.0,0.0,0.0,0.0,0.04,0.0,425.0,514.0,-89.0,0.0,45.0,2,0.0,0.3000000000000002,0.0,0.0,0.0,0.0,DEF,Brighton,Chelsea,0,2026-08-30T13:00:00Z,12,4.0,3.0
120,Svoboda,2,0,0.0,0.0,0.0,0.0,0.0,0.0,0.0,0.0,0.0,0.0,0.0,0.0,0.0,0.0,0.0,0.0,0.0,0.0,0.0,897.0,1064.0,-167.0,0.1,50.0,2,0.0,0.0,0.0,0.0,0.0,0.0,DEF,Brighton,Chelsea,0,2026-08-30T13:00:00Z,12,4.0,3.0
121,Mitoma,2,0,0.0,0.0,0.0,0.0,0.0,0.0,0.0,0.0,0.0,0.0,0.0,0.0,0.0,0.0,0.0,0.0,0.0,0.0,0.0,140.0,1077.0,-937.0,0.0,60.0,2,0.0,0.0,0.0,0.0,0.0,0.0,MID,Brighton,Chelsea,0,2026-08-30T13:00:00Z,12,4.0,3.0
122,Minteh,2,0,0.0,0.0,0.0,0.0,0.0,0.0,0.0,0.0,0.0,0.0,0.0,0.0,0.0,0.0,0.0,0.0,0.0,0.0,0.0,93.0,2267.0,-2174.0,0.0,59.0,2,0.0,0.0,0.0,0.0,0.0,0.0,MID,Brighton,Chelsea,0,2026-08-30T13:00:00Z,12,4.0,3.0
123,Hinshelwood,2,0,0.0,0.0,0.0,0.0,0.0,0.0,0.0,0.0,0.0,0.0,0.0,0.0,0.0,0.0,0.0,0.0,0.0,0.0,0.0,9569.0,116526.0,-106957.0,1.2,60.0,2,0.0,0.0,0.0,0.0,0.0,0.0,MID,Brighton,Chelsea,0,2026-08-30T13:00:00Z,12,4.0,3.0
124,Groß,2,13,90.0,1.0,1.0,0.0,4.0,0.0,0.0,0.0,0.0,0.0,0.0,3.0,46.0,10.4,0.05,0.1099999999999999,0.1599999999999999,2.93,1.0,444784.0,125187.0,319597.0,16.1,55.0,2,47.8,33.2,23.0,2.0,3.0,1.0,MID,Brighton,Chelsea,0,2026-08-30T13:00:00Z,12,4.0,3.0
125,Georginio,2,0,0.0,0.0,0.0,0.0,0.0,0.0,0.0,0.0,0.0,0.0,0.0,0.0,0.0,0.0,0.0,0.0,0.0,0.0,0.0,5504.0,30144.0,-24640.0,0.7,55.0,2,0.0,0.0,0.0,0.0,0.0,0.0,FWD,Brighton,Chelsea,0,2026-08-30T13:00:00Z,12,4.0,3.0
127,Gomez,2,5,90.0,0.0,1.0,0.0,4.0,0.0,0.0,0.0,0.0,0.0,0.0,0.0,15.0,6.700000000000001,0.38,0.17,0.5499999999999999,2.93,1.0,180349.0,62113.0,118236.0,5.0,50.0,2,4.600000000000001,20.3,42.0,1.0,2.0,2.0,MID,Brighton,Chelsea,0,2026-08-30T13:00:00Z,12,4.0,3.0
128,Buonanotte,2,0,0.0,0.0,0.0,0.0,0.0,0.0,0.0,0.0,0.0,0.0,0.0,0.0,0.0,0.0,0.0,0.0,0.0,0.0,0.0,0.0,111.0,-111.0,0.0,50.0,2,0.0,0.0,0.0,0.0,0.0,0.0,MID,Brighton,Chelsea,0,2026-08-30T13:00:00Z,12,4.0,3.0
129,Ayari,2,0,0.0,0.0,0.0,0.0,0.0,0.0,0.0,0.0,0.0,0.0,0.0,0.0,0.0,0.0,0.0,0.0,0.0,0.0,0.0,1995.0,22522.0,-20527.0,0.4,54.0,2,0.0,0.0,0.0,0.0,0.0,0.0,MID,Brighton,Chelsea,0,2026-08-30T13:00:00Z,12,4.0,3.0
130,Wieffer,2,0,79.0,0.0,0.0,0.0,4.0,0.0,0.0,0.0,0.0,0.0,0.0,0.0,6.0,3.4000000000000004,0.03,0.08,0.1099999999999999,2.89,1.0,13977.0,13158.0,819.0,0.5,50.0,2,20.4,9.2,4.0,7.0,4.0,0.0,DEF,Brighton,Chelsea,0,2026-08-30T13:00:00Z,12,4.0,3.0
132,Howell,2,0,0.0,0.0,0.0,0.0,0.0,0.0,0.0,0.0,0.0,0.0,0.0,0.0,0.0,0.0,0.0,0.0,0.0,0.0,0.0,0.0,1098.0,-1098.0,0.0,45.0,2,0.0,0.0,0.0,0.0,0.0,0.0,MID,Brighton,Chelsea,0,2026-08-30T13:00:00Z,12,4.0,3.0
126,O'Riley,2,0,0.0,0.0,0.0,0.0,0.0,0.0,0.0,0.0,0.0,0.0,0.0,0.0,0.0,0.0,0.0,0.0,0.0,0.0,0.0,1125.0,2112.0,-987.0,0.1,55.0,2,0.0,0.0,0.0,0.0,0.0,0.0,MID,Brighton,Chelsea,0,2026-08-30T13:00:00Z,12,4.0,3.0
133,Watson,2,0,0.0,0.0,0.0,0.0,0.0,0.0,0.0,0.0,0.0,0.0,0.0,0.0,0.0,0.0,0.0,0.0,0.0,0.0,0.0,0.0,54.0,-54.0,0.0,50.0,2,0.0,0.0,0.0,0.0,0.0,0.0,MID,Brighton,Chelsea,0,2026-08-30T13:00:00Z,12,4.0,3.0
134,Oriola,2,0,0.0,0.0,0.0,0.0,0.0,0.0,0.0,0.0,0.0,0.0,0.0,0.0,0.0,0.0,0.0,0.0,0.0,0.0,0.0,3800.0,4160.0,-360.0,0.3,45.0,2,0.0,0.0,0.0,0.0,0.0,0.0,MID,Brighton,Chelsea,0,2026-08-30T13:00:00Z,12,4.0,3.0
135,Yohanna,2,0,0.0,0.0,0.0,0.0,0.0,0.0,0.0,0.0,0.0,0.0,0.0,0.0,0.0,0.0,0.0,0.0,0.0,0.0,0.0,552.0,1742.0,-1190.0,0.1,50.0,2,0.0,0.0,0.0,0.0,0.0,0.0,MID,Brighton,Chelsea,0,2026-08-30T13:00:00Z,12,4.0,3.0
137,Tzimas,2,0,0.0,0.0,0.0,0.0,0.0,0.0,0.0,0.0,0.0,0.0,0.0,0.0,0.0,0.0,0.0,0.0,0.0,0.0,0.0,86.0,238.0,-152.0,0.0,55.0,2,0.0,0.0,0.0,0.0,0.0,0.0,FWD,Brighton,Chelsea,0,2026-08-30T13:00:00Z,12,4.0,3.0
138,Kostoulas,2,5,79.0,0.0,1.0,0.0,4.0,0.0,0.0,0.0,0.0,0.0,0.0,0.0,17.0,3.7,0.1699999999999999,0.02,0.19,2.89,1.0,29864.0,6434.0,23430.0,0.5,55.0,2,5.0,15.1,17.0,0.0,6.0,0.0,FWD,Brighton,Chelsea,0,2026-08-30T13:00:00Z,12,4.0,3.0
139,Ferguson,2,0,0.0,0.0,0.0,0.0,0.0,0.0,0.0,0.0,0.0,0.0,0.0,0.0,0.0,0.0,0.0,0.0,0.0,0.0,0.0,573.0,768.0,-195.0,0.0,50.0,2,0.0,0.0,0.0,0.0,0.0,0.0,FWD,Brighton,Chelsea,0,2026-08-30T13:00:00Z,12,4.0,3.0
328,Struijk,2,0,0.0,0.0,0.0,0.0,0.0,0.0,0.0,0.0,0.0,0.0,0.0,0.0,0.0,0.0,0.0,0.0,0.0,0.0,0.0,1637.0,4087.0,-2450.0,0.2,50.0,2,0.0,0.0,0.0,0.0,0.0,0.0,DEF,Brighton,Chelsea,0,2026-08-30T13:00:00Z,12,4.0,3.0
504,Vuskovic,2,0,90.0,0.0,0.0,0.0,4.0,0.0,0.0,0.0,0.0,0.0,0.0,0.0,-2.0,3.6,0.03,0.02,0.0499999999999999,2.93,1.0,24492.0,34288.0,-9796.0,2.3,50.0,2,22.800000000000004,8.3,5.0,7.0,3.0,1.0,DEF,Brighton,Chelsea,0,2026-08-30T13:00:00Z,12,4.0,3.0
594,David,2,1,10.0,0.0,0.0,0.0,0.0,0.0,0.0,0.0,0.0,0.0,0.0,0.0,3.0,0.4,0.0,0.0,0.0,0.04,0.0,4658.0,6499.0,-1841.0,0.2,60.0,2,0.0,3.7,0.0,0.0,0.0,0.0,FWD,Brighton,Chelsea,0,2026-08-30T13:00:00Z,12,4.0,3.0
600,Osman,2,1,16.0,0.0,0.0,0.0,1.0,0.0,0.0,0.0,0.0,0.0,0.0,0.0,6.0,0.6000000000000001,0.0,0.0099999999999999,0.0099999999999999,0.1,0.0,327.0,300.0,27.0,0.0,50.0,2,3.0,1.299999999999999,2.0,0.0,0.0,1.0,MID,Brighton,Chelsea,0,2026-08-30T13:00:00Z,12,4.0,3.0
605,Yalcouyé,2,8,73.0,1.0,0.0,0.0,3.0,0.0,0.0,0.0,0.0,0.0,0.0,1.0,39.0,11.3,0.7,0.16,0.86,2.83,1.0,206851.0,33381.0,173470.0,2.4,45.0,2,50.8,20.1,42.0,2.0,2.0,3.0,MID,Brighton,Chelsea,0,2026-08-30T13:00:00Z,12,4.0,3.0
624,Cozier-Duberry,2,0,0.0,0.0,0.0,0.0,0.0,0.0,0.0,0.0,0.0,0.0,0.0,0.0,0.0,0.0,0.0,0.0,0.0,0.0,0.0,117.0,56.0,61.0,0.0,50.0,2,0.0,0.0,0.0,0.0,0.0,0.0,MID,Brighton,Chelsea,0,2026-08-30T13:00:00Z,12,4.0,3.0
639,Andrés,2,0,0.0,0.0,0.0,0.0,0.0,0.0,0.0,0.0,0.0,0.0,0.0,0.0,0.0,0.0,0.0,0.0,0.0,0.0,0.0,257.0,41.0,216.0,0.0,55.0,2,0.0,0.0,0.0,0.0,0.0,0.0,MID,Brighton,Chelsea,0,2026-08-30T13:00:00Z,12,4.0,3.0
652,Azeez,2,0,0.0,0.0,0.0,0.0,0.0,0.0,0.0,0.0,0.0,0.0,0.0,0.0,0.0,0.0,0.0,0.0,0.0,0.0,0.0,246.0,32.0,214.0,0.0,55.0,2,0.0,0.0,0.0,0.0,0.0,0.0,MID,Brighton,Chelsea,0,2026-08-30T13:00:00Z,12,4.0,3.0
28,Martinez,2,2,90.0,0.0,0.0,0.0,3.0,0.0,0.0,0.0,0.0,0.0,4.0,0.0,18.0,5.6,0.0,0.01,0.01,1.41,1.0,86673.0,71199.0,15474.0,4.4,50.0,2,36.2,20.0,0.0,1.0,13.0,0.0,GK,Chelsea,Brighton,1,2026-08-30T13:00:00Z,12,4.0,3.0
40,Rogers,2,5,90.0,0.0,1.0,0.0,3.0,0.0,0.0,0.0,0.0,0.0,0.0,0.0,28.0,9.6,0.1400000000000001,1.01,1.15,1.41,1.0,253212.0,332505.0,-79293.0,23.8,75.0,2,26.8,46.5,23.0,1.0,3.0,1.0,MID,Chelsea,Brighton,1,2026-08-30T13:00:00Z,12,4.0,3.0
101,Henderson,2,0,0.0,0.0,0.0,0.0,0.0,0.0,0.0,0.0,0.0,0.0,0.0,0.0,0.0,0.0,0.0,0.0,0.0,0.0,0.0,220.0,838.0,-618.0,0.0,50.0,2,0.0,0.0,0.0,0.0,0.0,0.0,MID,Chelsea,Brighton,1,2026-08-30T13:00:00Z,12,4.0,3.0
136,Welbeck,2,0,0.0,0.0,0.0,0.0,0.0,0.0,0.0,0.0,0.0,0.0,0.0,0.0,0.0,0.0,0.0,0.0,0.0,0.0,0.0,9197.0,26659.0,-17462.0,0.8,59.0,2,0.0,0.0,0.0,0.0,0.0,0.0,FWD,Chelsea,Brighton,1,2026-08-30T13:00:00Z,12,4.0,3.0
614,Hadjam,2,0,0.0,0.0,0.0,0.0,0.0,0.0,0.0,0.0,0.0,0.0,0.0,0.0,0.0,0.0,0.0,0.0,0.0,0.0,0.0,2080.0,508.0,1572.0,0.0,45.0,2,0.0,0.0,0.0,0.0,0.0,0.0,DEF,Brighton,Chelsea,0,2026-08-30T13:00:00Z,12,4.0,3.0
140,Sánchez,2,0,0.0,0.0,0.0,0.0,0.0,0.0,0.0,0.0,0.0,0.0,0.0,0.0,0.0,0.0,0.0,0.0,0.0,0.0,0.0,2914.0,93009.0,-90095.0,1.3,49.0,2,0.0,0.0,0.0,0.0,0.0,0.0,GK,Chelsea,Brighton,1,2026-08-30T13:00:00Z,12,4.0,3.0
141,Jörgensen,2,0,0.0,0.0,0.0,0.0,0.0,0.0,0.0,0.0,0.0,0.0,0.0,0.0,0.0,0.0,0.0,0.0,0.0,0.0,0.0,0.0,292.0,-292.0,0.0,50.0,2,0.0,0.0,0.0,0.0,0.0,0.0,GK,Chelsea,Brighton,1,2026-08-30T13:00:00Z,12,4.0,3.0
142,James,2,1,22.0,0.0,0.0,0.0,1.0,0.0,0.0,0.0,0.0,0.0,0.0,0.0,-1.0,0.2999999999999998,0.0,0.0,0.0,0.1399999999999999,0.0,35657.0,222522.0,-186865.0,7.8,55.0,2,0.4000000000000021,0.3999999999999986,2.0,0.0,1.0,0.0,DEF,Chelsea,Brighton,1,2026-08-30T13:00:00Z,12,4.0,3.0
143,Chalobah,2,0,0.0,0.0,0.0,0.0,0.0,0.0,0.0,0.0,0.0,0.0,0.0,0.0,0.0,0.0,0.0,0.0,0.0,0.0,0.0,0.0,4134.0,-4134.0,0.1,55.0,2,0.0,0.0,0.0,0.0,0.0,0.0,DEF,Chelsea,Brighton,1,2026-08-30T13:00:00Z,12,4.0,3.0
144,Gusto,2,1,90.0,0.0,0.0,0.0,3.0,0.0,0.0,0.0,0.0,0.0,0.0,0.0,-1.0,0.9000000000000004,0.0,0.01,0.01,1.41,1.0,11974.0,22970.0,-10996.0,1.1,50.0,2,7.8,0.6999999999999993,0.0,4.0,3.0,1.0,DEF,Chelsea,Brighton,1,2026-08-30T13:00:00Z,12,4.0,3.0
145,Fofana,2,0,67.0,0.0,0.0,0.0,2.0,0.0,0.0,0.0,1.0,0.0,0.0,0.0,-2.0,2.0,0.0,0.01,0.01,1.26,1.0,2708.0,1257.0,1451.0,0.1,50.0,2,19.4,0.9,0.0,9.0,0.0,0.0,DEF,Chelsea,Brighton,1,2026-08-30T13:00:00Z,12,4.0,3.0
146,B.Badiashile,2,0,0.0,0.0,0.0,0.0,0.0,0.0,0.0,0.0,0.0,0.0,0.0,0.0,0.0,0.0,0.0,0.0,0.0,0.0,0.0,0.0,830.0,-830.0,0.0,45.0,2,0.0,0.0,0.0,0.0,0.0,0.0,DEF,Chelsea,Brighton,1,2026-08-30T13:00:00Z,12,4.0,3.0
148,Hato,2,4,90.0,0.0,1.0,0.0,3.0,0.0,0.0,0.0,0.0,0.0,0.0,0.0,12.0,5.1000000000000005,0.0,0.06,0.06,1.41,1.0,23083.0,11006.0,12077.0,0.6,45.0,2,30.0,20.7,0.0,4.0,3.0,2.0,DEF,Chelsea,Brighton,1,2026-08-30T13:00:00Z,12,4.0,3.0
149,Colwill,2,1,71.0,0.0,0.0,0.0,2.0,0.0,0.0,0.0,0.0,0.0,0.0,0.0,2.0,1.4,0.0,0.0,0.0,1.31,1.0,8883.0,36211.0,-27328.0,1.2,50.0,2,13.2,0.3999999999999999,0.0,8.0,2.0,1.0,DEF,Chelsea,Brighton,1,2026-08-30T13:00:00Z,12,4.0,3.0
150,M.Sarr,2,0,0.0,0.0,0.0,0.0,0.0,0.0,0.0,0.0,0.0,0.0,0.0,0.0,0.0,0.0,0.0,0.0,0.0,0.0,0.0,45.0,3446.0,-3401.0,0.0,45.0,2,0.0,0.0,0.0,0.0,0.0,0.0,DEF,Chelsea,Brighton,1,2026-08-30T13:00:00Z,12,4.0,3.0
151,Acheampong,2,1,22.0,0.0,0.0,0.0,1.0,0.0,0.0,0.0,0.0,0.0,0.0,0.0,-1.0,0.5999999999999996,0.0,0.0,0.0,0.1399999999999999,0.0,6829.0,7295.0,-466.0,0.4,45.0,2,6.199999999999996,0.0999999999999996,0.0,2.0,0.0,1.0,DEF,Chelsea,Brighton,1,2026-08-30T13:00:00Z,12,4.0,3.0
152,Palestra,2,0,0.0,0.0,0.0,0.0,0.0,0.0,0.0,0.0,0.0,0.0,0.0,0.0,0.0,0.0,0.0,0.0,0.0,0.0,0.0,917.0,99511.0,-98594.0,1.2,54.0,2,0.0,0.0,0.0,0.0,0.0,0.0,DEF,Chelsea,Brighton,1,2026-08-30T13:00:00Z,12,4.0,3.0
156,Neto,2,7,67.0,1.0,0.0,0.0,2.0,0.0,0.0,0.0,0.0,0.0,0.0,0.0,32.0,10.9,0.41,0.33,0.74,1.26,1.0,22253.0,24097.0,-1844.0,1.3,65.0,2,45.2,25.6,38.0,3.0,1.0,0.0,MID,Chelsea,Brighton,1,2026-08-30T13:00:00Z,12,4.0,3.0
157,Estêvão,2,0,0.0,0.0,0.0,0.0,0.0,0.0,0.0,0.0,0.0,0.0,0.0,0.0,0.0,0.0,0.0,0.0,0.0,0.0,0.0,4138.0,38076.0,-33938.0,0.8,64.0,2,0.0,0.0,0.0,0.0,0.0,0.0,MID,Chelsea,Brighton,1,2026-08-30T13:00:00Z,12,4.0,3.0
158,Gittens,2,0,0.0,0.0,0.0,0.0,0.0,0.0,0.0,0.0,0.0,0.0,0.0,0.0,0.0,0.0,0.0,0.0,0.0,0.0,0.0,284.0,1082.0,-798.0,0.0,59.0,2,0.0,0.0,0.0,0.0,0.0,0.0,MID,Chelsea,Brighton,1,2026-08-30T13:00:00Z,12,4.0,3.0
159,Caicedo,2,1,13.0,0.0,0.0,0.0,0.0,0.0,0.0,0.0,0.0,0.0,0.0,0.0,3.0,0.0,0.0,0.0,0.0,0.07,0.0,3385.0,109006.0,-105621.0,1.9,54.0,2,0.0,0.1,0.0,0.0,0.0,0.0,MID,Chelsea,Brighton,1,2026-08-30T13:00:00Z,12,4.0,3.0
161,Lavia,2,7,67.0,1.0,0.0,0.0,2.0,0.0,0.0,0.0,0.0,0.0,0.0,0.0,32.0,7.299999999999999,0.54,0.0,0.54,1.26,1.0,13840.0,3851.0,9989.0,0.2,50.0,2,39.0,0.8000000000000007,33.0,3.0,3.0,1.0,MID,Chelsea,Brighton,1,2026-08-30T13:00:00Z,12,4.0,3.0
154,Palmer,2,7,90.0,1.0,0.0,0.0,3.0,0.0,0.0,0.0,0.0,0.0,0.0,0.0,28.0,9.2,0.6599999999999999,0.13,0.79,1.41,1.0,462591.0,194788.0,267803.0,18.3,96.0,2,40.8,25.3,26.0,2.0,4.0,2.0,MID,Chelsea,Brighton,1,2026-08-30T13:00:00Z,12,4.0,3.0
163,D.Essugo,2,0,0.0,0.0,0.0,0.0,0.0,0.0,0.0,0.0,0.0,0.0,0.0,0.0,0.0,0.0,0.0,0.0,0.0,0.0,0.0,1555.0,4927.0,-3372.0,0.2,45.0,2,0.0,0.0,0.0,0.0,0.0,0.0,MID,Chelsea,Brighton,1,2026-08-30T13:00:00Z,12,4.0,3.0
164,Quenda,2,0,0.0,0.0,0.0,0.0,0.0,0.0,0.0,0.0,0.0,0.0,0.0,0.0,0.0,0.0,0.0,0.0,0.0,0.0,0.0,313.0,1315.0,-1002.0,0.0,54.0,2,0.0,0.0,0.0,0.0,0.0,0.0,MID,Chelsea,Brighton,1,2026-08-30T13:00:00Z,12,4.0,3.0
165,João Pedro,2,9,90.0,1.0,1.0,0.0,3.0,1.0,0.0,0.0,0.0,0.0,0.0,2.0,44.0,12.1,1.23,0.04,1.27,1.41,1.0,517786.0,191526.0,326260.0,68.9,77.0,2,52.8,22.5,46.0,0.0,2.0,1.0,FWD,Chelsea,Brighton,1,2026-08-30T13:00:00Z,12,4.0,3.0
168,Marc Guiu,2,0,0.0,0.0,0.0,0.0,0.0,0.0,0.0,0.0,0.0,0.0,0.0,0.0,0.0,0.0,0.0,0.0,0.0,0.0,0.0,2130.0,13612.0,-11482.0,0.3,50.0,2,0.0,0.0,0.0,0.0,0.0,0.0,FWD,Chelsea,Brighton,1,2026-08-30T13:00:00Z,12,4.0,3.0
169,Mheuka,2,0,0.0,0.0,0.0,0.0,0.0,0.0,0.0,0.0,0.0,0.0,0.0,0.0,0.0,0.0,0.0,0.0,0.0,0.0,0.0,8727.0,6242.0,2485.0,0.4,45.0,2,0.0,0.0,0.0,0.0,0.0,0.0,FWD,Chelsea,Brighton,1,2026-08-30T13:00:00Z,12,4.0,3.0
170,Emegha,2,0,0.0,0.0,0.0,0.0,0.0,0.0,0.0,0.0,0.0,0.0,0.0,0.0,0.0,0.0,0.0,0.0,0.0,0.0,0.0,2812.0,3535.0,-723.0,0.2,50.0,2,0.0,0.0,0.0,0.0,0.0,0.0,FWD,Chelsea,Brighton,1,2026-08-30T13:00:00Z,12,4.0,3.0
200,Lacroix,2,1,90.0,0.0,0.0,0.0,3.0,0.0,0.0,0.0,0.0,0.0,0.0,0.0,-3.0,1.8999999999999997,0.02,0.0,0.0199999999999999,1.41,1.0,42305.0,156326.0,-114021.0,8.1,60.0,2,13.0,0.1000000000000014,6.0,8.0,1.0,1.0,DEF,Chelsea,Brighton,1,2026-08-30T13:00:00Z,12,4.0,3.0
560,Penders,2,0,0.0,0.0,0.0,0.0,0.0,0.0,0.0,0.0,0.0,0.0,0.0,0.0,0.0,0.0,0.0,0.0,0.0,0.0,0.0,424.0,1233.0,-809.0,0.1,45.0,2,0.0,0.0,0.0,0.0,0.0,0.0,GK,Chelsea,Brighton,1,2026-08-30T13:00:00Z,12,4.0,3.0
561,Anselmino,2,0,0.0,0.0,0.0,0.0,0.0,0.0,0.0,0.0,0.0,0.0,0.0,0.0,0.0,0.0,0.0,0.0,0.0,0.0,0.0,237.0,291.0,-54.0,0.0,45.0,2,0.0,0.0,0.0,0.0,0.0,0.0,DEF,Chelsea,Brighton,1,2026-08-30T13:00:00Z,12,4.0,3.0
568,Barco,2,1,8.0,0.0,0.0,0.0,1.0,0.0,0.0,0.0,0.0,0.0,0.0,0.0,1.0,0.2,0.04,0.0,0.04,0.07,0.0,1241.0,2340.0,-1099.0,0.1,55.0,2,0.0,0.0,4.0,1.0,0.0,0.0,MID,Chelsea,Brighton,1,2026-08-30T13:00:00Z,12,4.0,3.0
583,Chavarria,2,1,18.0,0.0,0.0,0.0,1.0,0.0,0.0,0.0,0.0,0.0,0.0,0.0,1.0,0.7,0.0,0.02,0.02,0.0899999999999999,0.0,842.0,4576.0,-3734.0,0.2,50.0,2,6.4,0.3,0.0,2.0,1.0,1.0,DEF,Chelsea,Brighton,1,2026-08-30T13:00:00Z,12,4.0,3.0
91,Pinnock,2,1,12.0,0.0,0.0,0.0,1.0,0.0,0.0,0.0,0.0,0.0,0.0,0.0,-1.0,0.5,0.0,0.0,0.0,0.54,0.0,682.0,1455.0,-773.0,0.1,45.0,2,3.8,0.7,0.0,2.0,0.0,0.0,DEF,Coventry City,Hull City,1,2026-08-29T14:00:00Z,15,0.0,1.0
104,Onyeka,2,0,0.0,0.0,0.0,0.0,0.0,0.0,0.0,0.0,0.0,0.0,0.0,0.0,0.0,0.0,0.0,0.0,0.0,0.0,0.0,1115.0,4479.0,-3364.0,0.1,50.0,2,0.0,0.0,0.0,0.0,0.0,0.0,MID,Coventry City,Hull City,1,2026-08-29T14:00:00Z,15,0.0,1.0
110,Rushworth,2,2,90.0,0.0,0.0,0.0,1.0,0.0,0.0,0.0,0.0,0.0,1.0,0.0,10.0,1.1,0.0,0.0,0.0,0.7200000000000002,1.0,7899.0,19634.0,-11735.0,0.9,45.0,2,10.6,0.0,0.0,1.0,13.0,0.0,GK,Coventry City,Hull City,1,2026-08-29T14:00:00Z,15,0.0,1.0
171,Dovin,2,0,0.0,0.0,0.0,0.0,0.0,0.0,0.0,0.0,0.0,0.0,0.0,0.0,0.0,0.0,0.0,0.0,0.0,0.0,0.0,6870.0,19264.0,-12394.0,1.4,40.0,2,0.0,0.0,0.0,0.0,0.0,0.0,GK,Coventry City,Hull City,1,2026-08-29T14:00:00Z,15,0.0,1.0
172,Wilson,2,0,0.0,0.0,0.0,0.0,0.0,0.0,0.0,0.0,0.0,0.0,0.0,0.0,0.0,0.0,0.0,0.0,0.0,0.0,0.0,299.0,4781.0,-4482.0,0.4,45.0,2,0.0,0.0,0.0,0.0,0.0,0.0,GK,Coventry City,Hull City,1,2026-08-29T14:00:00Z,15,0.0,1.0
173,Thomas,2,8,77.0,0.0,0.0,1.0,0.0,0.0,0.0,0.0,0.0,0.0,0.0,2.0,28.0,1.7999999999999998,0.0,0.01,0.01,0.1800000000000001,1.0,121729.0,72834.0,48895.0,8.5,40.0,2,17.000000000000004,0.7000000000000011,0.0,9.0,6.0,0.0,DEF,Coventry City,Hull City,1,2026-08-29T14:00:00Z,15,0.0,1.0
174,Kitching,2,0,0.0,0.0,0.0,0.0,0.0,0.0,0.0,0.0,0.0,0.0,0.0,0.0,0.0,0.0,0.0,0.0,0.0,0.0,0.0,542.0,11136.0,-10594.0,0.5,40.0,2,0.0,0.0,0.0,0.0,0.0,0.0,DEF,Coventry City,Hull City,1,2026-08-29T14:00:00Z,15,0.0,1.0
175,van Ewijk,2,2,90.0,0.0,0.0,0.0,1.0,0.0,0.0,0.0,0.0,0.0,0.0,0.0,15.0,5.5,0.0,0.19,0.19,0.7200000000000002,1.0,48163.0,127207.0,-79044.0,11.6,40.0,2,15.4,33.9,6.0,1.0,3.0,1.0,DEF,Coventry City,Hull City,1,2026-08-29T14:00:00Z,15,0.0,1.0
176,Dasilva,2,2,90.0,0.0,0.0,0.0,1.0,0.0,0.0,0.0,0.0,0.0,0.0,0.0,15.0,4.0,0.18,0.05,0.23,0.7200000000000002,1.0,3444.0,7870.0,-4426.0,0.8,40.0,2,15.2,7.3,17.0,1.0,3.0,2.0,DEF,Coventry City,Hull City,1,2026-08-29T14:00:00Z,15,0.0,1.0
177,Kesler-Hayden,2,0,0.0,0.0,0.0,0.0,0.0,0.0,0.0,0.0,0.0,0.0,0.0,0.0,0.0,0.0,0.0,0.0,0.0,0.0,0.0,147.0,1486.0,-1339.0,0.0,40.0,2,0.0,0.0,0.0,0.0,0.0,0.0,DEF,Coventry City,Hull City,1,2026-08-29T14:00:00Z,15,0.0,1.0
178,Bidwell,2,0,0.0,0.0,0.0,0.0,0.0,0.0,0.0,0.0,0.0,0.0,0.0,0.0,0.0,0.0,0.0,0.0,0.0,0.0,0.0,711.0,1083.0,-372.0,0.1,40.0,2,0.0,0.0,0.0,0.0,0.0,0.0,DEF,Coventry City,Hull City,1,2026-08-29T14:00:00Z,15,0.0,1.0
180,Woolfenden,2,0,0.0,0.0,0.0,0.0,0.0,0.0,0.0,0.0,0.0,0.0,0.0,0.0,0.0,0.0,0.0,0.0,0.0,0.0,0.0,721.0,3732.0,-3011.0,0.1,40.0,2,0.0,0.0,0.0,0.0,0.0,0.0,DEF,Coventry City,Hull City,1,2026-08-29T14:00:00Z,15,0.0,1.0
181,Brau,2,0,0.0,0.0,0.0,0.0,0.0,0.0,0.0,0.0,0.0,0.0,0.0,0.0,0.0,0.0,0.0,0.0,0.0,0.0,0.0,60.0,1018.0,-958.0,0.0,40.0,2,0.0,0.0,0.0,0.0,0.0,0.0,DEF,Coventry City,Hull City,1,2026-08-29T14:00:00Z,15,0.0,1.0
182,Amenda,2,1,90.0,0.0,0.0,0.0,1.0,0.0,0.0,0.0,1.0,0.0,0.0,0.0,4.0,1.9000000000000004,0.02,0.04,0.06,0.7200000000000002,1.0,3829.0,8803.0,-4974.0,0.8,40.0,2,11.400000000000002,2.1,5.0,4.0,1.0,0.0,DEF,Coventry City,Hull City,1,2026-08-29T14:00:00Z,15,0.0,1.0
183,Rudoni,2,3,70.0,0.0,0.0,1.0,0.0,0.0,0.0,0.0,0.0,0.0,0.0,0.0,12.0,3.9,0.06,0.09,0.15,0.02,1.0,1131.0,2785.0,-1654.0,0.1,50.0,2,6.800000000000001,27.7,4.0,1.0,4.0,1.0,MID,Coventry City,Hull City,1,2026-08-29T14:00:00Z,15,0.0,1.0
184,Grimes,2,2,90.0,0.0,0.0,0.0,1.0,0.0,0.0,0.0,0.0,0.0,0.0,0.0,14.0,3.7,0.01,0.04,0.0499999999999999,0.7200000000000002,1.0,1142.0,4180.0,-3038.0,0.2,50.0,2,14.2,20.9,2.0,1.0,9.0,0.0,MID,Coventry City,Hull City,1,2026-08-29T14:00:00Z,15,0.0,1.0
185,Sakamoto,2,1,31.0,0.0,0.0,0.0,1.0,0.0,0.0,0.0,0.0,0.0,0.0,0.0,8.0,1.9,0.02,0.02,0.04,0.69,0.0,424.0,1990.0,-1566.0,0.1,49.0,2,6.2,5.9,7.0,0.0,2.0,2.0,MID,Coventry City,Hull City,1,2026-08-29T14:00:00Z,15,0.0,1.0
186,Mason-Clark,2,1,57.0,0.0,0.0,0.0,0.0,0.0,0.0,0.0,0.0,0.0,0.0,0.0,4.0,2.0,0.0,0.06,0.06,0.02,1.0,372.0,2337.0,-1965.0,0.1,54.0,2,4.2,16.0,0.0,2.0,2.0,0.0,MID,Coventry City,Hull City,1,2026-08-29T14:00:00Z,15,0.0,1.0
187,Eccles,2,0,0.0,0.0,0.0,0.0,0.0,0.0,0.0,0.0,0.0,0.0,0.0,0.0,0.0,0.0,0.0,0.0,0.0,0.0,0.0,440.0,474.0,-34.0,0.0,49.0,2,0.0,0.0,0.0,0.0,0.0,0.0,MID,Coventry City,Hull City,1,2026-08-29T14:00:00Z,15,0.0,1.0
188,Torp,2,1,19.0,0.0,0.0,0.0,1.0,0.0,0.0,0.0,0.0,0.0,0.0,0.0,2.0,0.3000000000000002,0.0,0.0099999999999999,0.0099999999999999,0.69,0.0,282.0,3266.0,-2984.0,0.1,54.0,2,0.0,3.6000000000000014,0.0,0.0,2.0,0.0,MID,Coventry City,Hull City,1,2026-08-29T14:00:00Z,15,0.0,1.0
189,Shepherd,2,0,0.0,0.0,0.0,0.0,0.0,0.0,0.0,0.0,0.0,0.0,0.0,0.0,0.0,0.0,0.0,0.0,0.0,0.0,0.0,1812.0,4185.0,-2373.0,0.3,45.0,2,0.0,0.0,0.0,0.0,0.0,0.0,MID,Coventry City,Hull City,1,2026-08-29T14:00:00Z,15,0.0,1.0
190,Tchaouna,2,1,58.0,0.0,0.0,0.0,0.0,0.0,0.0,0.0,0.0,0.0,0.0,0.0,7.0,3.1,0.0499999999999999,0.13,0.18,0.02,1.0,1037.0,4059.0,-3022.0,0.1,55.0,2,7.000000000000001,18.5,5.0,2.0,3.0,1.0,MID,Coventry City,Hull City,1,2026-08-29T14:00:00Z,15,0.0,1.0
191,Borges Rodrigues,2,0,0.0,0.0,0.0,0.0,0.0,0.0,0.0,0.0,0.0,0.0,0.0,0.0,0.0,0.0,0.0,0.0,0.0,0.0,0.0,1352.0,3929.0,-2577.0,0.1,45.0,2,0.0,0.0,0.0,0.0,0.0,0.0,MID,Coventry City,Hull City,1,2026-08-29T14:00:00Z,15,0.0,1.0
192,Andrews,2,0,0.0,0.0,0.0,0.0,0.0,0.0,0.0,0.0,0.0,0.0,0.0,0.0,0.0,0.0,0.0,0.0,0.0,0.0,0.0,420.0,18683.0,-18263.0,0.4,45.0,2,0.0,0.0,0.0,0.0,0.0,0.0,MID,Coventry City,Hull City,1,2026-08-29T14:00:00Z,15,0.0,1.0
193,Wright,2,0,0.0,0.0,0.0,0.0,0.0,0.0,0.0,0.0,0.0,0.0,0.0,0.0,0.0,0.0,0.0,0.0,0.0,0.0,0.0,253.0,3887.0,-3634.0,0.1,54.0,2,0.0,0.0,0.0,0.0,0.0,0.0,FWD,Coventry City,Hull City,1,2026-08-29T14:00:00Z,15,0.0,1.0
194,Thomas-Asante,2,1,32.0,0.0,0.0,0.0,1.0,0.0,0.0,0.0,0.0,0.0,0.0,0.0,5.0,0.5000000000000001,0.0,0.0,0.0,0.69,0.0,19276.0,18695.0,581.0,0.8,50.0,2,1.2000000000000002,2.0,2.0,0.0,2.0,0.0,FWD,Coventry City,Hull City,1,2026-08-29T14:00:00Z,15,0.0,1.0
195,Simms,2,0,0.0,0.0,0.0,0.0,0.0,0.0,0.0,0.0,0.0,0.0,0.0,0.0,0.0,0.0,0.0,0.0,0.0,0.0,0.0,13972.0,23754.0,-9782.0,0.8,50.0,2,0.0,0.0,0.0,0.0,0.0,0.0,FWD,Coventry City,Hull City,1,2026-08-29T14:00:00Z,15,0.0,1.0
196,Markelo,2,0,0.0,0.0,0.0,0.0,0.0,0.0,0.0,0.0,0.0,0.0,0.0,0.0,0.0,0.0,0.0,0.0,0.0,0.0,0.0,0.0,338.0,-338.0,0.0,50.0,2,0.0,0.0,0.0,0.0,0.0,0.0,FWD,Coventry City,Hull City,1,2026-08-29T14:00:00Z,15,0.0,1.0
197,Bassette,2,0,0.0,0.0,0.0,0.0,0.0,0.0,0.0,0.0,0.0,0.0,0.0,0.0,0.0,0.0,0.0,0.0,0.0,0.0,0.0,0.0,609.0,-609.0,0.0,45.0,2,0.0,0.0,0.0,0.0,0.0,0.0,FWD,Coventry City,Hull City,1,2026-08-29T14:00:00Z,15,0.0,1.0
492,Awoniyi,2,2,90.0,0.0,0.0,0.0,1.0,0.0,0.0,0.0,0.0,0.0,0.0,0.0,6.0,9.9,0.93,0.03,0.96,0.72,1.0,7789.0,19789.0,-12000.0,0.7,55.0,2,10.0,23.6,65.0,1.0,2.0,0.0,FWD,Coventry City,Hull City,1,2026-08-29T14:00:00Z,15,0.0,1.0
575,Yirenkyi,2,3,70.0,0.0,0.0,1.0,0.0,0.0,0.0,0.0,0.0,0.0,0.0,0.0,17.0,3.2,0.03,0.13,0.16,0.02,1.0,991.0,4523.0,-3532.0,0.2,50.0,2,9.4,16.0,7.0,3.0,4.0,0.0,MID,Coventry City,Hull City,1,2026-08-29T14:00:00Z,15,0.0,1.0
584,Hamer,2,1,19.0,0.0,0.0,0.0,1.0,0.0,0.0,0.0,0.0,0.0,0.0,0.0,2.0,0.1999999999999999,0.0,0.02,0.02,0.69,0.0,231.0,2504.0,-2273.0,0.1,55.0,2,0.1999999999999999,1.5,0.0,0.0,0.0,0.0,MID,Coventry City,Hull City,1,2026-08-29T14:00:00Z,15,0.0,1.0
599,Cherif,2,0,0.0,0.0,0.0,0.0,0.0,0.0,0.0,0.0,0.0,0.0,0.0,0.0,0.0,0.0,0.0,0.0,0.0,0.0,0.0,2480.0,2583.0,-103.0,0.1,50.0,2,0.0,0.0,0.0,0.0,0.0,0.0,FWD,Coventry City,Hull City,1,2026-08-29T14:00:00Z,15,0.0,1.0
623,Bentley,2,0,0.0,0.0,0.0,0.0,0.0,0.0,0.0,0.0,0.0,0.0,0.0,0.0,0.0,0.0,0.0,0.0,0.0,0.0,0.0,18464.0,2702.0,15762.0,0.3,40.0,2,0.0,0.0,0.0,0.0,0.0,0.0,GK,Coventry City,Hull City,1,2026-08-29T14:00:00Z,15,0.0,1.0
42,Guessand,2,1,27.0,0.0,0.0,0.0,1.0,0.0,0.0,0.0,0.0,0.0,0.0,0.0,3.0,0.3,0.0,0.0099999999999999,0.0099999999999999,0.2,0.0,658.0,1052.0,-394.0,0.0,55.0,2,2.2,0.3,0.0,1.0,0.0,0.0,MID,Crystal Palace,Man City,1,2026-08-28T19:00:00Z,17,1.0,4.0
153,Disasi,2,1,16.0,0.0,0.0,0.0,1.0,0.0,0.0,0.0,0.0,0.0,0.0,0.0,-2.0,0.1,0.0,0.0,0.0,0.2,0.0,1613.0,1107.0,506.0,0.1,45.0,2,1.2,0.0,0.0,0.0,1.0,1.0,DEF,Crystal Palace,Man City,1,2026-08-28T19:00:00Z,17,1.0,4.0
198,Henderson,2,1,90.0,0.0,0.0,0.0,4.0,0.0,0.0,0.0,0.0,0.0,4.0,0.0,4.0,3.0,0.0,0.0,0.0,2.21,1.0,15811.0,20096.0,-4285.0,1.8,50.0,2,30.2,0.0,0.0,2.0,11.0,0.0,GK,Crystal Palace,Man City,1,2026-08-28T19:00:00Z,17,1.0,4.0
199,Benitez,2,0,0.0,0.0,0.0,0.0,0.0,0.0,0.0,0.0,0.0,0.0,0.0,0.0,0.0,0.0,0.0,0.0,0.0,0.0,0.0,693.0,1582.0,-889.0,0.1,45.0,2,0.0,0.0,0.0,0.0,0.0,0.0,GK,Crystal Palace,Man City,1,2026-08-28T19:00:00Z,17,1.0,4.0
202,Richards,2,0,90.0,0.0,0.0,0.0,4.0,0.0,0.0,0.0,0.0,0.0,0.0,0.0,-4.0,3.2,0.04,0.0,0.04,2.21,1.0,6220.0,12325.0,-6105.0,0.7,50.0,2,15.0,0.1,17.0,4.0,2.0,2.0,DEF,Crystal Palace,Man City,1,2026-08-28T19:00:00Z,17,1.0,4.0
203,Canvot,2,0,90.0,0.0,0.0,0.0,4.0,0.0,0.0,0.0,0.0,0.0,0.0,0.0,-1.0,2.3,0.0,0.0,0.0,2.21,1.0,1780.0,6478.0,-4698.0,0.2,49.0,2,22.800000000000004,0.5,0.0,6.0,1.0,1.0,DEF,Crystal Palace,Man City,1,2026-08-28T19:00:00Z,17,1.0,4.0
204,Mitchell,2,0,90.0,0.0,0.0,0.0,4.0,0.0,0.0,0.0,0.0,0.0,0.0,0.0,-8.0,4.0,0.11,0.16,0.27,2.21,1.0,9606.0,85671.0,-76065.0,4.6,45.0,2,11.6,21.6,7.0,3.0,1.0,2.0,DEF,Crystal Palace,Man City,1,2026-08-28T19:00:00Z,17,1.0,4.0
205,Sosa,2,0,0.0,0.0,0.0,0.0,0.0,0.0,0.0,0.0,0.0,0.0,0.0,0.0,0.0,0.0,0.0,0.0,0.0,0.0,0.0,121.0,738.0,-617.0,0.0,45.0,2,0.0,0.0,0.0,0.0,0.0,0.0,DEF,Crystal Palace,Man City,1,2026-08-28T19:00:00Z,17,1.0,4.0
206,Chadi Riad,2,0,0.0,0.0,0.0,0.0,0.0,0.0,0.0,0.0,0.0,0.0,0.0,0.0,0.0,0.0,0.0,0.0,0.0,0.0,0.0,236.0,1964.0,-1728.0,0.0,44.0,2,0.0,0.0,0.0,0.0,0.0,0.0,DEF,Crystal Palace,Man City,1,2026-08-28T19:00:00Z,17,1.0,4.0
207,Mingueza,2,1,15.0,0.0,0.0,0.0,1.0,0.0,0.0,0.0,0.0,0.0,0.0,0.0,1.0,0.2,0.0,0.0,0.0,0.2,0.0,789.0,1503.0,-714.0,0.1,44.0,2,2.2,0.1,0.0,0.0,0.0,1.0,DEF,Crystal Palace,Man City,1,2026-08-28T19:00:00Z,17,1.0,4.0
208,Sarr,2,0,0.0,0.0,0.0,0.0,0.0,0.0,0.0,0.0,0.0,0.0,0.0,0.0,0.0,0.0,0.0,0.0,0.0,0.0,0.0,367.0,160171.0,-159804.0,1.1,63.0,2,0.0,0.0,0.0,0.0,0.0,0.0,MID,Crystal Palace,Man City,1,2026-08-28T19:00:00Z,17,1.0,4.0
210,Wharton,2,2,90.0,0.0,0.0,0.0,4.0,0.0,0.0,0.0,0.0,0.0,0.0,0.0,21.0,4.1000000000000005,0.0,0.07,0.07,2.21,1.0,11231.0,15027.0,-3796.0,0.9,55.0,2,16.2,24.700000000000003,0.0,0.0,3.0,4.0,MID,Crystal Palace,Man City,1,2026-08-28T19:00:00Z,17,1.0,4.0
211,Yeremy,2,5,67.0,0.0,1.0,0.0,3.0,0.0,0.0,0.0,0.0,0.0,0.0,0.0,27.0,5.4,0.05,0.0699999999999999,0.12,2.01,1.0,5496.0,3007.0,2489.0,0.2,55.0,2,10.8,34.2,9.0,2.0,6.0,2.0,MID,Crystal Palace,Man City,1,2026-08-28T19:00:00Z,17,1.0,4.0
212,Hughes,2,0,0.0,0.0,0.0,0.0,0.0,0.0,0.0,0.0,0.0,0.0,0.0,0.0,0.0,0.0,0.0,0.0,0.0,0.0,0.0,39906.0,146703.0,-106797.0,9.3,45.0,2,0.0,0.0,0.0,0.0,0.0,0.0,MID,Crystal Palace,Man City,1,2026-08-28T19:00:00Z,17,1.0,4.0
213,Lerma,2,0,0.0,0.0,0.0,0.0,0.0,0.0,0.0,0.0,0.0,0.0,0.0,0.0,0.0,0.0,0.0,0.0,0.0,0.0,0.0,516.0,1969.0,-1453.0,0.1,49.0,2,0.0,0.0,0.0,0.0,0.0,0.0,MID,Crystal Palace,Man City,1,2026-08-28T19:00:00Z,17,1.0,4.0
214,Kamada,2,2,90.0,0.0,0.0,0.0,4.0,0.0,0.0,0.0,0.0,0.0,0.0,0.0,21.0,2.7,0.05,0.0199999999999999,0.07,2.21,1.0,4640.0,5033.0,-393.0,0.3,50.0,2,17.6,2.8000000000000007,7.0,1.0,2.0,6.0,MID,Crystal Palace,Man City,1,2026-08-28T19:00:00Z,17,1.0,4.0
215,Devenny,2,0,0.0,0.0,0.0,0.0,0.0,0.0,0.0,0.0,0.0,0.0,0.0,0.0,0.0,0.0,0.0,0.0,0.0,0.0,0.0,69.0,360.0,-291.0,0.0,50.0,2,0.0,0.0,0.0,0.0,0.0,0.0,MID,Crystal Palace,Man City,1,2026-08-28T19:00:00Z,17,1.0,4.0
216,Esse,2,0,0.0,0.0,0.0,0.0,0.0,0.0,0.0,0.0,0.0,0.0,0.0,0.0,0.0,0.0,0.0,0.0,0.0,0.0,0.0,209.0,1216.0,-1007.0,0.0,50.0,2,0.0,0.0,0.0,0.0,0.0,0.0,MID,Crystal Palace,Man City,1,2026-08-28T19:00:00Z,17,1.0,4.0
217,M.França,2,0,0.0,0.0,0.0,0.0,0.0,0.0,0.0,0.0,0.0,0.0,0.0,0.0,0.0,0.0,0.0,0.0,0.0,0.0,0.0,935.0,1231.0,-296.0,0.0,49.0,2,0.0,0.0,0.0,0.0,0.0,0.0,MID,Crystal Palace,Man City,1,2026-08-28T19:00:00Z,17,1.0,4.0
218,Doucouré,2,0,0.0,0.0,0.0,0.0,0.0,0.0,0.0,0.0,0.0,0.0,0.0,0.0,0.0,0.0,0.0,0.0,0.0,0.0,0.0,1010.0,1493.0,-483.0,0.1,49.0,2,0.0,0.0,0.0,0.0,0.0,0.0,MID,Crystal Palace,Man City,1,2026-08-28T19:00:00Z,17,1.0,4.0
219,J.Rak-Sakyi,2,0,0.0,0.0,0.0,0.0,0.0,0.0,0.0,0.0,0.0,0.0,0.0,0.0,0.0,0.0,0.0,0.0,0.0,0.0,0.0,57.0,127.0,-70.0,0.0,50.0,2,0.0,0.0,0.0,0.0,0.0,0.0,MID,Crystal Palace,Man City,1,2026-08-28T19:00:00Z,17,1.0,4.0
220,Cardines,2,0,0.0,0.0,0.0,0.0,0.0,0.0,0.0,0.0,0.0,0.0,0.0,0.0,0.0,0.0,0.0,0.0,0.0,0.0,0.0,0.0,44.0,-44.0,0.0,45.0,2,0.0,0.0,0.0,0.0,0.0,0.0,DEF,Crystal Palace,Man City,1,2026-08-28T19:00:00Z,17,1.0,4.0
221,Drakes-Thomas,2,0,0.0,0.0,0.0,0.0,0.0,0.0,0.0,0.0,0.0,0.0,0.0,0.0,0.0,0.0,0.0,0.0,0.0,0.0,0.0,976.0,1331.0,-355.0,0.1,45.0,2,0.0,0.0,0.0,0.0,0.0,0.0,MID,Crystal Palace,Man City,1,2026-08-28T19:00:00Z,17,1.0,4.0
222,Strand Larsen,2,2,62.0,0.0,0.0,0.0,3.0,0.0,0.0,0.0,0.0,0.0,0.0,0.0,13.0,1.0,0.0499999999999999,0.0,0.0499999999999999,2.01,1.0,7784.0,10059.0,-2275.0,0.5,60.0,2,5.2,0.2999999999999998,4.0,2.0,1.0,1.0,FWD,Crystal Palace,Man City,1,2026-08-28T19:00:00Z,17,1.0,4.0
223,Mateta,2,0,0.0,0.0,0.0,0.0,0.0,0.0,0.0,0.0,0.0,0.0,0.0,0.0,0.0,0.0,0.0,0.0,0.0,0.0,0.0,4767.0,284134.0,-279367.0,2.3,64.0,2,0.0,0.0,0.0,0.0,0.0,0.0,FWD,Crystal Palace,Man City,1,2026-08-28T19:00:00Z,17,1.0,4.0
224,Nketiah,2,2,67.0,0.0,0.0,0.0,3.0,0.0,0.0,0.0,0.0,0.0,0.0,0.0,8.0,2.1000000000000005,0.36,0.0,0.3600000000000001,2.01,1.0,12350.0,9185.0,3165.0,0.5,55.0,2,2.6,10.6,8.0,1.0,3.0,2.0,FWD,Crystal Palace,Man City,1,2026-08-28T19:00:00Z,17,1.0,4.0
225,Uche,2,0,0.0,0.0,0.0,0.0,0.0,0.0,0.0,0.0,0.0,0.0,0.0,0.0,0.0,0.0,0.0,0.0,0.0,0.0,0.0,0.0,0.0,0.0,0.0,50.0,2,0.0,0.0,0.0,0.0,0.0,0.0,FWD,Crystal Palace,Man City,1,2026-08-28T19:00:00Z,17,1.0,4.0
241,McNeil,2,1,22.0,0.0,0.0,0.0,1.0,0.0,0.0,0.0,0.0,0.0,0.0,0.0,2.0,0.0999999999999998,0.0,0.0,0.0,0.1999999999999999,0.0,667.0,2910.0,-2243.0,0.1,55.0,2,0.4000000000000003,0.2999999999999998,0.0,1.0,1.0,0.0,MID,Crystal Palace,Man City,1,2026-08-28T19:00:00Z,17,1.0,4.0
555,Matthews,2,0,0.0,0.0,0.0,0.0,0.0,0.0,0.0,0.0,0.0,0.0,0.0,0.0,0.0,0.0,0.0,0.0,0.0,0.0,0.0,8203.0,9340.0,-1137.0,1.8,40.0,2,0.0,0.0,0.0,0.0,0.0,0.0,GK,Crystal Palace,Man City,1,2026-08-28T19:00:00Z,17,1.0,4.0
577,Tomiyasu,2,1,73.0,0.0,0.0,0.0,3.0,0.0,0.0,0.0,0.0,0.0,0.0,0.0,-3.0,1.6,0.0,0.0,0.0,2.01,1.0,1462.0,3887.0,-2425.0,0.3,45.0,2,12.6,1.3000000000000005,2.0,7.0,3.0,1.0,DEF,Crystal Palace,Man City,1,2026-08-28T19:00:00Z,17,1.0,4.0
588,Khalaili,2,2,74.0,0.0,0.0,0.0,3.0,0.0,0.0,0.0,1.0,0.0,0.0,0.0,9.0,3.1,0.02,0.0,0.0199999999999999,2.01,1.0,4063.0,1704.0,2359.0,0.1,50.0,2,26.4,1.5,3.0,4.0,5.0,10.0,DEF,Crystal Palace,Man City,1,2026-08-28T19:00:00Z,17,1.0,4.0
595,Gozo,2,1,22.0,0.0,0.0,0.0,1.0,0.0,0.0,0.0,0.0,0.0,0.0,0.0,3.0,0.3,0.0,0.0,0.0,0.2,0.0,167.0,248.0,-81.0,0.0,50.0,2,1.4,1.3,0.0,0.0,0.0,1.0,MID,Crystal Palace,Man City,1,2026-08-28T19:00:00Z,17,1.0,4.0
633,Ahanor,2,0,0.0,0.0,0.0,0.0,0.0,0.0,0.0,0.0,0.0,0.0,0.0,0.0,0.0,0.0,0.0,0.0,0.0,0.0,0.0,214.0,32.0,182.0,0.0,45.0,2,0.0,0.0,0.0,0.0,0.0,0.0,DEF,Crystal Palace,Man City,1,2026-08-28T19:00:00Z,17,1.0,4.0
643,Chilwell,2,0,0.0,0.0,0.0,0.0,0.0,0.0,0.0,0.0,0.0,0.0,0.0,0.0,0.0,0.0,0.0,0.0,0.0,0.0,0.0,757.0,84.0,673.0,0.0,45.0,2,0.0,0.0,0.0,0.0,0.0,0.0,DEF,Crystal Palace,Man City,1,2026-08-28T19:00:00Z,17,1.0,4.0
644,Timber,2,0,0.0,0.0,0.0,0.0,0.0,0.0,0.0,0.0,0.0,0.0,0.0,0.0,0.0,0.0,0.0,0.0,0.0,0.0,0.0,644.0,94.0,550.0,0.0,50.0,2,0.0,0.0,0.0,0.0,0.0,0.0,MID,Crystal Palace,Man City,1,2026-08-28T19:00:00Z,17,1.0,4.0
647,Osorio,2,0,0.0,0.0,0.0,0.0,0.0,0.0,0.0,0.0,0.0,0.0,0.0,0.0,0.0,0.0,0.0,0.0,0.0,0.0,0.0,456.0,49.0,407.0,0.0,55.0,2,0.0,0.0,0.0,0.0,0.0,0.0,MID,Crystal Palace,Man City,1,2026-08-28T19:00:00Z,17,1.0,4.0
21,Nørgaard,2,0,0.0,0.0,0.0,0.0,0.0,0.0,0.0,0.0,0.0,0.0,0.0,0.0,0.0,0.0,0.0,0.0,0.0,0.0,0.0,214.0,2481.0,-2267.0,0.1,49.0,2,0.0,0.0,0.0,0.0,0.0,0.0,MID,Everton,Bournemouth,0,2026-08-29T14:00:00Z,16,1.0,1.0
209,Johnson,2,1,28.0,0.0,0.0,0.0,0.0,0.0,0.0,0.0,0.0,0.0,0.0,0.0,1.0,0.0999999999999999,0.0,0.0,0.0,1.58,0.0,932.0,3930.0,-2998.0,0.1,59.0,2,1.2000000000000002,0.0,0.0,0.0,1.0,1.0,MID,Everton,Bournemouth,0,2026-08-29T14:00:00Z,16,1.0,1.0
226,Pickford,2,3,90.0,0.0,0.0,0.0,1.0,0.0,0.0,0.0,0.0,0.0,4.0,0.0,22.0,3.2,0.0,0.0,0.0,2.16,1.0,64215.0,86708.0,-22493.0,8.5,55.0,2,31.6,0.0,0.0,4.0,11.0,0.0,GK,Everton,Bournemouth,0,2026-08-29T14:00:00Z,16,1.0,1.0
227,Travers,2,0,0.0,0.0,0.0,0.0,0.0,0.0,0.0,0.0,0.0,0.0,0.0,0.0,0.0,0.0,0.0,0.0,0.0,0.0,0.0,328.0,615.0,-287.0,0.0,50.0,2,0.0,0.0,0.0,0.0,0.0,0.0,GK,Everton,Bournemouth,0,2026-08-29T14:00:00Z,16,1.0,1.0
229,Tarkowski,2,12,90.0,1.0,0.0,0.0,1.0,0.0,0.0,0.0,0.0,0.0,0.0,2.0,27.0,8.5,0.0999999999999999,0.01,0.11,2.16,1.0,215614.0,93154.0,122460.0,10.7,60.0,2,54.8,11.3,19.0,9.0,3.0,1.0,DEF,Everton,Bournemouth,0,2026-08-29T14:00:00Z,16,1.0,1.0
230,Branthwaite,2,4,90.0,0.0,0.0,0.0,1.0,0.0,0.0,0.0,0.0,0.0,0.0,0.0,6.0,5.699999999999999,0.09,0.01,0.1,2.16,1.0,17868.0,22992.0,-5124.0,1.8,55.0,2,22.6,1.4999999999999998,33.0,11.0,3.0,1.0,DEF,Everton,Bournemouth,0,2026-08-29T14:00:00Z,16,1.0,1.0
231,Keane,2,0,0.0,0.0,0.0,0.0,0.0,0.0,0.0,0.0,0.0,0.0,0.0,0.0,0.0,0.0,0.0,0.0,0.0,0.0,0.0,2605.0,37354.0,-34749.0,1.0,49.0,2,0.0,0.0,0.0,0.0,0.0,0.0,DEF,Everton,Bournemouth,0,2026-08-29T14:00:00Z,16,1.0,1.0
232,O'Brien,2,0,0.0,0.0,0.0,0.0,0.0,0.0,0.0,0.0,0.0,0.0,0.0,0.0,0.0,0.0,0.0,0.0,0.0,0.0,0.0,1065.0,10061.0,-8996.0,0.3,49.0,2,0.0,0.0,0.0,0.0,0.0,0.0,DEF,Everton,Bournemouth,0,2026-08-29T14:00:00Z,16,1.0,1.0
233,Mykolenko,2,4,90.0,0.0,0.0,0.0,1.0,0.0,0.0,0.0,0.0,0.0,0.0,0.0,7.0,3.8,0.0,0.0099999999999999,0.0099999999999999,2.16,1.0,43711.0,27885.0,15826.0,1.7,45.0,2,36.8,1.0,0.0,11.0,7.0,1.0,DEF,Everton,Bournemouth,0,2026-08-29T14:00:00Z,16,1.0,1.0
234,Patterson,2,0,0.0,0.0,0.0,0.0,0.0,0.0,0.0,0.0,0.0,0.0,0.0,0.0,0.0,0.0,0.0,0.0,0.0,0.0,0.0,192.0,929.0,-737.0,0.0,45.0,2,0.0,0.0,0.0,0.0,0.0,0.0,DEF,Everton,Bournemouth,0,2026-08-29T14:00:00Z,16,1.0,1.0
235,Aznou,2,0,0.0,0.0,0.0,0.0,0.0,0.0,0.0,0.0,0.0,0.0,0.0,0.0,0.0,0.0,0.0,0.0,0.0,0.0,0.0,819.0,4387.0,-3568.0,0.1,40.0,2,0.0,0.0,0.0,0.0,0.0,0.0,DEF,Everton,Bournemouth,0,2026-08-29T14:00:00Z,16,1.0,1.0
236,Dewsbury-Hall,2,2,90.0,0.0,0.0,0.0,1.0,0.0,0.0,0.0,0.0,0.0,0.0,0.0,24.0,8.099999999999998,0.06,0.16,0.22,2.16,1.0,81305.0,97213.0,-15908.0,4.2,65.0,2,19.40000000000001,52.3,9.0,0.0,7.0,3.0,MID,Everton,Bournemouth,0,2026-08-29T14:00:00Z,16,1.0,1.0
238,Grealish,2,0,0.0,0.0,0.0,0.0,0.0,0.0,0.0,0.0,0.0,0.0,0.0,0.0,0.0,0.0,0.0,0.0,0.0,0.0,0.0,9556.0,5972.0,3584.0,0.3,65.0,2,0.0,0.0,0.0,0.0,0.0,0.0,MID,Everton,Bournemouth,0,2026-08-29T14:00:00Z,16,1.0,1.0
239,Garner,2,1,61.0,0.0,0.0,0.0,1.0,0.0,0.0,0.0,1.0,0.0,0.0,0.0,9.0,0.5,0.0,0.0,0.0,0.5800000000000001,1.0,3272.0,3500.0,-228.0,0.1,60.0,2,3.3999999999999995,1.0999999999999996,0.0,0.0,7.0,3.0,MID,Everton,Bournemouth,0,2026-08-29T14:00:00Z,16,1.0,1.0
242,George,2,2,61.0,0.0,0.0,0.0,1.0,0.0,0.0,0.0,0.0,0.0,0.0,0.0,12.0,3.4000000000000004,0.05,0.0099999999999999,0.06,0.5800000000000001,1.0,2176.0,5208.0,-3032.0,0.2,55.0,2,6.0,12.200000000000005,16.0,0.0,1.0,1.0,MID,Everton,Bournemouth,0,2026-08-29T14:00:00Z,16,1.0,1.0
243,Alcaraz,2,0,4.0,0.0,0.0,0.0,0.0,0.0,0.0,0.0,1.0,0.0,0.0,0.0,-2.0,0.5,0.03,0.02,0.05,0.0,0.0,902.0,2113.0,-1211.0,0.1,50.0,2,0.0,0.5,8.0,0.0,0.0,0.0,MID,Everton,Bournemouth,0,2026-08-29T14:00:00Z,16,1.0,1.0
244,Armstrong,2,2,86.0,0.0,0.0,0.0,1.0,0.0,0.0,0.0,0.0,0.0,0.0,0.0,12.0,2.4000000000000004,0.0,0.03,0.03,2.16,1.0,23982.0,9570.0,14412.0,0.4,50.0,2,11.2,12.3,0.0,3.0,3.0,3.0,MID,Everton,Bournemouth,0,2026-08-29T14:00:00Z,16,1.0,1.0
245,Dibling,2,0,0.0,0.0,0.0,0.0,0.0,0.0,0.0,0.0,0.0,0.0,0.0,0.0,0.0,0.0,0.0,0.0,0.0,0.0,0.0,398.0,982.0,-584.0,0.0,54.0,2,0.0,0.0,0.0,0.0,0.0,0.0,MID,Everton,Bournemouth,0,2026-08-29T14:00:00Z,16,1.0,1.0
246,Röhl,2,2,85.0,0.0,0.0,0.0,1.0,0.0,0.0,0.0,0.0,0.0,0.0,0.0,13.0,1.1,0.0,0.01,0.01,2.16,1.0,675.0,1270.0,-595.0,0.1,50.0,2,8.399999999999999,2.3000000000000007,0.0,2.0,4.0,3.0,MID,Everton,Bournemouth,0,2026-08-29T14:00:00Z,16,1.0,1.0
247,Hackney,2,1,28.0,0.0,0.0,0.0,0.0,0.0,0.0,0.0,0.0,0.0,0.0,0.0,3.0,1.1,0.0,0.01,0.0099999999999999,1.58,0.0,525.0,4694.0,-4169.0,0.2,55.0,2,7.799999999999999,1.4000000000000004,2.0,2.0,1.0,0.0,MID,Everton,Bournemouth,0,2026-08-29T14:00:00Z,16,1.0,1.0
248,Beto,2,1,20.0,0.0,0.0,0.0,0.0,0.0,0.0,0.0,0.0,0.0,0.0,0.0,2.0,0.6000000000000001,0.0399999999999999,0.0,0.0399999999999999,1.5799999999999998,0.0,9481.0,89831.0,-80350.0,1.5,54.0,2,3.0,0.3,3.0,1.0,0.0,0.0,FWD,Everton,Bournemouth,0,2026-08-29T14:00:00Z,16,1.0,1.0
249,Barry,2,2,69.0,0.0,0.0,0.0,1.0,0.0,0.0,0.0,0.0,0.0,0.0,0.0,6.0,8.0,1.48,0.0,1.48,0.5800000000000001,1.0,229718.0,95502.0,134216.0,4.8,55.0,2,10.0,11.7,58.0,2.0,1.0,0.0,FWD,Everton,Bournemouth,0,2026-08-29T14:00:00Z,16,1.0,1.0
649,Maitland-Niles,2,0,0.0,0.0,0.0,0.0,0.0,0.0,0.0,0.0,0.0,0.0,0.0,0.0,0.0,0.0,0.0,0.0,0.0,0.0,0.0,552.0,127.0,425.0,0.0,45.0,2,0.0,0.0,0.0,0.0,0.0,0.0,DEF,Everton,Bournemouth,0,2026-08-29T14:00:00Z,16,1.0,1.0
250,Leno,2,3,90.0,0.0,0.0,0.0,1.0,0.0,0.0,0.0,0.0,0.0,3.0,0.0,11.0,1.9000000000000004,0.0,0.0,0.0,2.02,1.0,43479.0,28746.0,14733.0,3.2,45.0,2,19.2,0.0,0.0,2.0,8.0,0.0,GK,Fulham,Sunderland,0,2026-08-30T13:00:00Z,20,1.0,0.0
251,Lecomte,2,0,0.0,0.0,0.0,0.0,0.0,0.0,0.0,0.0,0.0,0.0,0.0,0.0,0.0,0.0,0.0,0.0,0.0,0.0,0.0,9373.0,8535.0,838.0,1.2,40.0,2,0.0,0.0,0.0,0.0,0.0,0.0,GK,Fulham,Sunderland,0,2026-08-30T13:00:00Z,20,1.0,0.0
252,McNally,2,0,0.0,0.0,0.0,0.0,0.0,0.0,0.0,0.0,0.0,0.0,0.0,0.0,0.0,0.0,0.0,0.0,0.0,0.0,0.0,1928.0,2670.0,-742.0,0.1,40.0,2,0.0,0.0,0.0,0.0,0.0,0.0,GK,Fulham,Sunderland,0,2026-08-30T13:00:00Z,20,1.0,0.0
253,Andersen,2,1,90.0,0.0,0.0,0.0,1.0,0.0,0.0,0.0,1.0,0.0,0.0,0.0,4.0,3.3,0.0,0.04,0.04,2.02,1.0,6332.0,2229.0,4103.0,0.1,50.0,2,17.8,12.9,2.0,8.0,2.0,0.0,DEF,Fulham,Sunderland,0,2026-08-30T13:00:00Z,20,1.0,0.0
254,Robinson,2,2,90.0,0.0,0.0,0.0,1.0,0.0,0.0,0.0,0.0,0.0,0.0,0.0,10.0,1.4000000000000004,0.0,0.0199999999999999,0.0199999999999999,2.0200000000000005,1.0,16500.0,18316.0,-1816.0,1.7,45.0,2,9.799999999999995,4.600000000000001,0.0,0.0,2.0,3.0,DEF,Fulham,Sunderland,0,2026-08-30T13:00:00Z,20,1.0,0.0
255,J.Cuenca,2,0,0.0,0.0,0.0,0.0,0.0,0.0,0.0,0.0,0.0,0.0,0.0,0.0,0.0,0.0,0.0,0.0,0.0,0.0,0.0,644.0,738.0,-94.0,0.0,45.0,2,0.0,0.0,0.0,0.0,0.0,0.0,DEF,Fulham,Sunderland,0,2026-08-30T13:00:00Z,20,1.0,0.0
257,Bassey,2,2,90.0,0.0,0.0,0.0,1.0,0.0,0.0,0.0,0.0,0.0,0.0,0.0,13.0,2.2,0.0,0.0099999999999999,0.01,2.02,1.0,8954.0,8897.0,57.0,0.8,45.0,2,19.4,2.6000000000000005,0.0,6.0,6.0,1.0,DEF,Fulham,Sunderland,0,2026-08-30T13:00:00Z,20,1.0,0.0
258,Castagne,2,6,67.0,0.0,0.0,1.0,0.0,0.0,0.0,0.0,0.0,0.0,0.0,0.0,18.0,0.0,0.0,0.0,0.0,0.2599999999999998,1.0,46706.0,11314.0,35392.0,1.0,45.0,2,0.0,0.6999999999999993,0.0,1.0,2.0,1.0,DEF,Fulham,Sunderland,0,2026-08-30T13:00:00Z,20,1.0,0.0
261,Iwobi,2,2,90.0,0.0,0.0,0.0,1.0,0.0,0.0,0.0,0.0,0.0,0.0,0.0,20.0,5.0,0.01,0.4,0.41,2.02,1.0,8400.0,18482.0,-10082.0,0.9,55.0,2,11.999999999999998,35.5,2.0,1.0,2.0,1.0,MID,Fulham,Sunderland,0,2026-08-30T13:00:00Z,20,1.0,0.0
256,Tete,2,0,0.0,0.0,0.0,0.0,0.0,0.0,0.0,0.0,0.0,0.0,0.0,0.0,0.0,0.0,0.0,0.0,0.0,0.0,0.0,479.0,3372.0,-2893.0,0.2,45.0,2,0.0,0.0,0.0,0.0,0.0,0.0,DEF,Fulham,Sunderland,0,2026-08-30T13:00:00Z,20,1.0,0.0
262,Smith Rowe,2,1,14.0,0.0,0.0,0.0,0.0,0.0,0.0,0.0,0.0,0.0,0.0,0.0,5.0,3.5,0.06,0.02,0.08,0.41,0.0,1696.0,7355.0,-5659.0,0.3,55.0,2,5.2,22.8,7.0,0.0,1.0,0.0,MID,Fulham,Sunderland,0,2026-08-30T13:00:00Z,20,1.0,0.0
263,Kevin,2,1,7.0,0.0,0.0,0.0,0.0,0.0,0.0,0.0,0.0,0.0,0.0,0.0,2.0,0.1,0.0,0.04,0.04,0.17,0.0,611.0,1482.0,-871.0,0.0,54.0,2,0.0,1.5,0.0,0.0,0.0,0.0,MID,Fulham,Sunderland,0,2026-08-30T13:00:00Z,20,1.0,0.0
264,Bobb,2,3,67.0,0.0,0.0,1.0,0.0,0.0,0.0,0.0,0.0,0.0,0.0,0.0,8.0,2.5,0.0,0.01,0.01,0.2600000000000002,1.0,5404.0,6362.0,-958.0,0.3,55.0,2,7.0,12.4,6.0,1.0,2.0,2.0,MID,Fulham,Sunderland,0,2026-08-30T13:00:00Z,20,1.0,0.0
265,Berge,2,2,82.0,0.0,0.0,0.0,1.0,0.0,0.0,0.0,0.0,0.0,0.0,0.0,14.0,3.6,0.0,0.2,0.2,1.85,1.0,2058.0,5677.0,-3619.0,0.3,50.0,2,6.000000000000002,27.9,2.0,0.0,2.0,0.0,MID,Fulham,Sunderland,0,2026-08-30T13:00:00Z,20,1.0,0.0
266,Cairney,2,0,0.0,0.0,0.0,0.0,0.0,0.0,0.0,0.0,0.0,0.0,0.0,0.0,0.0,0.0,0.0,0.0,0.0,0.0,0.0,24.0,89.0,-65.0,0.0,50.0,2,0.0,0.0,0.0,0.0,0.0,0.0,MID,Fulham,Sunderland,0,2026-08-30T13:00:00Z,20,1.0,0.0
268,King,2,2,90.0,0.0,0.0,0.0,1.0,0.0,0.0,0.0,0.0,0.0,0.0,0.0,8.0,3.6,0.47,0.03,0.5,2.02,1.0,30181.0,14299.0,15882.0,0.7,55.0,2,10.6,4.500000000000002,21.0,1.0,1.0,2.0,MID,Fulham,Sunderland,0,2026-08-30T13:00:00Z,20,1.0,0.0
269,Sessegnon,2,1,22.0,0.0,0.0,0.0,1.0,0.0,0.0,0.0,0.0,0.0,0.0,0.0,3.0,2.8000000000000003,0.02,0.12,0.14,1.77,0.0,1023.0,5382.0,-4359.0,0.4,45.0,2,8.6,11.0,8.0,0.0,1.0,1.0,DEF,Fulham,Sunderland,0,2026-08-30T13:00:00Z,20,1.0,0.0
270,Reed,2,0,0.0,0.0,0.0,0.0,0.0,0.0,0.0,0.0,0.0,0.0,0.0,0.0,0.0,0.0,0.0,0.0,0.0,0.0,0.0,8646.0,21312.0,-12666.0,1.3,45.0,2,0.0,0.0,0.0,0.0,0.0,0.0,MID,Fulham,Sunderland,0,2026-08-30T13:00:00Z,20,1.0,0.0
271,Muniz,2,0,0.0,0.0,0.0,0.0,0.0,0.0,0.0,0.0,0.0,0.0,0.0,0.0,0.0,0.0,0.0,0.0,0.0,0.0,0.0,4856.0,12546.0,-7690.0,0.5,55.0,2,0.0,0.0,0.0,0.0,0.0,0.0,FWD,Fulham,Sunderland,0,2026-08-30T13:00:00Z,20,1.0,0.0
272,Kusi-Asare,2,0,0.0,0.0,0.0,0.0,0.0,0.0,0.0,0.0,0.0,0.0,0.0,0.0,0.0,0.0,0.0,0.0,0.0,0.0,0.0,63163.0,78502.0,-15339.0,6.6,45.0,2,0.0,0.0,0.0,0.0,0.0,0.0,FWD,Fulham,Sunderland,0,2026-08-30T13:00:00Z,20,1.0,0.0
569,Gonzalo,2,2,90.0,0.0,0.0,0.0,1.0,0.0,0.0,0.0,0.0,0.0,0.0,0.0,2.0,3.200000000000001,0.27,0.01,0.28,2.02,1.0,175544.0,81904.0,93640.0,4.7,60.0,2,5.599999999999994,2.8,24.0,2.0,2.0,0.0,FWD,Fulham,Sunderland,0,2026-08-30T13:00:00Z,20,1.0,0.0
570,Palacios,2,1,75.0,0.0,0.0,0.0,1.0,0.0,0.0,0.0,1.0,0.0,0.0,0.0,6.0,0.7,0.0199999999999999,0.0,0.0199999999999999,1.62,1.0,1131.0,3619.0,-2488.0,0.2,55.0,2,3.0,1.2999999999999998,3.0,3.0,6.0,0.0,MID,Fulham,Sunderland,0,2026-08-30T13:00:00Z,20,1.0,0.0
580,Charles,2,1,22.0,0.0,0.0,0.0,1.0,0.0,0.0,0.0,0.0,0.0,0.0,0.0,2.0,0.8999999999999999,0.09,0.03,0.12,1.77,0.0,372.0,1378.0,-1006.0,0.1,50.0,2,0.6000000000000001,2.8,6.0,1.0,1.0,0.0,MID,Fulham,Sunderland,0,2026-08-30T13:00:00Z,20,1.0,0.0
610,De Fougerolles,2,0,0.0,0.0,0.0,0.0,0.0,0.0,0.0,0.0,0.0,0.0,0.0,0.0,0.0,0.0,0.0,0.0,0.0,0.0,0.0,2613.0,1977.0,636.0,0.1,40.0,2,0.0,0.0,0.0,0.0,0.0,0.0,DEF,Fulham,Sunderland,0,2026-08-30T13:00:00Z,20,1.0,0.0
626,Zepa,2,0,0.0,0.0,0.0,0.0,0.0,0.0,0.0,0.0,0.0,0.0,0.0,0.0,0.0,0.0,0.0,0.0,0.0,0.0,0.0,21865.0,4800.0,17065.0,0.4,45.0,2,0.0,0.0,0.0,0.0,0.0,0.0,MID,Fulham,Sunderland,0,2026-08-30T13:00:00Z,20,1.0,0.0
636,Ángel,2,0,0.0,0.0,0.0,0.0,0.0,0.0,0.0,0.0,0.0,0.0,0.0,0.0,0.0,0.0,0.0,0.0,0.0,0.0,0.0,117.0,13.0,104.0,0.0,50.0,2,0.0,0.0,0.0,0.0,0.0,0.0,MID,Fulham,Sunderland,0,2026-08-30T13:00:00Z,20,1.0,0.0
650,Affengruber,2,0,0.0,0.0,0.0,0.0,0.0,0.0,0.0,0.0,0.0,0.0,0.0,0.0,0.0,0.0,0.0,0.0,0.0,0.0,0.0,202.0,27.0,175.0,0.0,45.0,2,0.0,0.0,0.0,0.0,0.0,0.0,DEF,Fulham,Sunderland,0,2026-08-30T13:00:00Z,20,1.0,0.0
273,Phillips,2,0,0.0,0.0,0.0,0.0,0.0,0.0,0.0,0.0,0.0,0.0,0.0,0.0,0.0,0.0,0.0,0.0,0.0,0.0,0.0,9629.0,12472.0,-2843.0,1.5,40.0,2,0.0,0.0,0.0,0.0,0.0,0.0,GK,Hull City,Coventry City,0,2026-08-29T14:00:00Z,15,0.0,1.0
635,Larsson,2,0,0.0,0.0,0.0,0.0,0.0,0.0,0.0,0.0,0.0,0.0,0.0,0.0,0.0,0.0,0.0,0.0,0.0,0.0,0.0,283.0,26.0,257.0,0.0,50.0,2,0.0,0.0,0.0,0.0,0.0,0.0,MID,Fulham,Sunderland,0,2026-08-30T13:00:00Z,20,1.0,0.0
240,Iroegbunam,2,1,4.0,0.0,0.0,0.0,0.0,0.0,0.0,0.0,0.0,0.0,0.0,0.0,2.0,0.0,0.0,0.0,0.0,0.0,0.0,308.0,222.0,86.0,0.0,50.0,2,0.0,0.0,0.0,0.0,0.0,0.0,MID,Hull City,Coventry City,0,2026-08-29T14:00:00Z,15,0.0,1.0
274,Butland,2,0,0.0,0.0,0.0,0.0,0.0,0.0,0.0,0.0,0.0,0.0,0.0,0.0,0.0,0.0,0.0,0.0,0.0,0.0,0.0,184.0,1660.0,-1476.0,0.1,45.0,2,0.0,0.0,0.0,0.0,0.0,0.0,GK,Hull City,Coventry City,0,2026-08-29T14:00:00Z,15,0.0,1.0
275,Cartwright,2,0,0.0,0.0,0.0,0.0,0.0,0.0,0.0,0.0,0.0,0.0,0.0,0.0,0.0,0.0,0.0,0.0,0.0,0.0,0.0,0.0,87.0,-87.0,0.0,40.0,2,0.0,0.0,0.0,0.0,0.0,0.0,GK,Hull City,Coventry City,0,2026-08-29T14:00:00Z,15,0.0,1.0
276,Lo-Tutala,2,0,0.0,0.0,0.0,0.0,0.0,0.0,0.0,0.0,0.0,0.0,0.0,0.0,0.0,0.0,0.0,0.0,0.0,0.0,0.0,0.0,302.0,-302.0,0.0,40.0,2,0.0,0.0,0.0,0.0,0.0,0.0,GK,Hull City,Coventry City,0,2026-08-29T14:00:00Z,15,0.0,1.0
277,Egan,2,9,90.0,0.0,0.0,1.0,0.0,0.0,0.0,0.0,0.0,0.0,0.0,1.0,25.0,2.4000000000000004,0.0,0.0,0.0,1.29,1.0,335517.0,58810.0,276707.0,5.9,40.0,2,23.800000000000004,0.4,0.0,12.0,1.0,1.0,DEF,Hull City,Coventry City,0,2026-08-29T14:00:00Z,15,0.0,1.0
278,Hughes,2,0,0.0,0.0,0.0,0.0,0.0,0.0,0.0,0.0,0.0,0.0,0.0,0.0,0.0,0.0,0.0,0.0,0.0,0.0,0.0,146.0,2041.0,-1895.0,0.1,40.0,2,0.0,0.0,0.0,0.0,0.0,0.0,DEF,Hull City,Coventry City,0,2026-08-29T14:00:00Z,15,0.0,1.0
279,Ajayi,2,6,90.0,0.0,0.0,1.0,0.0,0.0,0.0,0.0,0.0,0.0,0.0,0.0,24.0,1.5999999999999996,0.0,0.0,0.0,1.29,1.0,649094.0,69759.0,579335.0,10.1,41.0,2,15.599999999999994,0.8,0.0,5.0,5.0,2.0,DEF,Hull City,Coventry City,0,2026-08-29T14:00:00Z,15,0.0,1.0
280,Coyle,2,0,45.0,0.0,0.0,0.0,0.0,0.0,0.0,0.0,1.0,0.0,0.0,0.0,2.0,0.5000000000000002,0.0,0.0,0.0,1.09,1.0,2345.0,10635.0,-8290.0,0.5,40.0,2,4.6000000000000005,0.2999999999999989,0.0,4.0,1.0,0.0,DEF,Hull City,Coventry City,0,2026-08-29T14:00:00Z,15,0.0,1.0
281,Drameh,2,1,45.0,0.0,0.0,0.0,0.0,0.0,0.0,0.0,0.0,0.0,0.0,0.0,4.0,0.5,0.0,0.0,0.0,0.1999999999999999,0.0,1137.0,1719.0,-582.0,0.1,40.0,2,4.2,0.4,0.0,3.0,2.0,0.0,DEF,Hull City,Coventry City,0,2026-08-29T14:00:00Z,15,0.0,1.0
282,Giles,2,6,90.0,0.0,0.0,1.0,0.0,0.0,0.0,0.0,0.0,0.0,0.0,0.0,21.0,2.7,0.0,0.07,0.07,1.2899999999999998,1.0,27972.0,9096.0,18876.0,1.2,40.0,2,9.599999999999998,14.999999999999996,2.0,1.0,4.0,1.0,DEF,Hull City,Coventry City,0,2026-08-29T14:00:00Z,15,0.0,1.0
283,Jacob,2,0,0.0,0.0,0.0,0.0,0.0,0.0,0.0,0.0,0.0,0.0,0.0,0.0,0.0,0.0,0.0,0.0,0.0,0.0,0.0,67.0,240.0,-173.0,0.0,40.0,2,0.0,0.0,0.0,0.0,0.0,0.0,DEF,Hull City,Coventry City,0,2026-08-29T14:00:00Z,15,0.0,1.0
284,McCarthy,2,0,0.0,0.0,0.0,0.0,0.0,0.0,0.0,0.0,0.0,0.0,0.0,0.0,0.0,0.0,0.0,0.0,0.0,0.0,0.0,1572.0,1323.0,249.0,0.1,40.0,2,0.0,0.0,0.0,0.0,0.0,0.0,DEF,Hull City,Coventry City,0,2026-08-29T14:00:00Z,15,0.0,1.0
285,McNair,2,0,0.0,0.0,0.0,0.0,0.0,0.0,0.0,0.0,0.0,0.0,0.0,0.0,0.0,0.0,0.0,0.0,0.0,0.0,0.0,1060.0,1602.0,-542.0,0.1,40.0,2,0.0,0.0,0.0,0.0,0.0,0.0,DEF,Hull City,Coventry City,0,2026-08-29T14:00:00Z,15,0.0,1.0
286,Belloumi,2,6,82.0,0.0,1.0,1.0,0.0,0.0,0.0,0.0,0.0,0.0,0.0,0.0,23.0,4.6,0.12,0.02,0.14,1.11,1.0,28645.0,11111.0,17534.0,0.8,50.0,2,23.2,12.1,11.0,3.0,5.0,2.0,MID,Hull City,Coventry City,0,2026-08-29T14:00:00Z,15,0.0,1.0
287,Millar,2,6,31.0,1.0,0.0,0.0,0.0,0.0,0.0,0.0,0.0,0.0,0.0,0.0,24.0,4.8,0.58,0.0,0.58,0.1999999999999999,0.0,2910.0,2912.0,-2.0,0.1,50.0,2,34.0,0.8,13.0,1.0,0.0,0.0,MID,Hull City,Coventry City,0,2026-08-29T14:00:00Z,15,0.0,1.0
288,Dowell,2,0,0.0,0.0,0.0,0.0,0.0,0.0,0.0,0.0,0.0,0.0,0.0,0.0,0.0,0.0,0.0,0.0,0.0,0.0,0.0,5946.0,6530.0,-584.0,0.4,45.0,2,0.0,0.0,0.0,0.0,0.0,0.0,MID,Hull City,Coventry City,0,2026-08-29T14:00:00Z,15,0.0,1.0
289,Crooks,2,0,0.0,0.0,0.0,0.0,0.0,0.0,0.0,0.0,0.0,0.0,0.0,0.0,0.0,0.0,0.0,0.0,0.0,0.0,0.0,4447.0,16031.0,-11584.0,0.6,45.0,2,0.0,0.0,0.0,0.0,0.0,0.0,MID,Hull City,Coventry City,0,2026-08-29T14:00:00Z,15,0.0,1.0
290,Slater,2,2,90.0,0.0,0.0,1.0,0.0,0.0,0.0,0.0,1.0,0.0,0.0,0.0,6.0,1.5,0.0,0.01,0.01,1.29,1.0,173453.0,69118.0,104335.0,5.0,45.0,2,9.8,2.8000000000000007,2.0,2.0,4.0,4.0,MID,Hull City,Coventry City,0,2026-08-29T14:00:00Z,15,0.0,1.0
291,Matazo,2,0,0.0,0.0,0.0,0.0,0.0,0.0,0.0,0.0,0.0,0.0,0.0,0.0,0.0,0.0,0.0,0.0,0.0,0.0,0.0,113.0,143.0,-30.0,0.0,45.0,2,0.0,0.0,0.0,0.0,0.0,0.0,MID,Hull City,Coventry City,0,2026-08-29T14:00:00Z,15,0.0,1.0
292,Ömür,2,0,0.0,0.0,0.0,0.0,0.0,0.0,0.0,0.0,0.0,0.0,0.0,0.0,0.0,0.0,0.0,0.0,0.0,0.0,0.0,335.0,506.0,-171.0,0.0,49.0,2,0.0,0.0,0.0,0.0,0.0,0.0,MID,Hull City,Coventry City,0,2026-08-29T14:00:00Z,15,0.0,1.0
293,Kamara,2,0,0.0,0.0,0.0,0.0,0.0,0.0,0.0,0.0,0.0,0.0,0.0,0.0,0.0,0.0,0.0,0.0,0.0,0.0,0.0,0.0,114.0,-114.0,0.0,50.0,2,0.0,0.0,0.0,0.0,0.0,0.0,MID,Hull City,Coventry City,0,2026-08-29T14:00:00Z,15,0.0,1.0
294,Zambrano,2,0,0.0,0.0,0.0,0.0,0.0,0.0,0.0,0.0,0.0,0.0,0.0,0.0,0.0,0.0,0.0,0.0,0.0,0.0,0.0,723.0,2087.0,-1364.0,0.1,45.0,2,0.0,0.0,0.0,0.0,0.0,0.0,MID,Hull City,Coventry City,0,2026-08-29T14:00:00Z,15,0.0,1.0
295,McBurnie,2,1,90.0,0.0,0.0,1.0,0.0,0.0,0.0,0.0,1.0,0.0,0.0,0.0,7.0,2.1999999999999997,0.0,0.01,0.0099999999999999,1.29,1.0,55411.0,52563.0,2848.0,2.0,55.0,2,0.8000000000000007,13.299999999999995,8.0,0.0,4.0,0.0,FWD,Hull City,Coventry City,0,2026-08-29T14:00:00Z,15,0.0,1.0
296,Akintola,2,0,0.0,0.0,0.0,0.0,0.0,0.0,0.0,0.0,0.0,0.0,0.0,0.0,0.0,0.0,0.0,0.0,0.0,0.0,0.0,1354.0,1441.0,-87.0,0.0,50.0,2,0.0,0.0,0.0,0.0,0.0,0.0,MID,Hull City,Coventry City,0,2026-08-29T14:00:00Z,15,0.0,1.0
297,Gyabi,2,0,0.0,0.0,0.0,0.0,0.0,0.0,0.0,0.0,0.0,0.0,0.0,0.0,0.0,0.0,0.0,0.0,0.0,0.0,0.0,149.0,477.0,-328.0,0.0,45.0,2,0.0,0.0,0.0,0.0,0.0,0.0,MID,Hull City,Coventry City,0,2026-08-29T14:00:00Z,15,0.0,1.0
298,Destan,2,0,0.0,0.0,0.0,0.0,0.0,0.0,0.0,0.0,0.0,0.0,0.0,0.0,0.0,0.0,0.0,0.0,0.0,0.0,0.0,0.0,6283.0,-6283.0,0.2,45.0,2,0.0,0.0,0.0,0.0,0.0,0.0,FWD,Hull City,Coventry City,0,2026-08-29T14:00:00Z,15,0.0,1.0
299,Burstow,2,0,0.0,0.0,0.0,0.0,0.0,0.0,0.0,0.0,0.0,0.0,0.0,0.0,0.0,0.0,0.0,0.0,0.0,0.0,0.0,0.0,870.0,-870.0,0.0,45.0,2,0.0,0.0,0.0,0.0,0.0,0.0,FWD,Hull City,Coventry City,0,2026-08-29T14:00:00Z,15,0.0,1.0
340,Gelhardt,2,0,0.0,0.0,0.0,0.0,0.0,0.0,0.0,0.0,0.0,0.0,0.0,0.0,0.0,0.0,0.0,0.0,0.0,0.0,0.0,102.0,263.0,-161.0,0.0,50.0,2,0.0,0.0,0.0,0.0,0.0,0.0,MID,Hull City,Coventry City,0,2026-08-29T14:00:00Z,15,0.0,1.0
556,Targett,2,0,0.0,0.0,0.0,0.0,0.0,0.0,0.0,0.0,0.0,0.0,0.0,0.0,0.0,0.0,0.0,0.0,0.0,0.0,0.0,10936.0,25301.0,-14365.0,2.1,40.0,2,0.0,0.0,0.0,0.0,0.0,0.0,DEF,Hull City,Coventry City,0,2026-08-29T14:00:00Z,15,0.0,1.0
563,Morita,2,1,45.0,0.0,0.0,0.0,0.0,0.0,0.0,0.0,0.0,0.0,0.0,0.0,6.0,2.4,0.0,0.0,0.0,1.09,1.0,445.0,334.0,111.0,0.0,50.0,2,11.0,13.4,0.0,2.0,1.0,0.0,MID,Hull City,Coventry City,0,2026-08-29T14:00:00Z,15,0.0,1.0
572,Tzolakis,2,10,90.0,0.0,0.0,1.0,0.0,0.0,0.0,0.0,0.0,0.0,3.0,3.0,32.0,2.6,0.0,0.0,0.0,1.29,1.0,382909.0,62249.0,320660.0,8.2,46.0,2,26.2,0.0,0.0,0.0,11.0,0.0,GK,Hull City,Coventry City,0,2026-08-29T14:00:00Z,15,0.0,1.0
574,Hjertø-Dahl,2,0,0.0,0.0,0.0,0.0,0.0,0.0,0.0,0.0,0.0,0.0,0.0,0.0,0.0,0.0,0.0,0.0,0.0,0.0,0.0,355.0,1622.0,-1267.0,0.1,50.0,2,0.0,0.0,0.0,0.0,0.0,0.0,MID,Hull City,Coventry City,0,2026-08-29T14:00:00Z,15,0.0,1.0
576,Stroud,2,0,58.0,0.0,0.0,0.0,0.0,0.0,0.0,0.0,1.0,0.0,0.0,0.0,-2.0,0.9000000000000001,0.01,0.01,0.02,1.09,1.0,1008.0,1804.0,-796.0,0.1,50.0,2,0.0,4.3,7.0,2.0,5.0,0.0,MID,Hull City,Coventry City,0,2026-08-29T14:00:00Z,15,0.0,1.0
585,Herrington,2,1,31.0,0.0,0.0,0.0,0.0,0.0,0.0,0.0,0.0,0.0,0.0,0.0,3.0,0.3,0.0,0.0,0.0,0.1999999999999999,0.0,3613.0,5691.0,-2078.0,0.6,40.0,2,3.0,0.2,0.0,1.0,0.0,0.0,DEF,Hull City,Coventry City,0,2026-08-29T14:00:00Z,15,0.0,1.0
586,Mendy,2,1,58.0,0.0,0.0,0.0,0.0,0.0,0.0,0.0,0.0,0.0,0.0,0.0,9.0,3.5,0.0099999999999999,0.0,0.0099999999999999,1.09,1.0,208942.0,71200.0,137742.0,5.9,40.0,2,27.60000000000001,0.0,7.0,7.0,2.0,2.0,DEF,Hull City,Coventry City,0,2026-08-29T14:00:00Z,15,0.0,1.0
589,Gourna-Douath,2,1,45.0,0.0,0.0,0.0,0.0,0.0,0.0,0.0,0.0,0.0,0.0,0.0,6.0,1.4,0.0,0.01,0.01,0.2,0.0,228.0,413.0,-185.0,0.0,50.0,2,12.8,0.9,0.0,1.0,2.0,3.0,MID,Hull City,Coventry City,0,2026-08-29T14:00:00Z,15,0.0,1.0
617,Cho,2,1,7.0,0.0,0.0,0.0,0.0,0.0,0.0,0.0,0.0,0.0,0.0,0.0,3.0,0.1,0.0,0.0,0.0,0.18,0.0,692.0,191.0,501.0,0.0,50.0,2,0.4,0.3,0.0,0.0,0.0,0.0,MID,Hull City,Coventry City,0,2026-08-29T14:00:00Z,15,0.0,1.0
632,Ansah,2,0,0.0,0.0,0.0,0.0,0.0,0.0,0.0,0.0,0.0,0.0,0.0,0.0,0.0,0.0,0.0,0.0,0.0,0.0,0.0,2183.0,207.0,1976.0,0.0,50.0,2,0.0,0.0,0.0,0.0,0.0,0.0,FWD,Hull City,Coventry City,0,2026-08-29T14:00:00Z,15,0.0,1.0
637,Vaz,2,0,0.0,0.0,0.0,0.0,0.0,0.0,0.0,0.0,0.0,0.0,0.0,0.0,0.0,0.0,0.0,0.0,0.0,0.0,0.0,1581.0,196.0,1385.0,0.0,50.0,2,0.0,0.0,0.0,0.0,0.0,0.0,FWD,Hull City,Coventry City,0,2026-08-29T14:00:00Z,15,0.0,1.0
638,Norton-Cuffy,2,0,0.0,0.0,0.0,0.0,0.0,0.0,0.0,0.0,0.0,0.0,0.0,0.0,0.0,0.0,0.0,0.0,0.0,0.0,0.0,6321.0,756.0,5565.0,0.2,40.0,2,0.0,0.0,0.0,0.0,0.0,0.0,DEF,Hull City,Coventry City,0,2026-08-29T14:00:00Z,15,0.0,1.0
642,Thomas,2,0,0.0,0.0,0.0,0.0,0.0,0.0,0.0,0.0,0.0,0.0,0.0,0.0,0.0,0.0,0.0,0.0,0.0,0.0,0.0,435.0,56.0,379.0,0.0,55.0,2,0.0,0.0,0.0,0.0,0.0,0.0,MID,Hull City,Coventry City,0,2026-08-29T14:00:00Z,15,0.0,1.0
645,Mouzakitis,2,0,0.0,0.0,0.0,0.0,0.0,0.0,0.0,0.0,0.0,0.0,0.0,0.0,0.0,0.0,0.0,0.0,0.0,0.0,0.0,209.0,23.0,186.0,0.0,50.0,2,0.0,0.0,0.0,0.0,0.0,0.0,MID,Hull City,Coventry City,0,2026-08-29T14:00:00Z,15,0.0,1.0
259,Diop,2,2,90.0,0.0,0.0,0.0,5.0,0.0,0.0,0.0,0.0,0.0,0.0,0.0,7.0,4.1,0.0,0.0,0.0,4.77,1.0,46424.0,136123.0,-89699.0,15.4,40.0,2,40.8,0.3,0.0,12.0,4.0,0.0,DEF,Ipswich Town,Man Utd,0,2026-08-30T15:30:00Z,19,5.0,2.0
267,Lukić,2,1,72.0,0.0,0.0,0.0,4.0,0.0,0.0,0.0,1.0,0.0,0.0,0.0,11.0,3.1,0.02,0.02,0.0399999999999999,3.91,1.0,1010.0,2188.0,-1178.0,0.1,50.0,2,17.4,11.9,2.0,7.0,1.0,3.0,MID,Ipswich Town,Man Utd,0,2026-08-30T15:30:00Z,19,5.0,2.0
300,Walton,2,0,0.0,0.0,0.0,0.0,0.0,0.0,0.0,0.0,0.0,0.0,0.0,0.0,0.0,0.0,0.0,0.0,0.0,0.0,0.0,359.0,5361.0,-5002.0,0.4,45.0,2,0.0,0.0,0.0,0.0,0.0,0.0,GK,Ipswich Town,Man Utd,0,2026-08-30T15:30:00Z,19,5.0,2.0
301,Palmer,2,0,0.0,0.0,0.0,0.0,0.0,0.0,0.0,0.0,0.0,0.0,0.0,0.0,0.0,0.0,0.0,0.0,0.0,0.0,0.0,30307.0,33232.0,-2925.0,4.3,40.0,2,0.0,0.0,0.0,0.0,0.0,0.0,GK,Ipswich Town,Man Utd,0,2026-08-30T15:30:00Z,19,5.0,2.0
302,Button,2,0,0.0,0.0,0.0,0.0,0.0,0.0,0.0,0.0,0.0,0.0,0.0,0.0,0.0,0.0,0.0,0.0,0.0,0.0,0.0,7762.0,4065.0,3697.0,0.5,40.0,2,0.0,0.0,0.0,0.0,0.0,0.0,GK,Ipswich Town,Man Utd,0,2026-08-30T15:30:00Z,19,5.0,2.0
303,Kipré,2,0,0.0,0.0,0.0,0.0,0.0,0.0,0.0,0.0,0.0,0.0,0.0,0.0,0.0,0.0,0.0,0.0,0.0,0.0,0.0,654.0,6331.0,-5677.0,0.5,40.0,2,0.0,0.0,0.0,0.0,0.0,0.0,DEF,Ipswich Town,Man Utd,0,2026-08-30T15:30:00Z,19,5.0,2.0
304,O'Shea,2,0,90.0,0.0,0.0,0.0,5.0,0.0,0.0,0.0,0.0,0.0,0.0,0.0,-14.0,0.9000000000000004,0.07,0.01,0.0799999999999999,4.77,1.0,24286.0,39140.0,-14854.0,3.2,40.0,2,0.0,0.8000000000000007,9.0,1.0,2.0,0.0,DEF,Ipswich Town,Man Utd,0,2026-08-30T15:30:00Z,19,5.0,2.0
305,Davis,2,6,90.0,1.0,0.0,0.0,5.0,0.0,0.0,0.0,0.0,0.0,0.0,0.0,1.0,11.2,0.54,0.12,0.66,4.77,1.0,63196.0,43322.0,19874.0,5.2,40.0,2,47.0,14.7,50.0,4.0,1.0,0.0,DEF,Ipswich Town,Man Utd,0,2026-08-30T15:30:00Z,19,5.0,2.0
306,Greaves,2,-1,90.0,0.0,0.0,0.0,5.0,1.0,0.0,0.0,1.0,0.0,0.0,0.0,-13.0,2.0,0.0,0.01,0.01,4.77,1.0,2843.0,12527.0,-9684.0,1.3,40.0,2,18.4,1.3,0.0,9.0,4.0,1.0,DEF,Ipswich Town,Man Utd,0,2026-08-30T15:30:00Z,19,5.0,2.0
307,Johnson,2,0,0.0,0.0,0.0,0.0,0.0,0.0,0.0,0.0,0.0,0.0,0.0,0.0,0.0,0.0,0.0,0.0,0.0,0.0,0.0,757.0,1482.0,-725.0,0.1,40.0,2,0.0,0.0,0.0,0.0,0.0,0.0,DEF,Ipswich Town,Man Utd,0,2026-08-30T15:30:00Z,19,5.0,2.0
308,Furlong,2,1,17.0,0.0,0.0,0.0,1.0,0.0,0.0,0.0,0.0,0.0,0.0,0.0,-1.0,0.6,0.0,0.0,0.0,0.86,0.0,636.0,5355.0,-4719.0,0.5,40.0,2,5.0,0.5,0.0,2.0,0.0,1.0,DEF,Ipswich Town,Man Utd,0,2026-08-30T15:30:00Z,19,5.0,2.0
309,Núñez,2,2,61.0,0.0,0.0,0.0,3.0,0.0,0.0,0.0,0.0,0.0,0.0,0.0,6.0,2.6,0.0,0.02,0.02,2.85,1.0,1300.0,2285.0,-985.0,0.1,50.0,2,11.6,12.099999999999998,2.0,4.0,4.0,1.0,MID,Ipswich Town,Man Utd,0,2026-08-30T15:30:00Z,19,5.0,2.0
310,Matusiwa,2,0,0.0,0.0,0.0,0.0,0.0,0.0,0.0,0.0,0.0,0.0,0.0,0.0,0.0,0.0,0.0,0.0,0.0,0.0,0.0,14.0,81.0,-67.0,0.0,50.0,2,0.0,0.0,0.0,0.0,0.0,0.0,MID,Ipswich Town,Man Utd,0,2026-08-30T15:30:00Z,19,5.0,2.0
311,Burns,2,0,0.0,0.0,0.0,0.0,0.0,0.0,0.0,0.0,0.0,0.0,0.0,0.0,0.0,0.0,0.0,0.0,0.0,0.0,0.0,0.0,100.0,-100.0,0.0,50.0,2,0.0,0.0,0.0,0.0,0.0,0.0,MID,Ipswich Town,Man Utd,0,2026-08-30T15:30:00Z,19,5.0,2.0
312,Taylor,2,0,0.0,0.0,0.0,0.0,0.0,0.0,0.0,0.0,0.0,0.0,0.0,0.0,0.0,0.0,0.0,0.0,0.0,0.0,0.0,206.0,776.0,-570.0,0.0,45.0,2,0.0,0.0,0.0,0.0,0.0,0.0,MID,Ipswich Town,Man Utd,0,2026-08-30T15:30:00Z,19,5.0,2.0
313,Clarke,2,0,0.0,0.0,0.0,0.0,0.0,0.0,0.0,0.0,0.0,0.0,0.0,0.0,0.0,0.0,0.0,0.0,0.0,0.0,0.0,1582.0,6174.0,-4592.0,0.2,55.0,2,0.0,0.0,0.0,0.0,0.0,0.0,MID,Ipswich Town,Man Utd,0,2026-08-30T15:30:00Z,19,5.0,2.0
314,Ogbene,2,0,0.0,0.0,0.0,0.0,0.0,0.0,0.0,0.0,0.0,0.0,0.0,0.0,0.0,0.0,0.0,0.0,0.0,0.0,0.0,70.0,456.0,-386.0,0.0,49.0,2,0.0,0.0,0.0,0.0,0.0,0.0,MID,Ipswich Town,Man Utd,0,2026-08-30T15:30:00Z,19,5.0,2.0
315,Fatawu,2,4,82.0,0.0,1.0,0.0,5.0,0.0,0.0,0.0,1.0,0.0,0.0,0.0,25.0,7.1,0.0,0.22,0.22,4.59,1.0,2171.0,3445.0,-1274.0,0.2,55.0,2,26.6,42.3,2.0,1.0,2.0,1.0,MID,Ipswich Town,Man Utd,0,2026-08-30T15:30:00Z,19,5.0,2.0
316,Emersonn,2,1,45.0,0.0,0.0,0.0,1.0,0.0,0.0,0.0,0.0,0.0,0.0,0.0,7.0,1.4000000000000004,0.0,0.0,0.0,0.7699999999999999,1.0,29668.0,54257.0,-24589.0,1.6,55.0,2,1.0,11.099999999999998,2.0,1.0,0.0,0.0,FWD,Ipswich Town,Man Utd,0,2026-08-30T15:30:00Z,19,5.0,2.0
317,Hirst,2,0,0.0,0.0,0.0,0.0,0.0,0.0,0.0,0.0,0.0,0.0,0.0,0.0,0.0,0.0,0.0,0.0,0.0,0.0,0.0,0.0,5343.0,-5343.0,0.1,50.0,2,0.0,0.0,0.0,0.0,0.0,0.0,FWD,Ipswich Town,Man Utd,0,2026-08-30T15:30:00Z,19,5.0,2.0
318,Philogene,2,0,0.0,0.0,0.0,0.0,0.0,0.0,0.0,0.0,0.0,0.0,0.0,0.0,0.0,0.0,0.0,0.0,0.0,0.0,0.0,42.0,4296.0,-4254.0,0.1,54.0,2,0.0,0.0,0.0,0.0,0.0,0.0,MID,Ipswich Town,Man Utd,0,2026-08-30T15:30:00Z,19,5.0,2.0
319,Szmodics,2,0,0.0,0.0,0.0,0.0,0.0,0.0,0.0,0.0,0.0,0.0,0.0,0.0,0.0,0.0,0.0,0.0,0.0,0.0,0.0,0.0,223.0,-223.0,0.0,50.0,2,0.0,0.0,0.0,0.0,0.0,0.0,MID,Ipswich Town,Man Utd,0,2026-08-30T15:30:00Z,19,5.0,2.0
320,Akpom,2,5,45.0,1.0,0.0,0.0,4.0,0.0,0.0,0.0,0.0,0.0,0.0,0.0,30.0,5.2,0.97,0.0,0.97,4.01,0.0,62707.0,18120.0,44587.0,1.1,50.0,2,33.2,1.7,17.0,0.0,0.0,0.0,FWD,Ipswich Town,Man Utd,0,2026-08-30T15:30:00Z,19,5.0,2.0
321,Walle Egeli,2,0,0.0,0.0,0.0,0.0,0.0,0.0,0.0,0.0,0.0,0.0,0.0,0.0,0.0,0.0,0.0,0.0,0.0,0.0,0.0,134535.0,57658.0,76877.0,3.5,45.0,2,0.0,0.0,0.0,0.0,0.0,0.0,FWD,Ipswich Town,Man Utd,0,2026-08-30T15:30:00Z,19,5.0,2.0
322,Al-Hamadi,2,0,0.0,0.0,0.0,0.0,0.0,0.0,0.0,0.0,0.0,0.0,0.0,0.0,0.0,0.0,0.0,0.0,0.0,0.0,0.0,0.0,4633.0,-4633.0,0.1,50.0,2,0.0,0.0,0.0,0.0,0.0,0.0,FWD,Ipswich Town,Man Utd,0,2026-08-30T15:30:00Z,19,5.0,2.0
323,McAteer,2,1,7.0,0.0,0.0,0.0,0.0,0.0,0.0,0.0,0.0,0.0,0.0,0.0,3.0,0.0,0.0,0.0,0.0,0.18,0.0,12236.0,17643.0,-5407.0,1.3,45.0,2,0.1999999999999999,0.0,0.0,0.0,1.0,0.0,MID,Ipswich Town,Man Utd,0,2026-08-30T15:30:00Z,19,5.0,2.0
324,Mehmeti,2,0,0.0,0.0,0.0,0.0,0.0,0.0,0.0,0.0,0.0,0.0,0.0,0.0,0.0,0.0,0.0,0.0,0.0,0.0,0.0,112.0,880.0,-768.0,0.0,49.0,2,0.0,0.0,0.0,0.0,0.0,0.0,MID,Ipswich Town,Man Utd,0,2026-08-30T15:30:00Z,19,5.0,2.0
554,Van Oevelen,2,0,0.0,0.0,0.0,0.0,0.0,0.0,0.0,0.0,0.0,0.0,0.0,0.0,0.0,0.0,0.0,0.0,0.0,0.0,0.0,0.0,807.0,-807.0,0.0,45.0,2,0.0,0.0,0.0,0.0,0.0,0.0,GK,Ipswich Town,Man Utd,0,2026-08-30T15:30:00Z,19,5.0,2.0
562,Maeda,2,2,72.0,0.0,0.0,0.0,4.0,0.0,0.0,0.0,0.0,0.0,0.0,0.0,10.0,2.8000000000000003,0.06,0.01,0.07,3.91,1.0,958.0,6611.0,-5653.0,0.3,55.0,2,8.000000000000002,1.4,19.0,3.0,1.0,1.0,MID,Ipswich Town,Man Utd,0,2026-08-30T15:30:00Z,19,5.0,2.0
564,Scherpen,2,2,90.0,0.0,0.0,0.0,5.0,0.0,0.0,0.0,0.0,0.0,6.0,0.0,9.0,4.6,0.0,0.01,0.01,4.77,1.0,4513.0,7889.0,-3376.0,0.6,45.0,2,46.4,0.0,0.0,4.0,13.0,0.0,GK,Ipswich Town,Man Utd,0,2026-08-30T15:30:00Z,19,5.0,2.0
571,Florentino,2,0,0.0,0.0,0.0,0.0,0.0,0.0,0.0,0.0,0.0,0.0,0.0,0.0,0.0,0.0,0.0,0.0,0.0,0.0,0.0,232.0,2862.0,-2630.0,0.1,49.0,2,0.0,0.0,0.0,0.0,0.0,0.0,MID,Ipswich Town,Man Utd,0,2026-08-30T15:30:00Z,19,5.0,2.0
591,Enciso,2,5,90.0,0.0,1.0,0.0,5.0,0.0,0.0,0.0,0.0,0.0,0.0,0.0,25.0,5.5,0.4,0.31,0.71,4.7700000000000005,1.0,39007.0,11444.0,27563.0,0.8,55.0,2,21.8,12.4,21.0,0.0,7.0,1.0,MID,Ipswich Town,Man Utd,0,2026-08-30T15:30:00Z,19,5.0,2.0
592,Ouattara,2,1,17.0,0.0,0.0,0.0,1.0,0.0,0.0,0.0,0.0,0.0,0.0,0.0,-1.0,0.1,0.0,0.0,0.0,0.86,0.0,4625.0,8128.0,-3503.0,1.0,40.0,2,0.5999999999999996,0.5999999999999996,0.0,0.0,1.0,0.0,DEF,Ipswich Town,Man Utd,0,2026-08-30T15:30:00Z,19,5.0,2.0
602,Humphreys,2,0,0.0,0.0,0.0,0.0,0.0,0.0,0.0,0.0,0.0,0.0,0.0,0.0,0.0,0.0,0.0,0.0,0.0,0.0,0.0,1711.0,1233.0,478.0,0.0,45.0,2,0.0,0.0,0.0,0.0,0.0,0.0,MID,Ipswich Town,Man Utd,0,2026-08-30T15:30:00Z,19,5.0,2.0
619,Palacios,2,1,28.0,0.0,0.0,0.0,2.0,0.0,0.0,0.0,0.0,0.0,0.0,0.0,11.0,2.1,0.0,0.01,0.01,1.92,0.0,1412.0,352.0,1060.0,0.0,50.0,2,7.2,12.0,2.0,2.0,3.0,1.0,MID,Ipswich Town,Man Utd,0,2026-08-30T15:30:00Z,19,5.0,2.0
640,Flemming,2,0,0.0,0.0,0.0,0.0,0.0,0.0,0.0,0.0,0.0,0.0,0.0,0.0,0.0,0.0,0.0,0.0,0.0,0.0,0.0,1734.0,229.0,1505.0,0.0,55.0,2,0.0,0.0,0.0,0.0,0.0,0.0,FWD,Ipswich Town,Man Utd,0,2026-08-30T15:30:00Z,19,5.0,2.0
260,Wilson,2,1,45.0,0.0,0.0,0.0,0.0,0.0,0.0,0.0,0.0,0.0,0.0,0.0,7.0,2.7,0.01,0.0399999999999999,0.05,1.13,0.0,9386.0,166024.0,-156638.0,3.9,64.0,2,8.399999999999999,12.099999999999998,6.0,2.0,3.0,1.0,MID,Leeds,Brentford,1,2026-08-30T13:00:00Z,11,1.0,1.0
326,Perri,2,0,0.0,0.0,0.0,0.0,0.0,0.0,0.0,0.0,0.0,0.0,0.0,0.0,0.0,0.0,0.0,0.0,0.0,0.0,0.0,239.0,10474.0,-10235.0,0.4,45.0,2,0.0,0.0,0.0,0.0,0.0,0.0,GK,Leeds,Brentford,1,2026-08-30T13:00:00Z,11,1.0,1.0
327,Bijol,2,1,45.0,0.0,0.0,0.0,1.0,0.0,0.0,0.0,0.0,0.0,0.0,0.0,0.0,0.8999999999999999,0.0,0.0,0.0,0.5499999999999999,1.0,22894.0,18956.0,3938.0,0.9,50.0,2,8.399999999999999,0.1999999999999999,0.0,5.0,2.0,0.0,DEF,Leeds,Brentford,1,2026-08-30T13:00:00Z,11,1.0,1.0
329,Rodon,2,1,33.0,0.0,0.0,0.0,0.0,0.0,0.0,0.0,0.0,0.0,0.0,0.0,4.0,1.1,0.0,0.0,0.0,0.35,1.0,9976.0,126945.0,-116969.0,2.2,45.0,2,8.6,0.2999999999999989,2.0,4.0,1.0,0.0,DEF,Leeds,Brentford,1,2026-08-30T13:00:00Z,11,1.0,1.0
330,Bogle,2,2,67.0,0.0,0.0,0.0,1.0,0.0,0.0,0.0,0.0,0.0,0.0,0.0,9.0,3.4000000000000004,0.0,0.01,0.01,0.7399999999999999,1.0,5798.0,6153.0,-355.0,0.5,45.0,2,18.6,11.3,4.0,5.0,5.0,2.0,DEF,Leeds,Brentford,1,2026-08-30T13:00:00Z,11,1.0,1.0
331,Gudmundsson,2,0,0.0,0.0,0.0,0.0,0.0,0.0,0.0,0.0,0.0,0.0,0.0,0.0,0.0,0.0,0.0,0.0,0.0,0.0,0.0,647.0,492.0,155.0,0.0,45.0,2,0.0,0.0,0.0,0.0,0.0,0.0,DEF,Leeds,Brentford,1,2026-08-30T13:00:00Z,11,1.0,1.0
332,Justin,2,2,90.0,0.0,0.0,0.0,1.0,0.0,0.0,0.0,0.0,0.0,0.0,0.0,12.0,4.5,0.03,0.01,0.04,1.67,1.0,44983.0,23299.0,21684.0,1.4,45.0,2,24.6,11.8,9.0,6.0,3.0,2.0,DEF,Leeds,Brentford,1,2026-08-30T13:00:00Z,11,1.0,1.0
333,Bornauw,2,0,0.0,0.0,0.0,0.0,0.0,0.0,0.0,0.0,0.0,0.0,0.0,0.0,0.0,0.0,0.0,0.0,0.0,0.0,0.0,0.0,83.0,-83.0,0.0,45.0,2,0.0,0.0,0.0,0.0,0.0,0.0,DEF,Leeds,Brentford,1,2026-08-30T13:00:00Z,11,1.0,1.0
334,Muharemović,2,4,90.0,0.0,0.0,0.0,1.0,0.0,0.0,0.0,0.0,0.0,0.0,0.0,17.0,5.4,0.0,0.01,0.01,1.67,1.0,43101.0,44338.0,-1237.0,3.1,50.0,2,51.6,0.7999999999999999,2.0,17.0,3.0,2.0,DEF,Leeds,Brentford,1,2026-08-30T13:00:00Z,11,1.0,1.0
335,Stach,2,4,90.0,0.0,0.0,0.0,1.0,0.0,0.0,0.0,0.0,0.0,0.0,0.0,13.0,4.6,0.07,0.0099999999999999,0.08,1.67,1.0,80848.0,51840.0,29008.0,2.9,60.0,2,24.60000000000001,17.0,4.0,8.0,4.0,4.0,MID,Leeds,Brentford,1,2026-08-30T13:00:00Z,11,1.0,1.0
336,Okafor,2,2,68.0,0.0,0.0,0.0,1.0,0.0,0.0,0.0,0.0,0.0,0.0,0.0,11.0,2.4000000000000004,0.08,0.01,0.09,0.74,1.0,2724.0,12752.0,-10028.0,0.3,59.0,2,6.399999999999999,7.5,10.0,1.0,0.0,1.0,MID,Leeds,Brentford,1,2026-08-30T13:00:00Z,11,1.0,1.0
337,Aaronson,2,1,45.0,0.0,0.0,0.0,1.0,0.0,0.0,0.0,0.0,0.0,0.0,0.0,6.0,0.2999999999999998,0.0,0.01,0.0099999999999999,0.5499999999999999,1.0,2469.0,17662.0,-15193.0,0.7,55.0,2,2.1999999999999997,0.5999999999999999,0.0,1.0,1.0,1.0,MID,Leeds,Brentford,1,2026-08-30T13:00:00Z,11,1.0,1.0
338,Ampadu,2,2,90.0,0.0,0.0,0.0,1.0,0.0,0.0,0.0,0.0,0.0,0.0,0.0,12.0,3.7,0.01,0.09,0.1,1.67,1.0,4488.0,20669.0,-16181.0,1.1,55.0,2,19.6,16.599999999999998,1.0,5.0,3.0,2.0,MID,Leeds,Brentford,1,2026-08-30T13:00:00Z,11,1.0,1.0
339,Longstaff,2,0,0.0,0.0,0.0,0.0,0.0,0.0,0.0,0.0,0.0,0.0,0.0,0.0,0.0,0.0,0.0,0.0,0.0,0.0,0.0,708.0,2832.0,-2124.0,0.1,50.0,2,0.0,0.0,0.0,0.0,0.0,0.0,MID,Leeds,Brentford,1,2026-08-30T13:00:00Z,11,1.0,1.0
341,Gnonto,2,0,0.0,0.0,0.0,0.0,0.0,0.0,0.0,0.0,0.0,0.0,0.0,0.0,0.0,0.0,0.0,0.0,0.0,0.0,0.0,230.0,501.0,-271.0,0.0,50.0,2,0.0,0.0,0.0,0.0,0.0,0.0,MID,Leeds,Brentford,1,2026-08-30T13:00:00Z,11,1.0,1.0
342,Harrison,2,0,0.0,0.0,0.0,0.0,0.0,0.0,0.0,0.0,0.0,0.0,0.0,0.0,0.0,0.0,0.0,0.0,0.0,0.0,0.0,0.0,19.0,-19.0,0.0,50.0,2,0.0,0.0,0.0,0.0,0.0,0.0,MID,Leeds,Brentford,1,2026-08-30T13:00:00Z,11,1.0,1.0
343,James,2,1,22.0,0.0,0.0,0.0,0.0,0.0,0.0,0.0,0.0,0.0,0.0,0.0,2.0,1.1,0.24,0.01,0.25,0.93,0.0,1763.0,2526.0,-763.0,0.1,50.0,2,0.0,1.1,12.0,0.0,2.0,0.0,MID,Leeds,Brentford,1,2026-08-30T13:00:00Z,11,1.0,1.0
344,Gruev,2,0,0.0,0.0,0.0,0.0,0.0,0.0,0.0,0.0,0.0,0.0,0.0,0.0,0.0,0.0,0.0,0.0,0.0,0.0,0.0,35.0,80.0,-45.0,0.0,50.0,2,0.0,0.0,0.0,0.0,0.0,0.0,MID,Leeds,Brentford,1,2026-08-30T13:00:00Z,11,1.0,1.0
345,Tanaka,2,1,45.0,0.0,0.0,0.0,0.0,0.0,0.0,0.0,0.0,0.0,0.0,0.0,6.0,2.2,0.0,0.01,0.01,1.13,0.0,3552.0,5078.0,-1526.0,0.2,49.0,2,20.0,1.8,0.0,5.0,3.0,3.0,MID,Leeds,Brentford,1,2026-08-30T13:00:00Z,11,1.0,1.0
346,Calvert-Lewin,2,8,90.0,1.0,0.0,0.0,1.0,0.0,0.0,0.0,0.0,0.0,0.0,2.0,31.0,7.7,0.92,0.02,0.94,1.67,1.0,213297.0,378361.0,-165064.0,25.1,60.0,2,38.4,4.0,35.0,3.0,1.0,0.0,FWD,Leeds,Brentford,1,2026-08-30T13:00:00Z,11,1.0,1.0
347,Nmecha,2,4,21.0,0.0,1.0,0.0,0.0,0.0,0.0,0.0,0.0,0.0,0.0,0.0,18.0,4.5,0.1,0.0,0.1,0.93,0.0,5671.0,10219.0,-4548.0,0.5,55.0,2,18.2,20.3,6.0,0.0,1.0,0.0,FWD,Leeds,Brentford,1,2026-08-30T13:00:00Z,11,1.0,1.0
348,Piroe,2,0,0.0,0.0,0.0,0.0,0.0,0.0,0.0,0.0,0.0,0.0,0.0,0.0,0.0,0.0,0.0,0.0,0.0,0.0,0.0,0.0,3363.0,-3363.0,0.1,50.0,2,0.0,0.0,0.0,0.0,0.0,0.0,FWD,Leeds,Brentford,1,2026-08-30T13:00:00Z,11,1.0,1.0
349,Mateo Joseph,2,0,0.0,0.0,0.0,0.0,0.0,0.0,0.0,0.0,0.0,0.0,0.0,0.0,0.0,0.0,0.0,0.0,0.0,0.0,0.0,981.0,1208.0,-227.0,0.1,45.0,2,0.0,0.0,0.0,0.0,0.0,0.0,FWD,Leeds,Brentford,1,2026-08-30T13:00:00Z,11,1.0,1.0
385,Trafford,2,3,90.0,0.0,0.0,0.0,1.0,0.0,0.0,0.0,0.0,0.0,4.0,0.0,20.0,3.8,0.0,0.0,0.0,1.67,1.0,90423.0,51359.0,39064.0,5.1,50.0,2,37.6,0.0,0.0,0.0,11.0,0.0,GK,Leeds,Brentford,1,2026-08-30T13:00:00Z,11,1.0,1.0
598,Elvedi,2,1,56.0,0.0,0.0,0.0,1.0,0.0,0.0,0.0,0.0,0.0,0.0,0.0,9.0,2.3,0.0,0.0,0.0,1.32,0.0,766.0,570.0,196.0,0.0,45.0,2,16.0,1.1,6.0,5.0,4.0,1.0,DEF,Leeds,Brentford,1,2026-08-30T13:00:00Z,11,1.0,1.0
603,Lienou,2,0,0.0,0.0,0.0,0.0,0.0,0.0,0.0,0.0,0.0,0.0,0.0,0.0,0.0,0.0,0.0,0.0,0.0,0.0,0.0,2638.0,1164.0,1474.0,0.1,40.0,2,0.0,0.0,0.0,0.0,0.0,0.0,DEF,Leeds,Brentford,1,2026-08-30T13:00:00Z,11,1.0,1.0
604,Cresswell,2,0,0.0,0.0,0.0,0.0,0.0,0.0,0.0,0.0,0.0,0.0,0.0,0.0,0.0,0.0,0.0,0.0,0.0,0.0,0.0,6258.0,2265.0,3993.0,0.1,45.0,2,0.0,0.0,0.0,0.0,0.0,0.0,MID,Leeds,Brentford,1,2026-08-30T13:00:00Z,11,1.0,1.0
625,Cairns,2,0,0.0,0.0,0.0,0.0,0.0,0.0,0.0,0.0,0.0,0.0,0.0,0.0,0.0,0.0,0.0,0.0,0.0,0.0,0.0,9316.0,1361.0,7955.0,0.2,40.0,2,0.0,0.0,0.0,0.0,0.0,0.0,GK,Leeds,Brentford,1,2026-08-30T13:00:00Z,11,1.0,1.0
629,Zetterer,2,0,0.0,0.0,0.0,0.0,0.0,0.0,0.0,0.0,0.0,0.0,0.0,0.0,0.0,0.0,0.0,0.0,0.0,0.0,0.0,13035.0,1279.0,11756.0,0.4,40.0,2,0.0,0.0,0.0,0.0,0.0,0.0,GK,Leeds,Brentford,1,2026-08-30T13:00:00Z,11,1.0,1.0
641,Bard,2,0,0.0,0.0,0.0,0.0,0.0,0.0,0.0,0.0,0.0,0.0,0.0,0.0,0.0,0.0,0.0,0.0,0.0,0.0,0.0,175.0,28.0,147.0,0.0,45.0,2,0.0,0.0,0.0,0.0,0.0,0.0,DEF,Leeds,Brentford,1,2026-08-30T13:00:00Z,11,1.0,1.0
648,Bahoya,2,0,0.0,0.0,0.0,0.0,0.0,0.0,0.0,0.0,0.0,0.0,0.0,0.0,0.0,0.0,0.0,0.0,0.0,0.0,0.0,1005.0,194.0,811.0,0.0,50.0,2,0.0,0.0,0.0,0.0,0.0,0.0,MID,Leeds,Brentford,1,2026-08-30T13:00:00Z,11,1.0,1.0
350,A.Becker,2,0,90.0,0.0,0.0,0.0,2.0,0.0,0.0,0.0,1.0,0.0,1.0,0.0,-5.0,0.8,0.0,0.0,0.0,2.3,1.0,46939.0,60951.0,-14012.0,3.9,55.0,2,7.599999999999998,0.0,0.0,2.0,4.0,0.0,GK,Liverpool,Nott'm Forest,1,2026-08-29T11:30:00Z,14,2.0,2.0
351,Mamardashvili,2,0,0.0,0.0,0.0,0.0,0.0,0.0,0.0,0.0,0.0,0.0,0.0,0.0,0.0,0.0,0.0,0.0,0.0,0.0,0.0,1063.0,3033.0,-1970.0,0.1,49.0,2,0.0,0.0,0.0,0.0,0.0,0.0,GK,Liverpool,Nott'm Forest,1,2026-08-29T11:30:00Z,14,2.0,2.0
352,Woodman,2,0,0.0,0.0,0.0,0.0,0.0,0.0,0.0,0.0,0.0,0.0,0.0,0.0,0.0,0.0,0.0,0.0,0.0,0.0,0.0,8685.0,8562.0,123.0,1.1,40.0,2,0.0,0.0,0.0,0.0,0.0,0.0,GK,Liverpool,Nott'm Forest,1,2026-08-29T11:30:00Z,14,2.0,2.0
353,Pecsi,2,0,0.0,0.0,0.0,0.0,0.0,0.0,0.0,0.0,0.0,0.0,0.0,0.0,0.0,0.0,0.0,0.0,0.0,0.0,0.0,0.0,312.0,-312.0,0.0,40.0,2,0.0,0.0,0.0,0.0,0.0,0.0,GK,Liverpool,Nott'm Forest,1,2026-08-29T11:30:00Z,14,2.0,2.0
354,Jaros,2,0,0.0,0.0,0.0,0.0,0.0,0.0,0.0,0.0,0.0,0.0,0.0,0.0,0.0,0.0,0.0,0.0,0.0,0.0,0.0,549.0,345.0,204.0,0.0,40.0,2,0.0,0.0,0.0,0.0,0.0,0.0,GK,Liverpool,Nott'm Forest,1,2026-08-29T11:30:00Z,14,2.0,2.0
355,Davies,2,0,0.0,0.0,0.0,0.0,0.0,0.0,0.0,0.0,0.0,0.0,0.0,0.0,0.0,0.0,0.0,0.0,0.0,0.0,0.0,1779.0,1219.0,560.0,0.2,40.0,2,0.0,0.0,0.0,0.0,0.0,0.0,GK,Liverpool,Nott'm Forest,1,2026-08-29T11:30:00Z,14,2.0,2.0
356,Virgil,2,1,90.0,0.0,0.0,0.0,2.0,0.0,0.0,0.0,0.0,0.0,0.0,0.0,5.0,3.1,0.0,0.03,0.0299999999999999,2.3,1.0,78213.0,284165.0,-205952.0,17.6,65.0,2,24.6,4.300000000000001,2.0,7.0,5.0,0.0,DEF,Liverpool,Nott'm Forest,1,2026-08-29T11:30:00Z,14,2.0,2.0
357,Frimpong,2,1,70.0,0.0,0.0,0.0,2.0,0.0,0.0,0.0,0.0,0.0,0.0,0.0,9.0,3.1,0.0,0.02,0.0199999999999999,2.23,1.0,29263.0,74401.0,-45138.0,3.0,55.0,2,12.8,13.800000000000004,4.0,4.0,3.0,2.0,DEF,Liverpool,Nott'm Forest,1,2026-08-29T11:30:00Z,14,2.0,2.0
358,Kerkez,2,1,70.0,0.0,0.0,0.0,2.0,0.0,0.0,0.0,0.0,0.0,0.0,0.0,9.0,3.6999999999999993,0.0,0.0099999999999999,0.01,2.23,1.0,16554.0,69938.0,-53384.0,2.9,55.0,2,24.0,12.8,0.0,7.0,4.0,1.0,DEF,Liverpool,Nott'm Forest,1,2026-08-29T11:30:00Z,14,2.0,2.0
359,Gomez,2,0,0.0,0.0,0.0,0.0,0.0,0.0,0.0,0.0,0.0,0.0,0.0,0.0,0.0,0.0,0.0,0.0,0.0,0.0,0.0,81.0,354.0,-273.0,0.0,50.0,2,0.0,0.0,0.0,0.0,0.0,0.0,DEF,Liverpool,Nott'm Forest,1,2026-08-29T11:30:00Z,14,2.0,2.0
360,Bradley,2,0,0.0,0.0,0.0,0.0,0.0,0.0,0.0,0.0,0.0,0.0,0.0,0.0,0.0,0.0,0.0,0.0,0.0,0.0,0.0,121.0,232.0,-111.0,0.0,50.0,2,0.0,0.0,0.0,0.0,0.0,0.0,DEF,Liverpool,Nott'm Forest,1,2026-08-29T11:30:00Z,14,2.0,2.0
361,Lucky,2,0,0.0,0.0,0.0,0.0,0.0,0.0,0.0,0.0,0.0,0.0,0.0,0.0,0.0,0.0,0.0,0.0,0.0,0.0,0.0,1471.0,1561.0,-90.0,0.1,40.0,2,0.0,0.0,0.0,0.0,0.0,0.0,DEF,Liverpool,Nott'm Forest,1,2026-08-29T11:30:00Z,14,2.0,2.0
362,Jacquet,2,3,76.0,0.0,0.0,0.0,2.0,0.0,0.0,0.0,0.0,0.0,0.0,0.0,13.0,4.800000000000001,0.0,0.05,0.05,2.23,1.0,59702.0,42884.0,16818.0,2.6,50.0,2,30.800000000000004,15.1,2.0,8.0,4.0,3.0,DEF,Liverpool,Nott'm Forest,1,2026-08-29T11:30:00Z,14,2.0,2.0
363,Leoni,2,0,0.0,0.0,0.0,0.0,0.0,0.0,0.0,0.0,0.0,0.0,0.0,0.0,0.0,0.0,0.0,0.0,0.0,0.0,0.0,347.0,660.0,-313.0,0.0,40.0,2,0.0,0.0,0.0,0.0,0.0,0.0,DEF,Liverpool,Nott'm Forest,1,2026-08-29T11:30:00Z,14,2.0,2.0
364,Tsimikas,2,1,19.0,0.0,0.0,0.0,0.0,0.0,0.0,0.0,0.0,0.0,0.0,0.0,4.0,1.4,0.04,0.01,0.05,0.07,0.0,515.0,1205.0,-690.0,0.1,50.0,2,3.6,1.3,9.0,0.0,0.0,0.0,DEF,Liverpool,Nott'm Forest,1,2026-08-29T11:30:00Z,14,2.0,2.0
365,Ramsay,2,0,0.0,0.0,0.0,0.0,0.0,0.0,0.0,0.0,0.0,0.0,0.0,0.0,0.0,0.0,0.0,0.0,0.0,0.0,0.0,0.0,6035.0,-6035.0,0.1,40.0,2,0.0,0.0,0.0,0.0,0.0,0.0,DEF,Liverpool,Nott'm Forest,1,2026-08-29T11:30:00Z,14,2.0,2.0
366,Wirtz,2,4,90.0,0.0,1.0,0.0,2.0,0.0,0.0,0.0,1.0,0.0,0.0,0.0,23.0,7.399999999999999,0.2299999999999999,0.1999999999999999,0.43,2.3,1.0,70771.0,212675.0,-141904.0,10.0,75.0,2,27.8,24.300000000000004,22.0,0.0,7.0,3.0,MID,Liverpool,Nott'm Forest,1,2026-08-29T11:30:00Z,14,2.0,2.0
367,Gakpo,2,5,70.0,0.0,1.0,0.0,2.0,0.0,0.0,0.0,0.0,0.0,0.0,0.0,21.0,5.699999999999999,0.0,0.65,0.6500000000000001,2.23,1.0,271385.0,135185.0,136200.0,8.9,71.0,2,23.200000000000003,27.8,6.0,1.0,2.0,0.0,MID,Liverpool,Nott'm Forest,1,2026-08-29T11:30:00Z,14,2.0,2.0
368,Szoboszlai,2,4,90.0,0.0,0.0,0.0,2.0,0.0,0.0,0.0,0.0,0.0,0.0,0.0,24.0,6.6,0.16,0.1699999999999999,0.3299999999999998,2.3,1.0,320528.0,394739.0,-74211.0,41.3,70.0,2,21.4,40.7,4.0,3.0,7.0,3.0,MID,Liverpool,Nott'm Forest,1,2026-08-29T11:30:00Z,14,2.0,2.0
369,Ngumoha,2,1,19.0,0.0,0.0,0.0,0.0,0.0,0.0,0.0,0.0,0.0,0.0,0.0,5.0,0.5,0.0,0.03,0.03,0.0699999999999999,0.0,4255.0,37562.0,-33307.0,0.7,59.0,2,2.0000000000000004,1.2999999999999998,2.0,0.0,0.0,0.0,MID,Liverpool,Nott'm Forest,1,2026-08-29T11:30:00Z,14,2.0,2.0
370,Chiesa,2,0,0.0,0.0,0.0,0.0,0.0,0.0,0.0,0.0,0.0,0.0,0.0,0.0,0.0,0.0,0.0,0.0,0.0,0.0,0.0,54.0,5003.0,-4949.0,0.1,54.0,2,0.0,0.0,0.0,0.0,0.0,0.0,MID,Liverpool,Nott'm Forest,1,2026-08-29T11:30:00Z,14,2.0,2.0
371,Gravenberch,2,1,19.0,0.0,0.0,0.0,0.0,0.0,0.0,0.0,0.0,0.0,0.0,0.0,7.0,1.6999999999999993,0.0,0.0099999999999999,0.0099999999999999,0.0699999999999998,0.0,13365.0,47027.0,-33662.0,1.6,60.0,2,4.400000000000002,12.1,0.0,0.0,0.0,1.0,MID,Liverpool,Nott'm Forest,1,2026-08-29T11:30:00Z,14,2.0,2.0
372,Mac Allister,2,2,76.0,0.0,0.0,0.0,2.0,0.0,0.0,0.0,0.0,0.0,0.0,0.0,10.0,2.0,0.0,0.39,0.39,2.2299999999999995,1.0,11482.0,30981.0,-19499.0,1.4,55.0,2,12.599999999999998,7.699999999999999,0.0,2.0,5.0,3.0,MID,Liverpool,Nott'm Forest,1,2026-08-29T11:30:00Z,14,2.0,2.0
373,C.Jones,2,0,0.0,0.0,0.0,0.0,0.0,0.0,0.0,0.0,0.0,0.0,0.0,0.0,0.0,0.0,0.0,0.0,0.0,0.0,0.0,5.0,1041.0,-1036.0,0.0,55.0,2,0.0,0.0,0.0,0.0,0.0,0.0,MID,Liverpool,Nott'm Forest,1,2026-08-29T11:30:00Z,14,2.0,2.0
374,Endo,2,0,0.0,0.0,0.0,0.0,0.0,0.0,0.0,0.0,0.0,0.0,0.0,0.0,0.0,0.0,0.0,0.0,0.0,0.0,0.0,835.0,1546.0,-711.0,0.1,50.0,2,0.0,0.0,0.0,0.0,0.0,0.0,MID,Liverpool,Nott'm Forest,1,2026-08-29T11:30:00Z,14,2.0,2.0
375,Nyoni,2,1,13.0,0.0,0.0,0.0,0.0,0.0,0.0,0.0,0.0,0.0,0.0,0.0,3.0,0.9,0.0,0.0,0.0,0.07,0.0,512.0,902.0,-390.0,0.0,50.0,2,6.4,2.2,0.0,1.0,2.0,2.0,MID,Liverpool,Nott'm Forest,1,2026-08-29T11:30:00Z,14,2.0,2.0
376,Bajcetic,2,0,0.0,0.0,0.0,0.0,0.0,0.0,0.0,0.0,0.0,0.0,0.0,0.0,0.0,0.0,0.0,0.0,0.0,0.0,0.0,12.0,45.0,-33.0,0.0,50.0,2,0.0,0.0,0.0,0.0,0.0,0.0,MID,Liverpool,Nott'm Forest,1,2026-08-29T11:30:00Z,14,2.0,2.0
377,Munoz,2,6,90.0,1.0,0.0,0.0,2.0,0.0,0.0,0.0,1.0,0.0,0.0,0.0,24.0,8.8,0.3199999999999999,0.19,0.51,2.3,1.0,83194.0,24007.0,59187.0,1.4,65.0,2,42.2,16.799999999999997,29.0,4.0,1.0,2.0,MID,Liverpool,Nott'm Forest,1,2026-08-29T11:30:00Z,14,2.0,2.0
378,McConnell,2,0,0.0,0.0,0.0,0.0,0.0,0.0,0.0,0.0,0.0,0.0,0.0,0.0,0.0,0.0,0.0,0.0,0.0,0.0,0.0,1440.0,3663.0,-2223.0,0.2,45.0,2,0.0,0.0,0.0,0.0,0.0,0.0,MID,Liverpool,Nott'm Forest,1,2026-08-29T11:30:00Z,14,2.0,2.0
379,Isak,2,8,90.0,1.0,0.0,0.0,2.0,0.0,0.0,0.0,0.0,0.0,0.0,2.0,30.0,9.2,0.99,0.0,0.9899999999999998,2.3,1.0,194041.0,222351.0,-28310.0,17.3,90.0,2,34.0,10.3,48.0,0.0,0.0,1.0,FWD,Liverpool,Nott'm Forest,1,2026-08-29T11:30:00Z,14,2.0,2.0
380,Ekitiké,2,0,0.0,0.0,0.0,0.0,0.0,0.0,0.0,0.0,0.0,0.0,0.0,0.0,0.0,0.0,0.0,0.0,0.0,0.0,0.0,735.0,3738.0,-3003.0,0.1,75.0,2,0.0,0.0,0.0,0.0,0.0,0.0,FWD,Liverpool,Nott'm Forest,1,2026-08-29T11:30:00Z,14,2.0,2.0
381,Koumas,2,0,0.0,0.0,0.0,0.0,0.0,0.0,0.0,0.0,0.0,0.0,0.0,0.0,0.0,0.0,0.0,0.0,0.0,0.0,0.0,185.0,410.0,-225.0,0.0,50.0,2,0.0,0.0,0.0,0.0,0.0,0.0,MID,Liverpool,Nott'm Forest,1,2026-08-29T11:30:00Z,14,2.0,2.0
382,Danns,2,0,0.0,0.0,0.0,0.0,0.0,0.0,0.0,0.0,0.0,0.0,0.0,0.0,0.0,0.0,0.0,0.0,0.0,0.0,0.0,2879.0,1008.0,1871.0,0.1,45.0,2,0.0,0.0,0.0,0.0,0.0,0.0,FWD,Liverpool,Nott'm Forest,1,2026-08-29T11:30:00Z,14,2.0,2.0
383,Elliott,2,0,0.0,0.0,0.0,0.0,0.0,0.0,0.0,0.0,0.0,0.0,0.0,0.0,0.0,0.0,0.0,0.0,0.0,0.0,0.0,573.0,2592.0,-2019.0,0.1,54.0,2,0.0,0.0,0.0,0.0,0.0,0.0,MID,Liverpool,Nott'm Forest,1,2026-08-29T11:30:00Z,14,2.0,2.0
579,Araujo,2,0,13.0,0.0,0.0,0.0,0.0,0.0,0.0,0.0,1.0,0.0,0.0,0.0,-1.0,0.8000000000000003,0.0,0.01,0.01,0.0699999999999999,0.0,12978.0,84656.0,-71678.0,2.0,54.0,2,5.800000000000001,2.3,0.0,1.0,2.0,0.0,DEF,Liverpool,Nott'm Forest,1,2026-08-29T11:30:00Z,14,2.0,2.0
627,Barcola,2,0,0.0,0.0,0.0,0.0,0.0,0.0,0.0,0.0,0.0,0.0,0.0,0.0,0.0,0.0,0.0,0.0,0.0,0.0,0.0,134537.0,19275.0,115262.0,1.4,80.0,2,0.0,0.0,0.0,0.0,0.0,0.0,MID,Liverpool,Nott'm Forest,1,2026-08-29T11:30:00Z,14,2.0,2.0
155,Enzo,2,0,0.0,0.0,0.0,0.0,0.0,0.0,0.0,0.0,0.0,0.0,0.0,0.0,0.0,0.0,0.0,0.0,0.0,0.0,0.0,31481.0,151689.0,-120208.0,3.3,69.0,2,0.0,0.0,0.0,0.0,0.0,0.0,MID,Man City,Crystal Palace,0,2026-08-28T19:00:00Z,17,1.0,4.0
237,Ndiaye,2,4,90.0,0.0,0.0,0.0,1.0,0.0,0.0,0.0,0.0,0.0,0.0,0.0,16.0,3.700000000000001,0.02,0.07,0.0899999999999999,2.16,1.0,103950.0,479451.0,-375501.0,11.3,60.0,2,12.6,14.5,10.0,5.0,7.0,1.0,MID,Man City,Crystal Palace,0,2026-08-28T19:00:00Z,17,1.0,4.0
384,Donnarumma,2,0,90.0,0.0,0.0,0.0,1.0,1.0,0.0,0.0,0.0,0.0,1.0,0.0,5.0,0.6999999999999997,0.0,0.0,0.0,0.66,1.0,76199.0,125603.0,-49404.0,8.0,55.0,2,6.800000000000001,0.0,0.0,0.0,8.0,0.0,GK,Man City,Crystal Palace,0,2026-08-28T19:00:00Z,17,1.0,4.0
386,Bettinelli,2,0,0.0,0.0,0.0,0.0,0.0,0.0,0.0,0.0,0.0,0.0,0.0,0.0,0.0,0.0,0.0,0.0,0.0,0.0,0.0,193.0,406.0,-213.0,0.0,45.0,2,0.0,0.0,0.0,0.0,0.0,0.0,GK,Man City,Crystal Palace,0,2026-08-28T19:00:00Z,17,1.0,4.0
387,O'Reilly,2,2,88.0,0.0,0.0,0.0,1.0,0.0,0.0,0.0,0.0,0.0,0.0,0.0,11.0,1.5999999999999996,0.0199999999999999,0.02,0.04,0.6599999999999999,1.0,106038.0,305802.0,-199764.0,18.5,65.0,2,3.6,7.800000000000004,5.0,0.0,2.0,1.0,DEF,Man City,Crystal Palace,0,2026-08-28T19:00:00Z,17,1.0,4.0
388,Guéhi,2,2,90.0,0.0,0.0,0.0,1.0,0.0,0.0,0.0,0.0,0.0,0.0,0.0,12.0,4.0,0.0,0.0399999999999999,0.04,0.66,1.0,148653.0,188252.0,-39599.0,18.7,60.0,2,24.2,15.799999999999995,0.0,5.0,4.0,0.0,DEF,Man City,Crystal Palace,0,2026-08-28T19:00:00Z,17,1.0,4.0
389,Matheus N.,2,0,0.0,0.0,0.0,0.0,0.0,0.0,0.0,0.0,0.0,0.0,0.0,0.0,0.0,0.0,0.0,0.0,0.0,0.0,0.0,506.0,43490.0,-42984.0,1.0,59.0,2,0.0,0.0,0.0,0.0,0.0,0.0,DEF,Man City,Crystal Palace,0,2026-08-28T19:00:00Z,17,1.0,4.0
390,Rúben,2,2,90.0,0.0,0.0,0.0,1.0,0.0,0.0,0.0,0.0,0.0,0.0,0.0,19.0,8.4,0.09,0.57,0.66,0.66,1.0,21336.0,25656.0,-4320.0,1.8,55.0,2,27.0,22.300000000000004,35.0,5.0,6.0,1.0,DEF,Man City,Crystal Palace,0,2026-08-28T19:00:00Z,17,1.0,4.0
391,Gvardiol,2,5,74.0,0.0,1.0,0.0,1.0,0.0,0.0,0.0,0.0,0.0,0.0,0.0,18.0,6.000000000000001,0.0,0.0399999999999999,0.04,0.66,1.0,583450.0,125172.0,458278.0,19.3,56.0,2,27.6,30.8,2.0,1.0,0.0,1.0,DEF,Man City,Crystal Palace,0,2026-08-28T19:00:00Z,17,1.0,4.0
392,Aït-Nouri,2,0,0.0,0.0,0.0,0.0,0.0,0.0,0.0,0.0,0.0,0.0,0.0,0.0,0.0,0.0,0.0,0.0,0.0,0.0,0.0,2220.0,27711.0,-25491.0,0.5,54.0,2,0.0,0.0,0.0,0.0,0.0,0.0,DEF,Man City,Crystal Palace,0,2026-08-28T19:00:00Z,17,1.0,4.0
393,Khusanov,2,2,88.0,0.0,0.0,0.0,1.0,0.0,0.0,0.0,0.0,0.0,0.0,0.0,17.0,3.0,0.0,0.02,0.02,0.66,1.0,10359.0,26358.0,-15999.0,1.6,55.0,2,21.0,5.299999999999999,4.0,3.0,3.0,4.0,DEF,Man City,Crystal Palace,0,2026-08-28T19:00:00Z,17,1.0,4.0
394,Alleyne,2,0,0.0,0.0,0.0,0.0,0.0,0.0,0.0,0.0,0.0,0.0,0.0,0.0,0.0,0.0,0.0,0.0,0.0,0.0,0.0,0.0,168.0,-168.0,0.0,50.0,2,0.0,0.0,0.0,0.0,0.0,0.0,DEF,Man City,Crystal Palace,0,2026-08-28T19:00:00Z,17,1.0,4.0
395,Lewis,2,0,0.0,0.0,0.0,0.0,0.0,0.0,0.0,0.0,0.0,0.0,0.0,0.0,0.0,0.0,0.0,0.0,0.0,0.0,0.0,2711.0,6070.0,-3359.0,0.2,45.0,2,0.0,0.0,0.0,0.0,0.0,0.0,DEF,Man City,Crystal Palace,0,2026-08-28T19:00:00Z,17,1.0,4.0
396,Vitor Reis,2,1,1.0,0.0,0.0,0.0,0.0,0.0,0.0,0.0,0.0,0.0,0.0,0.0,3.0,0.2,0.0,0.0,0.0,0.0,0.0,141.0,302.0,-161.0,0.0,45.0,2,1.2,0.9,0.0,0.0,0.0,0.0,DEF,Man City,Crystal Palace,0,2026-08-28T19:00:00Z,17,1.0,4.0
397,Semenyo,2,5,90.0,0.0,1.0,0.0,1.0,0.0,0.0,0.0,0.0,0.0,0.0,0.0,33.0,11.2,0.06,0.57,0.63,0.66,1.0,76773.0,460464.0,-383691.0,19.3,85.0,2,29.2,43.0,40.0,0.0,2.0,1.0,MID,Man City,Crystal Palace,0,2026-08-28T19:00:00Z,17,1.0,4.0
398,Foden,2,9,90.0,0.0,2.0,0.0,1.0,0.0,0.0,0.0,0.0,0.0,0.0,1.0,38.0,10.6,0.87,0.4499999999999999,1.32,0.66,1.0,258668.0,83516.0,175152.0,6.4,70.0,2,42.8,45.8,17.0,2.0,4.0,1.0,MID,Man City,Crystal Palace,0,2026-08-28T19:00:00Z,17,1.0,4.0
399,Cherki,2,14,81.0,2.0,0.0,0.0,1.0,0.0,0.0,0.0,1.0,0.0,0.0,3.0,60.0,17.2,0.35,0.55,0.8999999999999999,0.66,1.0,1878666.0,87117.0,1791549.0,32.4,77.0,2,74.8,47.8,49.0,0.0,3.0,0.0,MID,Man City,Crystal Palace,0,2026-08-28T19:00:00Z,17,1.0,4.0
400,Doku,2,0,0.0,0.0,0.0,0.0,0.0,0.0,0.0,0.0,0.0,0.0,0.0,0.0,0.0,0.0,0.0,0.0,0.0,0.0,0.0,481.0,42409.0,-41928.0,0.9,74.0,2,0.0,0.0,0.0,0.0,0.0,0.0,MID,Man City,Crystal Palace,0,2026-08-28T19:00:00Z,17,1.0,4.0
402,Rodrigo,2,0,0.0,0.0,0.0,0.0,0.0,0.0,0.0,0.0,0.0,0.0,0.0,0.0,0.0,0.0,0.0,0.0,0.0,0.0,0.0,0.0,298.0,-298.0,0.0,65.0,2,0.0,0.0,0.0,0.0,0.0,0.0,MID,Man City,Crystal Palace,0,2026-08-28T19:00:00Z,17,1.0,4.0
404,Reijnders,2,0,0.0,0.0,0.0,0.0,0.0,0.0,0.0,0.0,0.0,0.0,0.0,0.0,0.0,0.0,0.0,0.0,0.0,0.0,0.0,0.0,2057.0,-2057.0,0.0,60.0,2,0.0,0.0,0.0,0.0,0.0,0.0,MID,Man City,Crystal Palace,0,2026-08-28T19:00:00Z,17,1.0,4.0
406,Kovačić,2,1,15.0,0.0,0.0,0.0,0.0,0.0,0.0,0.0,0.0,0.0,0.0,0.0,9.0,0.5,0.0,0.01,0.01,0.0,0.0,758.0,2315.0,-1557.0,0.1,55.0,2,2.0,3.1,0.0,0.0,0.0,0.0,MID,Man City,Crystal Palace,0,2026-08-28T19:00:00Z,17,1.0,4.0
407,Echeverri,2,0,0.0,0.0,0.0,0.0,0.0,0.0,0.0,0.0,0.0,0.0,0.0,0.0,0.0,0.0,0.0,0.0,0.0,0.0,0.0,165.0,550.0,-385.0,0.0,49.0,2,0.0,0.0,0.0,0.0,0.0,0.0,MID,Man City,Crystal Palace,0,2026-08-28T19:00:00Z,17,1.0,4.0
408,Phillips,2,0,0.0,0.0,0.0,0.0,0.0,0.0,0.0,0.0,0.0,0.0,0.0,0.0,0.0,0.0,0.0,0.0,0.0,0.0,0.0,0.0,180.0,-180.0,0.0,50.0,2,0.0,0.0,0.0,0.0,0.0,0.0,MID,Man City,Crystal Palace,0,2026-08-28T19:00:00Z,17,1.0,4.0
409,Mukasa,2,0,0.0,0.0,0.0,0.0,0.0,0.0,0.0,0.0,0.0,0.0,0.0,0.0,0.0,0.0,0.0,0.0,0.0,0.0,0.0,776.0,4263.0,-3487.0,0.1,45.0,2,0.0,0.0,0.0,0.0,0.0,0.0,MID,Man City,Crystal Palace,0,2026-08-28T19:00:00Z,17,1.0,4.0
410,Monga,2,0,0.0,0.0,0.0,0.0,0.0,0.0,0.0,0.0,0.0,0.0,0.0,0.0,0.0,0.0,0.0,0.0,0.0,0.0,0.0,148.0,484.0,-336.0,0.0,49.0,2,0.0,0.0,0.0,0.0,0.0,0.0,MID,Man City,Crystal Palace,0,2026-08-28T19:00:00Z,17,1.0,4.0
411,Haaland,2,13,90.0,2.0,0.0,0.0,1.0,0.0,0.0,0.0,0.0,0.0,0.0,3.0,60.0,11.999999999999998,0.6599999999999999,0.0,0.6599999999999999,0.66,1.0,407685.0,57705.0,349980.0,72.6,155.0,2,69.0,0.0999999999999996,51.0,3.0,2.0,0.0,FWD,Man City,Crystal Palace,0,2026-08-28T19:00:00Z,17,1.0,4.0
481,Anderson,2,3,81.0,0.0,0.0,0.0,1.0,0.0,0.0,0.0,1.0,0.0,0.0,0.0,25.0,5.8,0.07,0.2199999999999999,0.29,0.6599999999999999,1.0,43869.0,145833.0,-101964.0,5.0,64.0,2,25.000000000000004,20.2,13.0,4.0,5.0,5.0,MID,Man City,Crystal Palace,0,2026-08-28T19:00:00Z,17,1.0,4.0
587,Rulli,2,0,0.0,0.0,0.0,0.0,0.0,0.0,0.0,0.0,0.0,0.0,0.0,0.0,0.0,0.0,0.0,0.0,0.0,0.0,0.0,156.0,372.0,-216.0,0.0,50.0,2,0.0,0.0,0.0,0.0,0.0,0.0,GK,Man City,Crystal Palace,0,2026-08-28T19:00:00Z,17,1.0,4.0
616,Bouaddi,2,1,8.0,0.0,0.0,0.0,0.0,0.0,0.0,0.0,0.0,0.0,0.0,0.0,3.0,0.6,0.0,0.12,0.12,0.0,0.0,11039.0,3469.0,7570.0,0.1,55.0,2,1.8,4.3,0.0,1.0,0.0,0.0,MID,Man City,Crystal Palace,0,2026-08-28T19:00:00Z,17,1.0,4.0
621,McAidoo,2,1,8.0,0.0,0.0,0.0,0.0,0.0,0.0,0.0,0.0,0.0,0.0,0.0,3.0,0.1,0.1,0.0,0.1,0.0,0.0,6657.0,1922.0,4735.0,0.1,45.0,2,0.0,0.5,1.0,0.0,0.0,0.0,MID,Man City,Crystal Palace,0,2026-08-28T19:00:00Z,17,1.0,4.0
622,Braithwaite,2,1,1.0,0.0,0.0,0.0,0.0,0.0,0.0,0.0,0.0,0.0,0.0,0.0,3.0,0.1,0.0,0.0,0.0,0.0,0.0,9252.0,2192.0,7060.0,0.1,40.0,2,0.6,0.8,0.0,0.0,1.0,0.0,DEF,Man City,Crystal Palace,0,2026-08-28T19:00:00Z,17,1.0,4.0
628,Allan,2,0,0.0,0.0,0.0,0.0,0.0,0.0,0.0,0.0,0.0,0.0,0.0,0.0,0.0,0.0,0.0,0.0,0.0,0.0,0.0,299.0,86.0,213.0,0.0,60.0,2,0.0,0.0,0.0,0.0,0.0,0.0,MID,Man City,Crystal Palace,0,2026-08-28T19:00:00Z,17,1.0,4.0
43,Tielemans,2,4,90.0,0.0,0.0,0.0,2.0,0.0,0.0,0.0,0.0,0.0,0.0,0.0,26.0,10.0,0.47,0.11,0.58,2.06,1.0,14573.0,56491.0,-41918.0,1.9,59.0,2,33.2,46.3,20.0,4.0,7.0,2.0,MID,Man Utd,Ipswich Town,1,2026-08-30T15:30:00Z,19,5.0,2.0
131,Baleba,2,0,0.0,0.0,0.0,0.0,0.0,0.0,0.0,0.0,0.0,0.0,0.0,0.0,0.0,0.0,0.0,0.0,0.0,0.0,0.0,1817.0,5539.0,-3722.0,0.1,50.0,2,0.0,0.0,0.0,0.0,0.0,0.0,MID,Man Utd,Ipswich Town,1,2026-08-30T15:30:00Z,19,5.0,2.0
162,Andrey Santos,2,1,10.0,0.0,0.0,0.0,1.0,0.0,0.0,0.0,0.0,0.0,0.0,0.0,2.0,0.7,0.0,0.0,0.0,1.0,0.0,8208.0,26107.0,-17899.0,0.8,49.0,2,6.200000000000001,0.7000000000000002,0.0,0.0,2.0,3.0,MID,Man Utd,Ipswich Town,1,2026-08-30T15:30:00Z,19,5.0,2.0
325,Darlow,2,0,0.0,0.0,0.0,0.0,0.0,0.0,0.0,0.0,0.0,0.0,0.0,0.0,0.0,0.0,0.0,0.0,0.0,0.0,0.0,378.0,495.0,-117.0,0.0,45.0,2,0.0,0.0,0.0,0.0,0.0,0.0,GK,Man Utd,Ipswich Town,1,2026-08-30T15:30:00Z,19,5.0,2.0
412,Lammens,2,2,90.0,0.0,0.0,0.0,2.0,0.0,0.0,0.0,0.0,0.0,3.0,0.0,11.0,2.7,0.0,0.0,0.0,2.06,1.0,38836.0,200916.0,-162080.0,13.3,50.0,2,27.000000000000004,0.0,0.0,1.0,6.0,0.0,GK,Man Utd,Ipswich Town,1,2026-08-30T15:30:00Z,19,5.0,2.0
413,Bayindir,2,0,0.0,0.0,0.0,0.0,0.0,0.0,0.0,0.0,0.0,0.0,0.0,0.0,0.0,0.0,0.0,0.0,0.0,0.0,0.0,0.0,332.0,-332.0,0.0,45.0,2,0.0,0.0,0.0,0.0,0.0,0.0,GK,Man Utd,Ipswich Town,1,2026-08-30T15:30:00Z,19,5.0,2.0
414,Heaton,2,0,0.0,0.0,0.0,0.0,0.0,0.0,0.0,0.0,0.0,0.0,0.0,0.0,0.0,0.0,0.0,0.0,0.0,0.0,0.0,642.0,1044.0,-402.0,0.1,40.0,2,0.0,0.0,0.0,0.0,0.0,0.0,GK,Man Utd,Ipswich Town,1,2026-08-30T15:30:00Z,19,5.0,2.0
415,Dorgu,2,1,10.0,0.0,0.0,0.0,1.0,0.0,0.0,0.0,0.0,0.0,0.0,0.0,4.0,5.8,0.18,0.01,0.1899999999999999,1.0,0.0,3813.0,41115.0,-37302.0,0.7,59.0,2,7.0,11.7,39.0,1.0,0.0,1.0,MID,Man Utd,Ipswich Town,1,2026-08-30T15:30:00Z,19,5.0,2.0
416,De Ligt,2,0,0.0,0.0,0.0,0.0,0.0,0.0,0.0,0.0,0.0,0.0,0.0,0.0,0.0,0.0,0.0,0.0,0.0,0.0,0.0,104.0,494.0,-390.0,0.0,50.0,2,0.0,0.0,0.0,0.0,0.0,0.0,DEF,Man Utd,Ipswich Town,1,2026-08-30T15:30:00Z,19,5.0,2.0
417,Dalot,2,2,73.0,0.0,0.0,0.0,1.0,0.0,0.0,0.0,0.0,0.0,0.0,0.0,12.0,9.2,0.15,0.12,0.27,1.06,1.0,10050.0,44521.0,-34471.0,2.1,50.0,2,16.4,42.2,33.0,4.0,1.0,0.0,DEF,Man Utd,Ipswich Town,1,2026-08-30T15:30:00Z,19,5.0,2.0
418,Maguire,2,4,90.0,0.0,1.0,0.0,2.0,0.0,0.0,0.0,0.0,0.0,0.0,0.0,13.0,1.5000000000000009,0.03,0.0099999999999999,0.0399999999999999,2.06,1.0,59590.0,302071.0,-242481.0,13.6,50.0,2,7.200000000000003,1.5,6.0,4.0,4.0,1.0,DEF,Man Utd,Ipswich Town,1,2026-08-30T15:30:00Z,19,5.0,2.0
419,Martinez,2,1,90.0,0.0,0.0,0.0,2.0,0.0,0.0,0.0,0.0,0.0,0.0,0.0,2.0,1.0,0.03,0.06,0.09,2.06,1.0,8697.0,21108.0,-12411.0,1.2,50.0,2,4.8,1.8,3.0,0.0,6.0,0.0,DEF,Man Utd,Ipswich Town,1,2026-08-30T15:30:00Z,19,5.0,2.0
420,Yoro,2,1,16.0,0.0,0.0,0.0,1.0,0.0,0.0,0.0,0.0,0.0,0.0,0.0,-2.0,0.4,0.0,0.01,0.01,1.0,0.0,1817.0,12661.0,-10844.0,0.5,49.0,2,1.8,1.8,0.0,2.0,1.0,0.0,DEF,Man Utd,Ipswich Town,1,2026-08-30T15:30:00Z,19,5.0,2.0
421,Heaven,2,0,0.0,0.0,0.0,0.0,0.0,0.0,0.0,0.0,0.0,0.0,0.0,0.0,0.0,0.0,0.0,0.0,0.0,0.0,0.0,1694.0,9487.0,-7793.0,0.3,45.0,2,0.0,0.0,0.0,0.0,0.0,0.0,DEF,Man Utd,Ipswich Town,1,2026-08-30T15:30:00Z,19,5.0,2.0
422,Mazraoui,2,1,17.0,0.0,0.0,0.0,1.0,0.0,0.0,0.0,0.0,0.0,0.0,0.0,-1.0,0.3000000000000007,0.0,0.0,0.0,0.9999999999999998,0.0,4075.0,13731.0,-9656.0,0.6,45.0,2,1.400000000000002,1.3000000000000007,0.0,0.0,0.0,0.0,DEF,Man Utd,Ipswich Town,1,2026-08-30T15:30:00Z,19,5.0,2.0
423,Shaw,2,2,72.0,0.0,0.0,0.0,1.0,0.0,0.0,0.0,0.0,0.0,0.0,0.0,12.0,2.4000000000000004,0.0,0.02,0.02,1.0599999999999998,1.0,37908.0,345649.0,-307741.0,15.2,45.0,2,18.4,1.5999999999999943,4.0,4.0,2.0,4.0,DEF,Man Utd,Ipswich Town,1,2026-08-30T15:30:00Z,19,5.0,2.0
424,Amass,2,0,0.0,0.0,0.0,0.0,0.0,0.0,0.0,0.0,0.0,0.0,0.0,0.0,0.0,0.0,0.0,0.0,0.0,0.0,0.0,2015.0,2573.0,-558.0,0.2,40.0,2,0.0,0.0,0.0,0.0,0.0,0.0,DEF,Man Utd,Ipswich Town,1,2026-08-30T15:30:00Z,19,5.0,2.0
425,Fredricson,2,0,0.0,0.0,0.0,0.0,0.0,0.0,0.0,0.0,0.0,0.0,0.0,0.0,0.0,0.0,0.0,0.0,0.0,0.0,0.0,0.0,365.0,-365.0,0.0,40.0,2,0.0,0.0,0.0,0.0,0.0,0.0,DEF,Man Utd,Ipswich Town,1,2026-08-30T15:30:00Z,19,5.0,2.0
426,B.Fernandes,2,23,90.0,3.0,1.0,0.0,2.0,0.0,0.0,0.0,0.0,0.0,0.0,3.0,87.0,26.1,2.02,0.48,2.5,2.06,1.0,379196.0,367621.0,11575.0,48.2,120.0,2,132.4,62.50000000000001,66.0,1.0,5.0,2.0,MID,Man Utd,Ipswich Town,1,2026-08-30T15:30:00Z,19,5.0,2.0
427,Mbeumo,2,11,90.0,1.0,1.0,0.0,2.0,0.0,0.0,0.0,1.0,0.0,0.0,2.0,37.0,12.400000000000002,1.7599999999999998,0.21,1.97,2.06,1.0,108290.0,869269.0,-760979.0,26.3,80.0,2,45.6,43.3,35.0,0.0,2.0,3.0,MID,Man Utd,Ipswich Town,1,2026-08-30T15:30:00Z,19,5.0,2.0
428,Cunha,2,9,79.0,0.0,2.0,0.0,1.0,0.0,0.0,0.0,0.0,0.0,0.0,1.0,31.0,7.6,0.1099999999999999,0.15,0.2599999999999999,1.0599999999999998,1.0,27908.0,171310.0,-143402.0,7.7,80.0,2,20.0,27.6,28.0,0.0,2.0,0.0,MID,Man Utd,Ipswich Town,1,2026-08-30T15:30:00Z,19,5.0,2.0
429,Rashford,2,2,79.0,0.0,0.0,0.0,1.0,0.0,0.0,0.0,0.0,0.0,0.0,0.0,17.0,10.8,0.26,0.0499999999999999,0.3099999999999999,1.0599999999999998,1.0,24750.0,40725.0,-15975.0,1.6,70.0,2,16.0,34.300000000000004,58.0,0.0,3.0,3.0,MID,Man Utd,Ipswich Town,1,2026-08-30T15:30:00Z,19,5.0,2.0
430,Mount,2,0,0.0,0.0,0.0,0.0,0.0,0.0,0.0,0.0,0.0,0.0,0.0,0.0,0.0,0.0,0.0,0.0,0.0,0.0,0.0,63.0,652.0,-589.0,0.0,54.0,2,0.0,0.0,0.0,0.0,0.0,0.0,MID,Man Utd,Ipswich Town,1,2026-08-30T15:30:00Z,19,5.0,2.0
431,Amad,2,0,0.0,0.0,0.0,0.0,0.0,0.0,0.0,0.0,0.0,0.0,0.0,0.0,0.0,0.0,0.0,0.0,0.0,0.0,0.0,291.0,54927.0,-54636.0,0.5,58.0,2,0.0,0.0,0.0,0.0,0.0,0.0,MID,Man Utd,Ipswich Town,1,2026-08-30T15:30:00Z,19,5.0,2.0
432,Mainoo,2,4,79.0,0.0,0.0,0.0,1.0,0.0,0.0,0.0,0.0,0.0,0.0,0.0,25.0,3.1,0.1399999999999999,0.27,0.41,1.0599999999999998,1.0,19875.0,14644.0,5231.0,1.1,55.0,2,15.2,7.199999999999999,9.0,2.0,10.0,3.0,MID,Man Utd,Ipswich Town,1,2026-08-30T15:30:00Z,19,5.0,2.0
433,Ugarte,2,0,0.0,0.0,0.0,0.0,0.0,0.0,0.0,0.0,0.0,0.0,0.0,0.0,0.0,0.0,0.0,0.0,0.0,0.0,0.0,34.0,76.0,-42.0,0.0,50.0,2,0.0,0.0,0.0,0.0,0.0,0.0,MID,Man Utd,Ipswich Town,1,2026-08-30T15:30:00Z,19,5.0,2.0
434,J.Fletcher,2,0,0.0,0.0,0.0,0.0,0.0,0.0,0.0,0.0,0.0,0.0,0.0,0.0,0.0,0.0,0.0,0.0,0.0,0.0,0.0,84.0,202.0,-118.0,0.0,50.0,2,0.0,0.0,0.0,0.0,0.0,0.0,MID,Man Utd,Ipswich Town,1,2026-08-30T15:30:00Z,19,5.0,2.0
435,Lacey,2,0,0.0,0.0,0.0,0.0,0.0,0.0,0.0,0.0,0.0,0.0,0.0,0.0,0.0,0.0,0.0,0.0,0.0,0.0,0.0,338.0,1112.0,-774.0,0.1,50.0,2,0.0,0.0,0.0,0.0,0.0,0.0,MID,Man Utd,Ipswich Town,1,2026-08-30T15:30:00Z,19,5.0,2.0
436,Collyer,2,0,0.0,0.0,0.0,0.0,0.0,0.0,0.0,0.0,0.0,0.0,0.0,0.0,0.0,0.0,0.0,0.0,0.0,0.0,0.0,93.0,402.0,-309.0,0.0,50.0,2,0.0,0.0,0.0,0.0,0.0,0.0,MID,Man Utd,Ipswich Town,1,2026-08-30T15:30:00Z,19,5.0,2.0
437,Bendito Mantato,2,0,0.0,0.0,0.0,0.0,0.0,0.0,0.0,0.0,0.0,0.0,0.0,0.0,0.0,0.0,0.0,0.0,0.0,0.0,0.0,1811.0,2919.0,-1108.0,0.2,45.0,2,0.0,0.0,0.0,0.0,0.0,0.0,MID,Man Utd,Ipswich Town,1,2026-08-30T15:30:00Z,19,5.0,2.0
438,Fletcher,2,0,0.0,0.0,0.0,0.0,0.0,0.0,0.0,0.0,0.0,0.0,0.0,0.0,0.0,0.0,0.0,0.0,0.0,0.0,0.0,1984.0,4723.0,-2739.0,0.3,45.0,2,0.0,0.0,0.0,0.0,0.0,0.0,MID,Man Utd,Ipswich Town,1,2026-08-30T15:30:00Z,19,5.0,2.0
439,Šeško,2,1,10.0,0.0,0.0,0.0,1.0,0.0,0.0,0.0,0.0,0.0,0.0,0.0,5.0,1.5,0.0,0.01,0.01,1.0,0.0,20669.0,50292.0,-29623.0,1.6,70.0,2,2.2,10.5,2.0,0.0,3.0,0.0,FWD,Man Utd,Ipswich Town,1,2026-08-30T15:30:00Z,19,5.0,2.0
440,Zirkzee,2,0,0.0,0.0,0.0,0.0,0.0,0.0,0.0,0.0,0.0,0.0,0.0,0.0,0.0,0.0,0.0,0.0,0.0,0.0,0.0,5755.0,14802.0,-9047.0,0.5,54.0,2,0.0,0.0,0.0,0.0,0.0,0.0,FWD,Man Utd,Ipswich Town,1,2026-08-30T15:30:00Z,19,5.0,2.0
441,Obi,2,0,0.0,0.0,0.0,0.0,0.0,0.0,0.0,0.0,0.0,0.0,0.0,0.0,0.0,0.0,0.0,0.0,0.0,0.0,0.0,19723.0,17165.0,2558.0,1.2,45.0,2,0.0,0.0,0.0,0.0,0.0,0.0,FWD,Man Utd,Ipswich Town,1,2026-08-30T15:30:00Z,19,5.0,2.0
405,N.Gonzalez,2,2,70.0,0.0,0.0,1.0,0.0,0.0,0.0,0.0,1.0,0.0,0.0,0.0,9.0,3.7,0.0,0.2,0.2,0.74,1.0,10962.0,3209.0,7753.0,0.2,55.0,2,7.2,29.5,0.0,2.0,2.0,0.0,MID,Newcastle,Spurs,0,2026-08-29T16:30:00Z,13,0.0,2.0
442,Pope,2,0,0.0,0.0,0.0,0.0,0.0,0.0,0.0,0.0,0.0,0.0,0.0,0.0,0.0,0.0,0.0,0.0,0.0,0.0,0.0,5253.0,21055.0,-15802.0,1.1,50.0,2,0.0,0.0,0.0,0.0,0.0,0.0,GK,Newcastle,Spurs,0,2026-08-29T16:30:00Z,13,0.0,2.0
443,Gillespie,2,0,0.0,0.0,0.0,0.0,0.0,0.0,0.0,0.0,0.0,0.0,0.0,0.0,0.0,0.0,0.0,0.0,0.0,0.0,0.0,247.0,414.0,-167.0,0.0,45.0,2,0.0,0.0,0.0,0.0,0.0,0.0,GK,Newcastle,Spurs,0,2026-08-29T16:30:00Z,13,0.0,2.0
444,Jaouen,2,0,0.0,0.0,0.0,0.0,0.0,0.0,0.0,0.0,0.0,0.0,0.0,0.0,0.0,0.0,0.0,0.0,0.0,0.0,0.0,198.0,492.0,-294.0,0.0,45.0,2,0.0,0.0,0.0,0.0,0.0,0.0,GK,Newcastle,Spurs,0,2026-08-29T16:30:00Z,13,0.0,2.0
445,Thiaw,2,6,90.0,0.0,0.0,1.0,0.0,0.0,0.0,0.0,0.0,0.0,0.0,0.0,25.0,0.7999999999999998,0.0,0.02,0.02,1.1199999999999997,1.0,74119.0,33512.0,40607.0,2.2,50.0,2,6.800000000000004,1.5,0.0,3.0,1.0,0.0,DEF,Newcastle,Spurs,0,2026-08-29T16:30:00Z,13,0.0,2.0
446,Schär,2,0,0.0,0.0,0.0,0.0,0.0,0.0,0.0,0.0,0.0,0.0,0.0,0.0,0.0,0.0,0.0,0.0,0.0,0.0,0.0,2228.0,5162.0,-2934.0,0.2,50.0,2,0.0,0.0,0.0,0.0,0.0,0.0,DEF,Newcastle,Spurs,0,2026-08-29T16:30:00Z,13,0.0,2.0
447,Botman,2,5,90.0,0.0,0.0,1.0,0.0,0.0,0.0,0.0,1.0,0.0,0.0,0.0,22.0,1.5,0.01,0.0,0.01,1.1199999999999997,1.0,16509.0,7265.0,9244.0,0.7,50.0,2,11.200000000000005,1.8,2.0,4.0,4.0,1.0,DEF,Newcastle,Spurs,0,2026-08-29T16:30:00Z,13,0.0,2.0
448,Burn,2,0,0.0,0.0,0.0,0.0,0.0,0.0,0.0,0.0,0.0,0.0,0.0,0.0,0.0,0.0,0.0,0.0,0.0,0.0,0.0,575.0,56187.0,-55612.0,1.1,49.0,2,0.0,0.0,0.0,0.0,0.0,0.0,DEF,Newcastle,Spurs,0,2026-08-29T16:30:00Z,13,0.0,2.0
449,Hall,2,11,90.0,0.0,0.0,1.0,0.0,0.0,0.0,0.0,0.0,0.0,0.0,3.0,52.0,6.999999999999999,0.03,0.31,0.3399999999999999,1.1199999999999997,1.0,576909.0,81623.0,495286.0,10.4,51.0,2,39.0,27.3,4.0,11.0,6.0,2.0,DEF,Newcastle,Spurs,0,2026-08-29T16:30:00Z,13,0.0,2.0
450,Livramento,2,0,0.0,0.0,0.0,0.0,0.0,0.0,0.0,0.0,0.0,0.0,0.0,0.0,0.0,0.0,0.0,0.0,0.0,0.0,0.0,121.0,962.0,-841.0,0.0,49.0,2,0.0,0.0,0.0,0.0,0.0,0.0,DEF,Newcastle,Spurs,0,2026-08-29T16:30:00Z,13,0.0,2.0
451,A.Murphy,2,0,0.0,0.0,0.0,0.0,0.0,0.0,0.0,0.0,0.0,0.0,0.0,0.0,0.0,0.0,0.0,0.0,0.0,0.0,0.0,0.0,2035.0,-2035.0,0.1,40.0,2,0.0,0.0,0.0,0.0,0.0,0.0,DEF,Newcastle,Spurs,0,2026-08-29T16:30:00Z,13,0.0,2.0
453,Barnes,2,3,90.0,0.0,0.0,1.0,0.0,0.0,0.0,0.0,0.0,0.0,0.0,0.0,9.0,3.6,0.0399999999999999,0.0099999999999999,0.05,1.1199999999999997,1.0,28946.0,24562.0,4384.0,1.2,60.0,2,7.2,22.1,7.0,2.0,0.0,2.0,MID,Newcastle,Spurs,0,2026-08-29T16:30:00Z,13,0.0,2.0
454,Elanga,2,8,81.0,1.0,0.0,1.0,0.0,0.0,0.0,0.0,0.0,0.0,0.0,0.0,32.0,8.1,0.1999999999999999,0.1,0.3,0.7400000000000002,1.0,823167.0,95297.0,727870.0,10.8,61.0,2,36.8,15.3,29.0,0.0,1.0,2.0,MID,Newcastle,Spurs,0,2026-08-29T16:30:00Z,13,0.0,2.0
456,J.Ramsey,2,1,8.0,0.0,0.0,0.0,0.0,0.0,0.0,0.0,0.0,0.0,0.0,0.0,3.0,0.3999999999999999,0.0,0.13,0.13,0.3799999999999999,0.0,1960.0,7285.0,-5325.0,0.3,50.0,2,0.2000000000000001,4.2,0.0,0.0,1.0,0.0,MID,Newcastle,Spurs,0,2026-08-29T16:30:00Z,13,0.0,2.0
457,J.Murphy,2,1,8.0,0.0,0.0,0.0,0.0,0.0,0.0,0.0,0.0,0.0,0.0,0.0,3.0,0.7000000000000001,0.0,0.2,0.2,0.3799999999999999,0.0,1201.0,3940.0,-2739.0,0.1,59.0,2,2.2,3.1,2.0,0.0,2.0,1.0,MID,Newcastle,Spurs,0,2026-08-29T16:30:00Z,13,0.0,2.0
458,Joelinton,2,0,0.0,0.0,0.0,0.0,0.0,0.0,0.0,0.0,0.0,0.0,0.0,0.0,0.0,0.0,0.0,0.0,0.0,0.0,0.0,92.0,745.0,-653.0,0.0,54.0,2,0.0,0.0,0.0,0.0,0.0,0.0,MID,Newcastle,Spurs,0,2026-08-29T16:30:00Z,13,0.0,2.0
459,L.Miley,2,3,90.0,0.0,0.0,1.0,0.0,0.0,0.0,0.0,0.0,0.0,0.0,0.0,16.0,2.6,0.0,0.04,0.04,1.12,1.0,2448.0,1670.0,778.0,0.1,55.0,2,11.2,14.700000000000005,0.0,3.0,6.0,0.0,MID,Newcastle,Spurs,0,2026-08-29T16:30:00Z,13,0.0,2.0
460,Willock,2,3,70.0,0.0,0.0,1.0,0.0,0.0,0.0,0.0,0.0,0.0,0.0,0.0,0.0,0.5,0.07,0.0199999999999999,0.0899999999999999,0.7400000000000002,1.0,24040.0,8072.0,15968.0,0.4,50.0,2,0.0,4.299999999999999,8.0,1.0,1.0,0.0,MID,Newcastle,Spurs,0,2026-08-29T16:30:00Z,13,0.0,2.0
461,Touré,2,1,1.0,0.0,0.0,0.0,0.0,0.0,0.0,0.0,0.0,0.0,0.0,0.0,3.0,0.0,0.0,0.0,0.0,0.0,0.0,714.0,6997.0,-6283.0,0.2,59.0,2,0.0,0.0,0.0,0.0,0.0,0.0,MID,Newcastle,Spurs,0,2026-08-29T16:30:00Z,13,0.0,2.0
462,Steur,2,1,19.0,0.0,0.0,0.0,0.0,0.0,0.0,0.0,0.0,0.0,0.0,0.0,4.0,0.4999999999999999,0.0,0.0,0.0,0.3800000000000001,0.0,672.0,2488.0,-1816.0,0.1,50.0,2,5.0,0.0,0.0,3.0,0.0,0.0,MID,Newcastle,Spurs,0,2026-08-29T16:30:00Z,13,0.0,2.0
463,Woltemade,2,4,19.0,0.0,1.0,0.0,0.0,0.0,0.0,0.0,0.0,0.0,0.0,0.0,18.0,4.0,0.02,0.01,0.03,0.38,0.0,8091.0,61089.0,-52998.0,1.0,59.0,2,18.2,10.5,11.0,0.0,0.0,0.0,FWD,Newcastle,Spurs,0,2026-08-29T16:30:00Z,13,0.0,2.0
464,Wissa,2,8,81.0,1.0,0.0,1.0,0.0,0.0,0.0,0.0,0.0,0.0,0.0,2.0,37.0,9.2,0.3500000000000001,0.0,0.3500000000000001,0.7400000000000002,1.0,1144164.0,93634.0,1050530.0,15.9,61.0,2,35.6,10.3,46.0,1.0,4.0,1.0,FWD,Newcastle,Spurs,0,2026-08-29T16:30:00Z,13,0.0,2.0
465,Osula,2,0,0.0,0.0,0.0,0.0,0.0,0.0,0.0,0.0,0.0,0.0,0.0,0.0,0.0,0.0,0.0,0.0,0.0,0.0,0.0,635.0,46537.0,-45902.0,0.5,59.0,2,0.0,0.0,0.0,0.0,0.0,0.0,FWD,Newcastle,Spurs,0,2026-08-29T16:30:00Z,13,0.0,2.0
466,Neave,2,0,0.0,0.0,0.0,0.0,0.0,0.0,0.0,0.0,0.0,0.0,0.0,0.0,0.0,0.0,0.0,0.0,0.0,0.0,0.0,18147.0,14384.0,3763.0,0.8,45.0,2,0.0,0.0,0.0,0.0,0.0,0.0,FWD,Newcastle,Spurs,0,2026-08-29T16:30:00Z,13,0.0,2.0
559,Bamba,2,0,0.0,0.0,0.0,0.0,0.0,0.0,0.0,0.0,0.0,0.0,0.0,0.0,0.0,0.0,0.0,0.0,0.0,0.0,0.0,901.0,2864.0,-1963.0,0.1,50.0,2,0.0,0.0,0.0,0.0,0.0,0.0,MID,Newcastle,Spurs,0,2026-08-29T16:30:00Z,13,0.0,2.0
567,Horníček,2,7,90.0,0.0,0.0,1.0,0.0,0.0,0.0,0.0,0.0,0.0,4.0,0.0,32.0,3.5,0.0,0.0,0.0,1.1199999999999997,1.0,58552.0,19669.0,38883.0,1.2,50.0,2,34.599999999999994,0.0,0.0,2.0,4.0,0.0,GK,Newcastle,Spurs,0,2026-08-29T16:30:00Z,13,0.0,2.0
593,Dedić,2,11,90.0,0.0,1.0,1.0,0.0,0.0,0.0,0.0,0.0,0.0,0.0,2.0,37.0,7.3,0.0,0.06,0.06,1.1199999999999997,1.0,315881.0,48842.0,267039.0,3.4,45.0,2,42.6,30.4,0.0,5.0,5.0,3.0,DEF,Newcastle,Spurs,0,2026-08-29T16:30:00Z,13,0.0,2.0
609,Shahar,2,0,0.0,0.0,0.0,0.0,0.0,0.0,0.0,0.0,0.0,0.0,0.0,0.0,0.0,0.0,0.0,0.0,0.0,0.0,0.0,11548.0,3408.0,8140.0,0.3,40.0,2,0.0,0.0,0.0,0.0,0.0,0.0,DEF,Newcastle,Spurs,0,2026-08-29T16:30:00Z,13,0.0,2.0
634,Fernandez-Pardo,2,0,0.0,0.0,0.0,0.0,0.0,0.0,0.0,0.0,0.0,0.0,0.0,0.0,0.0,0.0,0.0,0.0,0.0,0.0,0.0,5322.0,573.0,4749.0,0.1,60.0,2,0.0,0.0,0.0,0.0,0.0,0.0,FWD,Newcastle,Spurs,0,2026-08-29T16:30:00Z,13,0.0,2.0
167,Delap,2,1,24.0,0.0,0.0,0.0,1.0,0.0,0.0,0.0,0.0,0.0,0.0,0.0,9.0,2.1,0.07,0.0,0.07,0.33,0.0,39591.0,12866.0,26725.0,0.8,55.0,2,4.0,10.1,7.0,0.0,0.0,0.0,FWD,Nott'm Forest,Liverpool,0,2026-08-29T11:30:00Z,14,2.0,2.0
201,Muñoz,2,0,0.0,0.0,0.0,0.0,0.0,0.0,0.0,0.0,0.0,0.0,0.0,0.0,0.0,0.0,0.0,0.0,0.0,0.0,0.0,24336.0,202823.0,-178487.0,6.3,54.0,2,0.0,0.0,0.0,0.0,0.0,0.0,DEF,Nott'm Forest,Liverpool,0,2026-08-29T11:30:00Z,14,2.0,2.0
467,Sels,2,1,90.0,0.0,0.0,0.0,2.0,0.0,0.0,0.0,0.0,0.0,2.0,0.0,6.0,1.7000000000000002,0.0,0.01,0.01,1.7500000000000002,1.0,9087.0,20784.0,-11697.0,1.4,50.0,2,16.6,0.0,0.0,3.0,6.0,0.0,GK,Nott'm Forest,Liverpool,0,2026-08-29T11:30:00Z,14,2.0,2.0
469,N.Williams,2,6,90.0,0.0,1.0,0.0,2.0,0.0,0.0,0.0,0.0,0.0,0.0,0.0,16.0,6.6000000000000005,0.12,0.15,0.2699999999999999,1.7500000000000002,1.0,54227.0,105184.0,-50957.0,8.2,50.0,2,34.400000000000006,25.3,6.0,6.0,1.0,6.0,DEF,Nott'm Forest,Liverpool,0,2026-08-29T11:30:00Z,14,2.0,2.0
470,Morato,2,0,0.0,0.0,0.0,0.0,0.0,0.0,0.0,0.0,0.0,0.0,0.0,0.0,0.0,0.0,0.0,0.0,0.0,0.0,0.0,209.0,1461.0,-1252.0,0.0,50.0,2,0.0,0.0,0.0,0.0,0.0,0.0,DEF,Nott'm Forest,Liverpool,0,2026-08-29T11:30:00Z,14,2.0,2.0
471,Milenković,2,3,90.0,0.0,0.0,0.0,2.0,0.0,0.0,0.0,0.0,0.0,0.0,0.0,3.0,1.6999999999999995,0.0,0.0,0.0,1.7500000000000002,1.0,5866.0,21550.0,-15684.0,1.6,55.0,2,17.0,0.0,0.0,10.0,3.0,3.0,DEF,Nott'm Forest,Liverpool,0,2026-08-29T11:30:00Z,14,2.0,2.0
472,Murillo,2,1,90.0,0.0,0.0,0.0,2.0,0.0,0.0,0.0,0.0,0.0,0.0,0.0,2.0,2.0,0.18,0.0,0.18,1.7500000000000002,1.0,10524.0,22597.0,-12073.0,1.5,55.0,2,11.199999999999996,0.3000000000000007,8.0,6.0,3.0,0.0,DEF,Nott'm Forest,Liverpool,0,2026-08-29T11:30:00Z,14,2.0,2.0
473,Aina,2,0,85.0,0.0,0.0,0.0,2.0,0.0,0.0,0.0,1.0,0.0,0.0,0.0,2.0,3.1000000000000005,0.0,0.35,0.3500000000000001,1.7499999999999998,1.0,22779.0,54810.0,-32031.0,3.0,45.0,2,11.8,15.5,4.0,3.0,4.0,2.0,DEF,Nott'm Forest,Liverpool,0,2026-08-29T11:30:00Z,14,2.0,2.0
474,Jair Cunha,2,1,90.0,0.0,0.0,0.0,2.0,0.0,0.0,0.0,0.0,0.0,0.0,0.0,6.0,1.5,0.0,0.0,0.0,1.7500000000000002,1.0,938.0,2265.0,-1327.0,0.2,45.0,2,14.599999999999998,0.3999999999999999,0.0,6.0,3.0,2.0,DEF,Nott'm Forest,Liverpool,0,2026-08-29T11:30:00Z,14,2.0,2.0
475,Savona,2,0,0.0,0.0,0.0,0.0,0.0,0.0,0.0,0.0,0.0,0.0,0.0,0.0,0.0,0.0,0.0,0.0,0.0,0.0,0.0,81.0,138.0,-57.0,0.0,45.0,2,0.0,0.0,0.0,0.0,0.0,0.0,DEF,Nott'm Forest,Liverpool,0,2026-08-29T11:30:00Z,14,2.0,2.0
476,O.Richards,2,0,0.0,0.0,0.0,0.0,0.0,0.0,0.0,0.0,0.0,0.0,0.0,0.0,0.0,0.0,0.0,0.0,0.0,0.0,0.0,1299.0,2386.0,-1087.0,0.2,40.0,2,0.0,0.0,0.0,0.0,0.0,0.0,DEF,Nott'm Forest,Liverpool,0,2026-08-29T11:30:00Z,14,2.0,2.0
477,Abbott,2,0,0.0,0.0,0.0,0.0,0.0,0.0,0.0,0.0,0.0,0.0,0.0,0.0,0.0,0.0,0.0,0.0,0.0,0.0,0.0,1552.0,4570.0,-3018.0,0.2,40.0,2,0.0,0.0,0.0,0.0,0.0,0.0,DEF,Nott'm Forest,Liverpool,0,2026-08-29T11:30:00Z,14,2.0,2.0
478,Netz,2,1,4.0,0.0,0.0,0.0,0.0,0.0,0.0,0.0,0.0,0.0,0.0,0.0,5.0,0.1999999999999999,0.0,0.0,0.0,0.0,0.0,180.0,509.0,-329.0,0.0,45.0,2,2.0,0.0,0.0,0.0,0.0,1.0,DEF,Nott'm Forest,Liverpool,0,2026-08-29T11:30:00Z,14,2.0,2.0
479,Bindon,2,0,0.0,0.0,0.0,0.0,0.0,0.0,0.0,0.0,0.0,0.0,0.0,0.0,0.0,0.0,0.0,0.0,0.0,0.0,0.0,479.0,3129.0,-2650.0,0.2,40.0,2,0.0,0.0,0.0,0.0,0.0,0.0,DEF,Nott'm Forest,Liverpool,0,2026-08-29T11:30:00Z,14,2.0,2.0
480,Gibbs-White,2,13,90.0,1.0,1.0,0.0,2.0,0.0,0.0,0.0,0.0,0.0,0.0,3.0,36.0,8.6,0.79,0.04,0.8300000000000001,1.7500000000000002,1.0,213575.0,160439.0,53136.0,10.1,79.0,2,56.4,12.5,17.0,1.0,2.0,2.0,MID,Nott'm Forest,Liverpool,0,2026-08-29T11:30:00Z,14,2.0,2.0
482,Hudson-Odoi,2,1,1.0,0.0,0.0,0.0,0.0,0.0,0.0,0.0,0.0,0.0,0.0,0.0,2.0,0.0,0.0,0.0,0.0,0.0,0.0,1689.0,6062.0,-4373.0,0.2,59.0,2,0.0,0.3,0.0,0.0,0.0,0.0,MID,Nott'm Forest,Liverpool,0,2026-08-29T11:30:00Z,14,2.0,2.0
483,Ndoye,2,9,65.0,1.0,0.0,0.0,1.0,0.0,0.0,0.0,0.0,0.0,0.0,2.0,30.0,9.5,0.35,0.63,0.98,1.42,1.0,33834.0,12363.0,21471.0,0.7,55.0,2,35.800000000000004,23.0,36.0,1.0,8.0,0.0,MID,Nott'm Forest,Liverpool,0,2026-08-29T11:30:00Z,14,2.0,2.0
484,Hutchinson,2,0,0.0,0.0,0.0,0.0,0.0,0.0,0.0,0.0,0.0,0.0,0.0,0.0,0.0,0.0,0.0,0.0,0.0,0.0,0.0,246.0,5005.0,-4759.0,0.1,54.0,2,0.0,0.0,0.0,0.0,0.0,0.0,MID,Nott'm Forest,Liverpool,0,2026-08-29T11:30:00Z,14,2.0,2.0
485,Bakwa,2,0,0.0,0.0,0.0,0.0,0.0,0.0,0.0,0.0,0.0,0.0,0.0,0.0,0.0,0.0,0.0,0.0,0.0,0.0,0.0,0.0,615.0,-615.0,0.0,55.0,2,0.0,0.0,0.0,0.0,0.0,0.0,MID,Nott'm Forest,Liverpool,0,2026-08-29T11:30:00Z,14,2.0,2.0
486,McAtee,2,2,90.0,0.0,0.0,0.0,2.0,0.0,0.0,0.0,0.0,0.0,0.0,0.0,16.0,2.6999999999999997,0.0,0.16,0.16,1.7499999999999998,1.0,3517.0,1611.0,1906.0,0.1,55.0,2,8.200000000000001,18.5,0.0,2.0,5.0,1.0,MID,Nott'm Forest,Liverpool,0,2026-08-29T11:30:00Z,14,2.0,2.0
487,Dominguez,2,1,1.0,0.0,0.0,0.0,0.0,0.0,0.0,0.0,0.0,0.0,0.0,0.0,3.0,0.0,0.0,0.0,0.0,0.0,0.0,377.0,1303.0,-926.0,0.1,50.0,2,0.2,0.0,0.0,0.0,0.0,0.0,MID,Nott'm Forest,Liverpool,0,2026-08-29T11:30:00Z,14,2.0,2.0
488,I.Sangaré,2,0,0.0,0.0,0.0,0.0,0.0,0.0,0.0,0.0,0.0,0.0,0.0,0.0,0.0,0.0,0.0,0.0,0.0,0.0,0.0,1897.0,36388.0,-34491.0,0.6,49.0,2,0.0,0.0,0.0,0.0,0.0,0.0,MID,Nott'm Forest,Liverpool,0,2026-08-29T11:30:00Z,14,2.0,2.0
490,Wood,2,0,0.0,0.0,0.0,0.0,0.0,0.0,0.0,0.0,0.0,0.0,0.0,0.0,0.0,0.0,0.0,0.0,0.0,0.0,0.0,8264.0,48652.0,-40388.0,1.2,59.0,2,0.0,0.0,0.0,0.0,0.0,0.0,FWD,Nott'm Forest,Liverpool,0,2026-08-29T11:30:00Z,14,2.0,2.0
491,Igor Jesus,2,1,90.0,0.0,0.0,0.0,2.0,0.0,0.0,0.0,1.0,0.0,0.0,0.0,4.0,6.000000000000001,0.74,0.0399999999999999,0.78,1.7500000000000002,1.0,26620.0,95635.0,-69015.0,3.0,59.0,2,8.600000000000001,13.3,38.0,3.0,1.0,1.0,FWD,Nott'm Forest,Liverpool,0,2026-08-29T11:30:00Z,14,2.0,2.0
493,Kalimuendo,2,0,0.0,0.0,0.0,0.0,0.0,0.0,0.0,0.0,0.0,0.0,0.0,0.0,0.0,0.0,0.0,0.0,0.0,0.0,0.0,872.0,1386.0,-514.0,0.0,54.0,2,0.0,0.0,0.0,0.0,0.0,0.0,FWD,Nott'm Forest,Liverpool,0,2026-08-29T11:30:00Z,14,2.0,2.0
558,Schlager,2,4,90.0,0.0,0.0,0.0,2.0,0.0,0.0,0.0,0.0,0.0,0.0,0.0,15.0,2.9,0.05,0.0,0.05,1.75,1.0,1428.0,1536.0,-108.0,0.1,50.0,2,21.2,0.7,7.0,3.0,7.0,5.0,MID,Nott'm Forest,Liverpool,0,2026-08-29T11:30:00Z,14,2.0,2.0
581,Diomande,2,0,0.0,0.0,0.0,0.0,0.0,0.0,0.0,0.0,0.0,0.0,0.0,0.0,0.0,0.0,0.0,0.0,0.0,0.0,0.0,3374.0,17812.0,-14438.0,0.6,54.0,2,0.0,0.0,0.0,0.0,0.0,0.0,DEF,Nott'm Forest,Liverpool,0,2026-08-29T11:30:00Z,14,2.0,2.0
590,Benda,2,0,0.0,0.0,0.0,0.0,0.0,0.0,0.0,0.0,0.0,0.0,0.0,0.0,0.0,0.0,0.0,0.0,0.0,0.0,0.0,1027.0,938.0,89.0,0.1,45.0,2,0.0,0.0,0.0,0.0,0.0,0.0,GK,Nott'm Forest,Liverpool,0,2026-08-29T11:30:00Z,14,2.0,2.0
112,Van Hecke,2,1,90.0,0.0,0.0,0.0,2.0,0.0,0.0,0.0,0.0,0.0,0.0,0.0,9.0,7.3,0.11,0.03,0.14,0.7199999999999998,1.0,24080.0,233319.0,-209239.0,7.1,49.0,2,26.6,13.7,33.0,6.0,4.0,2.0,DEF,Spurs,Newcastle,1,2026-08-29T16:30:00Z,13,0.0,2.0
147,Tosin,2,0,0.0,0.0,0.0,0.0,0.0,0.0,0.0,0.0,0.0,0.0,0.0,0.0,0.0,0.0,0.0,0.0,0.0,0.0,0.0,577.0,2894.0,-2317.0,0.2,45.0,2,0.0,0.0,0.0,0.0,0.0,0.0,DEF,Spurs,Newcastle,1,2026-08-29T16:30:00Z,13,0.0,2.0
401,Marmoush,2,2,90.0,0.0,0.0,0.0,2.0,0.0,0.0,0.0,0.0,0.0,0.0,0.0,14.0,7.2,0.17,0.07,0.24,0.72,1.0,116381.0,37914.0,78467.0,2.2,70.0,2,9.2,35.1,28.0,0.0,3.0,1.0,FWD,Spurs,Newcastle,1,2026-08-29T16:30:00Z,13,0.0,2.0
403,Sávio,2,0,0.0,0.0,0.0,0.0,0.0,0.0,0.0,0.0,0.0,0.0,0.0,0.0,0.0,0.0,0.0,0.0,0.0,0.0,0.0,35157.0,40348.0,-5191.0,0.7,65.0,2,0.0,0.0,0.0,0.0,0.0,0.0,MID,Spurs,Newcastle,1,2026-08-29T16:30:00Z,13,0.0,2.0
455,Tonali,2,2,74.0,0.0,0.0,0.0,2.0,0.0,0.0,0.0,0.0,0.0,0.0,0.0,16.0,3.5,0.0499999999999999,0.02,0.07,0.7199999999999998,1.0,16580.0,105143.0,-88563.0,2.8,54.0,2,4.999999999999999,26.300000000000004,4.0,1.0,3.0,0.0,MID,Spurs,Newcastle,1,2026-08-29T16:30:00Z,13,0.0,2.0
494,Vicario,2,0,0.0,0.0,0.0,0.0,0.0,0.0,0.0,0.0,0.0,0.0,0.0,0.0,0.0,0.0,0.0,0.0,0.0,0.0,0.0,0.0,6575.0,-6575.0,0.2,45.0,2,0.0,0.0,0.0,0.0,0.0,0.0,GK,Spurs,Newcastle,1,2026-08-29T16:30:00Z,13,0.0,2.0
495,Austin,2,0,0.0,0.0,0.0,0.0,0.0,0.0,0.0,0.0,0.0,0.0,0.0,0.0,0.0,0.0,0.0,0.0,0.0,0.0,0.0,10111.0,6277.0,3834.0,1.0,40.0,2,0.0,0.0,0.0,0.0,0.0,0.0,GK,Spurs,Newcastle,1,2026-08-29T16:30:00Z,13,0.0,2.0
496,Kinsky,2,1,90.0,0.0,0.0,0.0,2.0,0.0,0.0,0.0,0.0,0.0,0.0,0.0,4.0,0.3999999999999994,0.0,0.0,0.0,0.7199999999999998,1.0,57488.0,281922.0,-224434.0,18.8,45.0,2,3.799999999999997,0.0,0.0,0.0,6.0,0.0,GK,Spurs,Newcastle,1,2026-08-29T16:30:00Z,13,0.0,2.0
497,Dubravka,2,0,0.0,0.0,0.0,0.0,0.0,0.0,0.0,0.0,0.0,0.0,0.0,0.0,0.0,0.0,0.0,0.0,0.0,0.0,0.0,134854.0,127754.0,7100.0,18.3,40.0,2,0.0,0.0,0.0,0.0,0.0,0.0,GK,Spurs,Newcastle,1,2026-08-29T16:30:00Z,13,0.0,2.0
498,Senesi,2,0,0.0,0.0,0.0,0.0,0.0,0.0,0.0,0.0,0.0,0.0,0.0,0.0,0.0,0.0,0.0,0.0,0.0,0.0,0.0,7567.0,201007.0,-193440.0,5.4,59.0,2,0.0,0.0,0.0,0.0,0.0,0.0,DEF,Spurs,Newcastle,1,2026-08-29T16:30:00Z,13,0.0,2.0
499,Pedro Porro,2,1,90.0,0.0,0.0,0.0,2.0,0.0,0.0,0.0,0.0,0.0,0.0,0.0,1.0,3.8,0.33,0.1,0.43,0.72,1.0,54189.0,248995.0,-194806.0,11.3,55.0,2,9.4,7.9,21.0,3.0,2.0,1.0,DEF,Spurs,Newcastle,1,2026-08-29T16:30:00Z,13,0.0,2.0
500,Romero,2,0,0.0,0.0,0.0,0.0,0.0,0.0,0.0,0.0,0.0,0.0,0.0,0.0,0.0,0.0,0.0,0.0,0.0,0.0,0.0,0.0,4317.0,-4317.0,0.1,50.0,2,0.0,0.0,0.0,0.0,0.0,0.0,DEF,Spurs,Newcastle,1,2026-08-29T16:30:00Z,13,0.0,2.0
502,Robertson,2,2,67.0,0.0,0.0,0.0,1.0,0.0,0.0,0.0,0.0,0.0,0.0,0.0,7.0,5.3,0.06,0.02,0.08,0.4799999999999995,1.0,17375.0,64524.0,-47149.0,3.2,45.0,2,11.2,16.8,25.0,2.0,1.0,1.0,DEF,Spurs,Newcastle,1,2026-08-29T16:30:00Z,13,0.0,2.0
503,Van de Ven,2,0,90.0,0.0,0.0,0.0,2.0,0.0,0.0,0.0,1.0,0.0,0.0,0.0,5.0,1.7,0.0,0.02,0.02,0.72,1.0,18557.0,84292.0,-65735.0,3.7,50.0,2,15.2,2.1,0.0,7.0,4.0,1.0,DEF,Spurs,Newcastle,1,2026-08-29T16:30:00Z,13,0.0,2.0
505,Spence,2,0,0.0,0.0,0.0,0.0,0.0,0.0,0.0,0.0,0.0,0.0,0.0,0.0,0.0,0.0,0.0,0.0,0.0,0.0,0.0,0.0,16667.0,-16667.0,0.3,45.0,2,0.0,0.0,0.0,0.0,0.0,0.0,DEF,Spurs,Newcastle,1,2026-08-29T16:30:00Z,13,0.0,2.0
506,Udogie,2,1,22.0,0.0,0.0,0.0,1.0,0.0,0.0,0.0,0.0,0.0,0.0,0.0,2.0,1.9,0.0,0.19,0.19,0.24,0.0,1272.0,7466.0,-6194.0,0.4,45.0,2,5.2,11.5,2.0,0.0,1.0,1.0,DEF,Spurs,Newcastle,1,2026-08-29T16:30:00Z,13,0.0,2.0
507,Phillips,2,0,0.0,0.0,0.0,0.0,0.0,0.0,0.0,0.0,0.0,0.0,0.0,0.0,0.0,0.0,0.0,0.0,0.0,0.0,0.0,0.0,359.0,-359.0,0.0,45.0,2,0.0,0.0,0.0,0.0,0.0,0.0,DEF,Spurs,Newcastle,1,2026-08-29T16:30:00Z,13,0.0,2.0
508,Davies,2,0,0.0,0.0,0.0,0.0,0.0,0.0,0.0,0.0,0.0,0.0,0.0,0.0,0.0,0.0,0.0,0.0,0.0,0.0,0.0,4584.0,12975.0,-8391.0,0.9,40.0,2,0.0,0.0,0.0,0.0,0.0,0.0,DEF,Spurs,Newcastle,1,2026-08-29T16:30:00Z,13,0.0,2.0
509,Byfield,2,0,0.0,0.0,0.0,0.0,0.0,0.0,0.0,0.0,0.0,0.0,0.0,0.0,0.0,0.0,0.0,0.0,0.0,0.0,0.0,732.0,714.0,18.0,0.1,40.0,2,0.0,0.0,0.0,0.0,0.0,0.0,DEF,Spurs,Newcastle,1,2026-08-29T16:30:00Z,13,0.0,2.0
510,Rowswell,2,0,0.0,0.0,0.0,0.0,0.0,0.0,0.0,0.0,0.0,0.0,0.0,0.0,0.0,0.0,0.0,0.0,0.0,0.0,0.0,929.0,1003.0,-74.0,0.1,40.0,2,0.0,0.0,0.0,0.0,0.0,0.0,DEF,Spurs,Newcastle,1,2026-08-29T16:30:00Z,13,0.0,2.0
511,Souza,2,0,0.0,0.0,0.0,0.0,0.0,0.0,0.0,0.0,0.0,0.0,0.0,0.0,0.0,0.0,0.0,0.0,0.0,0.0,0.0,1513.0,6452.0,-4939.0,0.2,40.0,2,0.0,0.0,0.0,0.0,0.0,0.0,DEF,Spurs,Newcastle,1,2026-08-29T16:30:00Z,13,0.0,2.0
512,Kudus,2,1,22.0,0.0,0.0,0.0,1.0,0.0,0.0,0.0,0.0,0.0,0.0,0.0,4.0,1.6,0.04,0.01,0.05,0.24,0.0,4593.0,2349.0,2244.0,0.1,65.0,2,1.2,3.3,11.0,0.0,2.0,0.0,MID,Spurs,Newcastle,1,2026-08-29T16:30:00Z,13,0.0,2.0
513,Xavi,2,0,0.0,0.0,0.0,0.0,0.0,0.0,0.0,0.0,0.0,0.0,0.0,0.0,0.0,0.0,0.0,0.0,0.0,0.0,0.0,87.0,406.0,-319.0,0.0,60.0,2,0.0,0.0,0.0,0.0,0.0,0.0,MID,Spurs,Newcastle,1,2026-08-29T16:30:00Z,13,0.0,2.0
514,Tel,2,2,67.0,0.0,0.0,0.0,1.0,0.0,0.0,0.0,0.0,0.0,0.0,0.0,10.0,4.1,0.14,0.03,0.1699999999999999,0.4799999999999995,1.0,3232.0,21964.0,-18732.0,0.3,59.0,2,3.799999999999999,3.3000000000000007,34.0,0.0,2.0,1.0,MID,Spurs,Newcastle,1,2026-08-29T16:30:00Z,13,0.0,2.0
515,Maddison,2,0,0.0,0.0,0.0,0.0,0.0,0.0,0.0,0.0,0.0,0.0,0.0,0.0,0.0,0.0,0.0,0.0,0.0,0.0,0.0,195.0,47790.0,-47595.0,0.6,64.0,2,0.0,0.0,0.0,0.0,0.0,0.0,MID,Spurs,Newcastle,1,2026-08-29T16:30:00Z,13,0.0,2.0
516,Bentancur,2,2,90.0,0.0,0.0,0.0,2.0,0.0,0.0,0.0,0.0,0.0,0.0,0.0,17.0,2.3,0.0,0.0199999999999999,0.0199999999999999,0.7199999999999998,1.0,951.0,2952.0,-2001.0,0.2,55.0,2,15.4,7.100000000000001,0.0,3.0,6.0,2.0,MID,Spurs,Newcastle,1,2026-08-29T16:30:00Z,13,0.0,2.0
517,Odobert,2,0,0.0,0.0,0.0,0.0,0.0,0.0,0.0,0.0,0.0,0.0,0.0,0.0,0.0,0.0,0.0,0.0,0.0,0.0,0.0,30.0,39.0,-9.0,0.0,55.0,2,0.0,0.0,0.0,0.0,0.0,0.0,MID,Spurs,Newcastle,1,2026-08-29T16:30:00Z,13,0.0,2.0
518,P.M.Sarr,2,0,0.0,0.0,0.0,0.0,0.0,0.0,0.0,0.0,0.0,0.0,0.0,0.0,0.0,0.0,0.0,0.0,0.0,0.0,0.0,4089.0,6934.0,-2845.0,0.1,49.0,2,0.0,0.0,0.0,0.0,0.0,0.0,MID,Spurs,Newcastle,1,2026-08-29T16:30:00Z,13,0.0,2.0
519,Gallagher,2,0,0.0,0.0,0.0,0.0,0.0,0.0,0.0,0.0,0.0,0.0,0.0,0.0,0.0,0.0,0.0,0.0,0.0,0.0,0.0,1237.0,7358.0,-6121.0,0.2,54.0,2,0.0,0.0,0.0,0.0,0.0,0.0,MID,Spurs,Newcastle,1,2026-08-29T16:30:00Z,13,0.0,2.0
520,Bergvall,2,0,0.0,0.0,0.0,0.0,0.0,0.0,0.0,0.0,0.0,0.0,0.0,0.0,0.0,0.0,0.0,0.0,0.0,0.0,0.0,559.0,3807.0,-3248.0,0.2,54.0,2,0.0,0.0,0.0,0.0,0.0,0.0,MID,Spurs,Newcastle,1,2026-08-29T16:30:00Z,13,0.0,2.0
521,Kulusevski,2,0,0.0,0.0,0.0,0.0,0.0,0.0,0.0,0.0,0.0,0.0,0.0,0.0,0.0,0.0,0.0,0.0,0.0,0.0,0.0,92.0,204.0,-112.0,0.0,65.0,2,0.0,0.0,0.0,0.0,0.0,0.0,MID,Spurs,Newcastle,1,2026-08-29T16:30:00Z,13,0.0,2.0
522,Gray,2,2,67.0,0.0,0.0,0.0,1.0,0.0,0.0,0.0,0.0,0.0,0.0,0.0,9.0,0.3,0.0,0.0,0.0,0.48,1.0,2404.0,4430.0,-2026.0,0.2,50.0,2,1.7999999999999998,1.5,0.0,3.0,3.0,0.0,MID,Spurs,Newcastle,1,2026-08-29T16:30:00Z,13,0.0,2.0
523,Moore,2,1,22.0,0.0,0.0,0.0,1.0,0.0,0.0,0.0,0.0,0.0,0.0,0.0,1.0,0.0,0.02,0.0,0.0199999999999999,0.2399999999999997,0.0,1555.0,6866.0,-5311.0,0.1,50.0,2,0.0,0.3999999999999994,1.0,0.0,1.0,0.0,MID,Spurs,Newcastle,1,2026-08-29T16:30:00Z,13,0.0,2.0
524,Olusesi,2,0,0.0,0.0,0.0,0.0,0.0,0.0,0.0,0.0,0.0,0.0,0.0,0.0,0.0,0.0,0.0,0.0,0.0,0.0,0.0,1716.0,10412.0,-8696.0,0.7,45.0,2,0.0,0.0,0.0,0.0,0.0,0.0,MID,Spurs,Newcastle,1,2026-08-29T16:30:00Z,13,0.0,2.0
525,Fernandes,2,2,90.0,0.0,0.0,0.0,2.0,0.0,0.0,0.0,0.0,0.0,0.0,0.0,18.0,6.1,0.01,0.17,0.18,0.7199999999999998,1.0,5830.0,47572.0,-41742.0,1.2,59.0,2,14.0,46.3,1.0,0.0,5.0,3.0,MID,Spurs,Newcastle,1,2026-08-29T16:30:00Z,13,0.0,2.0
526,Solanke,2,1,15.0,0.0,0.0,0.0,0.0,0.0,0.0,0.0,0.0,0.0,0.0,0.0,6.0,1.0,0.2,0.0,0.2,0.0,0.0,9761.0,38713.0,-28952.0,1.0,59.0,2,3.2,0.3,6.0,0.0,0.0,0.0,FWD,Spurs,Newcastle,1,2026-08-29T16:30:00Z,13,0.0,2.0
527,Richarlison,2,0,0.0,0.0,0.0,0.0,0.0,0.0,0.0,0.0,0.0,0.0,0.0,0.0,0.0,0.0,0.0,0.0,0.0,0.0,0.0,9289.0,135968.0,-126679.0,1.5,59.0,2,0.0,0.0,0.0,0.0,0.0,0.0,FWD,Spurs,Newcastle,1,2026-08-29T16:30:00Z,13,0.0,2.0
528,Scarlett,2,0,0.0,0.0,0.0,0.0,0.0,0.0,0.0,0.0,0.0,0.0,0.0,0.0,0.0,0.0,0.0,0.0,0.0,0.0,0.0,31185.0,36716.0,-5531.0,1.7,45.0,2,0.0,0.0,0.0,0.0,0.0,0.0,FWD,Spurs,Newcastle,1,2026-08-29T16:30:00Z,13,0.0,2.0
578,Mudryk,2,0,0.0,0.0,0.0,0.0,0.0,0.0,0.0,0.0,0.0,0.0,0.0,0.0,0.0,0.0,0.0,0.0,0.0,0.0,0.0,3526.0,1755.0,1771.0,0.1,54.0,2,0.0,0.0,0.0,0.0,0.0,0.0,MID,Spurs,Newcastle,1,2026-08-29T16:30:00Z,13,0.0,2.0
601,Williams-Barnett,2,0,0.0,0.0,0.0,0.0,0.0,0.0,0.0,0.0,0.0,0.0,0.0,0.0,0.0,0.0,0.0,0.0,0.0,0.0,0.0,4738.0,2229.0,2509.0,0.1,45.0,2,0.0,0.0,0.0,0.0,0.0,0.0,MID,Spurs,Newcastle,1,2026-08-29T16:30:00Z,13,0.0,2.0
501,Danso,2,0,0.0,0.0,0.0,0.0,0.0,0.0,0.0,0.0,0.0,0.0,0.0,0.0,0.0,0.0,0.0,0.0,0.0,0.0,0.0,1374.0,3635.0,-2261.0,0.2,50.0,2,0.0,0.0,0.0,0.0,0.0,0.0,DEF,Sunderland,Fulham,1,2026-08-30T13:00:00Z,20,1.0,0.0
529,Roefs,2,6,90.0,0.0,0.0,1.0,0.0,0.0,0.0,0.0,0.0,0.0,0.0,0.0,22.0,0.3999999999999999,0.0,0.0,0.0,0.95,1.0,11043.0,54476.0,-43433.0,3.3,50.0,2,4.0,0.0,0.0,2.0,7.0,0.0,GK,Sunderland,Fulham,1,2026-08-30T13:00:00Z,20,1.0,0.0
530,Patterson,2,0,0.0,0.0,0.0,0.0,0.0,0.0,0.0,0.0,0.0,0.0,0.0,0.0,0.0,0.0,0.0,0.0,0.0,0.0,0.0,0.0,1762.0,-1762.0,0.1,40.0,2,0.0,0.0,0.0,0.0,0.0,0.0,GK,Sunderland,Fulham,1,2026-08-30T13:00:00Z,20,1.0,0.0
531,Ellborg,2,0,0.0,0.0,0.0,0.0,0.0,0.0,0.0,0.0,0.0,0.0,0.0,0.0,0.0,0.0,0.0,0.0,0.0,0.0,0.0,429.0,1074.0,-645.0,0.1,45.0,2,0.0,0.0,0.0,0.0,0.0,0.0,GK,Sunderland,Fulham,1,2026-08-30T13:00:00Z,20,1.0,0.0
532,Ballard,2,8,90.0,0.0,0.0,1.0,0.0,0.0,0.0,0.0,0.0,0.0,0.0,0.0,27.0,3.2,0.03,0.0,0.03,0.95,1.0,17968.0,101868.0,-83900.0,3.9,50.0,2,23.6,1.2,7.0,9.0,1.0,1.0,DEF,Sunderland,Fulham,1,2026-08-30T13:00:00Z,20,1.0,0.0
533,Mukiele,2,9,90.0,0.0,0.0,1.0,0.0,0.0,0.0,0.0,0.0,0.0,0.0,1.0,28.0,5.3,0.0,0.01,0.01,0.95,1.0,22026.0,33257.0,-11231.0,2.4,55.0,2,42.6,8.0,2.0,17.0,4.0,2.0,DEF,Sunderland,Fulham,1,2026-08-30T13:00:00Z,20,1.0,0.0
538,Hjelde,2,0,0.0,0.0,0.0,0.0,0.0,0.0,0.0,0.0,0.0,0.0,0.0,0.0,0.0,0.0,0.0,0.0,0.0,0.0,0.0,0.0,748.0,-748.0,0.0,40.0,2,0.0,0.0,0.0,0.0,0.0,0.0,DEF,Sunderland,Fulham,1,2026-08-30T13:00:00Z,20,1.0,0.0
539,O'Nien,2,0,0.0,0.0,0.0,0.0,0.0,0.0,0.0,0.0,0.0,0.0,0.0,0.0,0.0,0.0,0.0,0.0,0.0,0.0,0.0,5789.0,35780.0,-29991.0,3.0,40.0,2,0.0,0.0,0.0,0.0,0.0,0.0,DEF,Sunderland,Fulham,1,2026-08-30T13:00:00Z,20,1.0,0.0
540,Masuaku,2,0,0.0,0.0,0.0,0.0,0.0,0.0,0.0,0.0,0.0,0.0,0.0,0.0,0.0,0.0,0.0,0.0,0.0,0.0,0.0,0.0,3465.0,-3465.0,0.2,40.0,2,0.0,0.0,0.0,0.0,0.0,0.0,DEF,Sunderland,Fulham,1,2026-08-30T13:00:00Z,20,1.0,0.0
541,Meunier,2,6,90.0,0.0,0.0,1.0,0.0,0.0,0.0,0.0,0.0,0.0,0.0,0.0,27.0,5.199999999999999,0.02,0.05,0.07,0.95,1.0,2796.0,2639.0,157.0,0.3,45.0,2,22.6,20.0,9.0,8.0,5.0,0.0,DEF,Sunderland,Fulham,1,2026-08-30T13:00:00Z,20,1.0,0.0
544,Xhaka,2,6,90.0,0.0,0.0,1.0,0.0,0.0,0.0,0.0,0.0,0.0,0.0,3.0,29.0,7.800000000000001,0.0,0.36,0.36,0.95,1.0,53342.0,49736.0,3606.0,4.6,55.0,2,20.4,57.9,0.0,1.0,6.0,0.0,MID,Sunderland,Fulham,1,2026-08-30T13:00:00Z,20,1.0,0.0
545,Sadiki,2,3,90.0,0.0,0.0,1.0,0.0,0.0,0.0,0.0,0.0,0.0,0.0,0.0,21.0,3.2,0.02,0.02,0.04,0.95,1.0,2063.0,5485.0,-3422.0,0.3,50.0,2,18.4,7.799999999999997,6.0,6.0,2.0,3.0,MID,Sunderland,Fulham,1,2026-08-30T13:00:00Z,20,1.0,0.0
546,Adingra,2,0,0.0,0.0,0.0,0.0,0.0,0.0,0.0,0.0,0.0,0.0,0.0,0.0,0.0,0.0,0.0,0.0,0.0,0.0,0.0,192.0,2337.0,-2145.0,0.0,49.0,2,0.0,0.0,0.0,0.0,0.0,0.0,MID,Sunderland,Fulham,1,2026-08-30T13:00:00Z,20,1.0,0.0
550,Jocelin.T,2,0,0.0,0.0,0.0,0.0,0.0,0.0,0.0,0.0,0.0,0.0,0.0,0.0,0.0,0.0,0.0,0.0,0.0,0.0,0.0,84.0,116.0,-32.0,0.0,50.0,2,0.0,0.0,0.0,0.0,0.0,0.0,MID,Sunderland,Fulham,1,2026-08-30T13:00:00Z,20,1.0,0.0
534,Hume,2,6,90.0,0.0,0.0,1.0,0.0,0.0,0.0,0.0,0.0,0.0,0.0,0.0,24.0,3.999999999999999,0.0,0.01,0.01,0.9500000000000002,1.0,19979.0,90783.0,-70804.0,5.1,45.0,2,18.6,19.1,2.0,2.0,4.0,4.0,DEF,Sunderland,Fulham,1,2026-08-30T13:00:00Z,20,1.0,0.0
535,Alderete,2,0,0.0,0.0,0.0,0.0,0.0,0.0,0.0,0.0,0.0,0.0,0.0,0.0,0.0,0.0,0.0,0.0,0.0,0.0,0.0,1747.0,11194.0,-9447.0,0.3,50.0,2,0.0,0.0,0.0,0.0,0.0,0.0,DEF,Sunderland,Fulham,1,2026-08-30T13:00:00Z,20,1.0,0.0
536,Reinildo,2,6,90.0,0.0,0.0,1.0,0.0,0.0,0.0,0.0,0.0,0.0,0.0,0.0,26.0,2.4000000000000004,0.0,0.01,0.01,0.95,1.0,2133.0,5026.0,-2893.0,0.4,45.0,2,16.4,6.0,2.0,6.0,3.0,1.0,DEF,Sunderland,Fulham,1,2026-08-30T13:00:00Z,20,1.0,0.0
537,Seelt,2,0,0.0,0.0,0.0,0.0,0.0,0.0,0.0,0.0,0.0,0.0,0.0,0.0,0.0,0.0,0.0,0.0,0.0,0.0,0.0,9.0,374.0,-365.0,0.0,45.0,2,0.0,0.0,0.0,0.0,0.0,0.0,DEF,Sunderland,Fulham,1,2026-08-30T13:00:00Z,20,1.0,0.0
542,E.Le Fée,2,3,89.0,0.0,0.0,1.0,0.0,0.0,0.0,0.0,0.0,0.0,0.0,0.0,13.0,5.5,0.37,0.17,0.5399999999999999,0.8599999999999999,1.0,9630.0,282208.0,-272578.0,5.5,59.0,2,3.4000000000000004,21.200000000000003,30.0,1.0,4.0,1.0,MID,Sunderland,Fulham,1,2026-08-30T13:00:00Z,20,1.0,0.0
543,Diarra,2,4,18.0,0.0,1.0,0.0,0.0,0.0,0.0,0.0,0.0,0.0,0.0,0.0,15.0,2.6,0.0,0.16,0.16,0.0199999999999999,0.0,232.0,2485.0,-2253.0,0.0,55.0,2,15.2,10.3,0.0,0.0,0.0,0.0,MID,Sunderland,Fulham,1,2026-08-30T13:00:00Z,20,1.0,0.0
547,Mundle,2,1,1.0,0.0,0.0,0.0,0.0,0.0,0.0,0.0,0.0,0.0,0.0,0.0,2.0,2.5,0.17,0.0,0.17,0.09,0.0,87.0,145.0,-58.0,0.0,50.0,2,8.0,0.1,17.0,1.0,0.0,0.0,MID,Sunderland,Fulham,1,2026-08-30T13:00:00Z,20,1.0,0.0
548,Rigg,2,1,7.0,0.0,0.0,0.0,0.0,0.0,0.0,0.0,0.0,0.0,0.0,0.0,3.0,0.0,0.0,0.0,0.0,0.3399999999999999,0.0,148.0,969.0,-821.0,0.1,50.0,2,0.0,0.0,0.0,0.0,0.0,0.0,MID,Sunderland,Fulham,1,2026-08-30T13:00:00Z,20,1.0,0.0
549,Talbi,2,0,0.0,0.0,0.0,0.0,0.0,0.0,0.0,0.0,0.0,0.0,0.0,0.0,0.0,0.0,0.0,0.0,0.0,0.0,0.0,455.0,4628.0,-4173.0,0.2,54.0,2,0.0,0.0,0.0,0.0,0.0,0.0,MID,Sunderland,Fulham,1,2026-08-30T13:00:00Z,20,1.0,0.0
551,N.Angulo,2,3,64.0,0.0,0.0,1.0,0.0,0.0,0.0,0.0,0.0,0.0,0.0,0.0,13.0,2.3999999999999995,0.0,0.04,0.04,0.5800000000000003,1.0,5679.0,3310.0,2369.0,0.1,50.0,2,7.200000000000003,16.7,0.0,0.0,4.0,1.0,MID,Sunderland,Fulham,1,2026-08-30T13:00:00Z,20,1.0,0.0
552,Brobbey,2,2,63.0,0.0,0.0,1.0,0.0,0.0,0.0,0.0,0.0,0.0,0.0,0.0,5.0,0.7,0.03,0.0,0.03,0.5800000000000001,1.0,33697.0,369807.0,-336110.0,8.8,59.0,2,0.0,2.8,6.0,1.0,3.0,0.0,FWD,Sunderland,Fulham,1,2026-08-30T13:00:00Z,20,1.0,0.0
553,Isidor,2,8,26.0,1.0,0.0,0.0,0.0,0.0,0.0,0.0,0.0,0.0,0.0,3.0,29.0,5.4,1.39,0.0,1.39,0.37,0.0,35935.0,16945.0,18990.0,1.1,55.0,2,29.2,0.0999999999999999,25.0,0.0,0.0,0.0,FWD,Sunderland,Fulham,1,2026-08-30T13:00:00Z,20,1.0,0.0
612,Methalie,2,0,0.0,0.0,0.0,0.0,0.0,0.0,0.0,0.0,0.0,0.0,0.0,0.0,0.0,0.0,0.0,0.0,0.0,0.0,0.0,378.0,113.0,265.0,0.0,45.0,2,0.0,0.0,0.0,0.0,0.0,0.0,DEF,Sunderland,Fulham,1,2026-08-30T13:00:00Z,20,1.0,0.0
613,Ahoka,2,0,0.0,0.0,0.0,0.0,0.0,0.0,0.0,0.0,0.0,0.0,0.0,0.0,0.0,0.0,0.0,0.0,0.0,0.0,0.0,14207.0,4477.0,9730.0,0.3,45.0,2,0.0,0.0,0.0,0.0,0.0,0.0,MID,Sunderland,Fulham,1,2026-08-30T13:00:00Z,20,1.0,0.0
646,Fofana,2,0,0.0,0.0,0.0,0.0,0.0,0.0,0.0,0.0,0.0,0.0,0.0,0.0,0.0,0.0,0.0,0.0,0.0,0.0,0.0,2048.0,238.0,1810.0,0.0,55.0,2,0.0,0.0,0.0,0.0,0.0,0.0,MID,Sunderland,Fulham,1,2026-08-30T13:00:00Z,20,1.0,0.0
651,J.Angulo,2,0,0.0,0.0,0.0,0.0,0.0,0.0,0.0,0.0,0.0,0.0,0.0,0.0,0.0,0.0,0.0,0.0,0.0,0.0,0.0,15620.0,1794.0,13826.0,0.2,45.0,2,0.0,0.0,0.0,0.0,0.0,0.0,FWD,Sunderland,Fulham,1,2026-08-30T13:00:00Z,20,1.0,0.0
10,White,3,2,90.0,0.0,0.0,0.0,1.0,0.0,0.0,0.0,0.0,0.0,0.0,0.0,11.0,3.1,0.0,0.0299999999999999,0.0299999999999999,0.39,1.0,115578.0,110587.0,4991.0,7.6,55.0,3,15.800000000000004,5.100000000000001,10.0,4.0,4.0,2.0,DEF,Arsenal,Chelsea,1,2026-09-06T15:30:00Z,30,2.0,1.0
17,Merino,3,0,13.0,0.0,0.0,0.0,0.0,0.0,0.0,0.0,1.0,0.0,0.0,0.0,0.0,0.1,0.0,0.0,0.0,0.11,0.0,1846.0,9489.0,-7643.0,0.4,58.0,3,0.0,1.0999999999999996,0.0,0.0,0.0,0.0,MID,Arsenal,Chelsea,1,2026-09-06T15:30:00Z,30,2.0,1.0
618,Goretzka,3,0,0.0,0.0,0.0,0.0,0.0,0.0,0.0,0.0,0.0,0.0,0.0,0.0,0.0,0.0,0.0,0.0,0.0,0.0,0.0,912.0,2007.0,-1095.0,0.0,60.0,3,0.0,0.0,0.0,0.0,0.0,0.0,MID,Aston Villa,Hull City,0,2026-09-05T16:30:00Z,21,0.0,0.0
606,Rowe,3,0,0.0,0.0,0.0,0.0,0.0,0.0,0.0,0.0,0.0,0.0,0.0,0.0,0.0,0.0,0.0,0.0,0.0,0.0,0.0,2781.0,1673.0,1108.0,0.2,40.0,3,0.0,0.0,0.0,0.0,0.0,0.0,DEF,Aston Villa,Hull City,0,2026-09-05T16:30:00Z,21,0.0,0.0
630,Harwood-Bellis,3,0,0.0,0.0,0.0,0.0,0.0,0.0,0.0,0.0,0.0,0.0,0.0,0.0,0.0,0.0,0.0,0.0,0.0,0.0,0.0,631.0,258.0,373.0,0.0,45.0,3,0.0,0.0,0.0,0.0,0.0,0.0,DEF,Aston Villa,Hull City,0,2026-09-05T16:30:00Z,21,0.0,0.0
631,Mbaye,3,0,0.0,0.0,0.0,0.0,0.0,0.0,0.0,0.0,0.0,0.0,0.0,0.0,0.0,0.0,0.0,0.0,0.0,0.0,0.0,2739.0,1498.0,1241.0,0.1,60.0,3,0.0,0.0,0.0,0.0,0.0,0.0,MID,Aston Villa,Hull City,0,2026-09-05T16:30:00Z,21,0.0,0.0
59,Dennis,3,0,0.0,0.0,0.0,0.0,0.0,0.0,0.0,0.0,0.0,0.0,0.0,0.0,0.0,0.0,0.0,0.0,0.0,0.0,0.0,0.0,1536.0,-1536.0,0.1,40.0,3,0.0,0.0,0.0,0.0,0.0,0.0,GK,Bournemouth,Newcastle,0,2026-09-05T11:30:00Z,24,2.0,2.0
60,Hill,3,1,90.0,0.0,0.0,0.0,2.0,0.0,0.0,0.0,0.0,0.0,0.0,0.0,4.0,5.000000000000001,0.0,0.02,0.02,0.71,1.0,7426.0,9934.0,-2508.0,0.8,55.0,3,16.799999999999997,31.5,2.0,6.0,1.0,0.0,DEF,Bournemouth,Newcastle,0,2026-09-05T11:30:00Z,24,2.0,2.0
61,Truffert,3,0,90.0,0.0,0.0,0.0,2.0,0.0,0.0,0.0,1.0,0.0,0.0,0.0,-3.0,2.8,0.01,0.06,0.07,0.71,1.0,11688.0,43438.0,-31750.0,3.4,55.0,3,10.199999999999996,15.700000000000005,2.0,3.0,5.0,3.0,DEF,Bournemouth,Newcastle,0,2026-09-05T11:30:00Z,24,2.0,2.0
63,Milosavljević,3,0,0.0,0.0,0.0,0.0,0.0,0.0,0.0,0.0,0.0,0.0,0.0,0.0,0.0,0.0,0.0,0.0,0.0,0.0,0.0,68.0,156.0,-88.0,0.0,50.0,3,0.0,0.0,0.0,0.0,0.0,0.0,DEF,Bournemouth,Newcastle,0,2026-09-05T11:30:00Z,24,2.0,2.0
64,Smith,3,0,90.0,0.0,0.0,0.0,2.0,0.0,0.0,0.0,1.0,0.0,0.0,0.0,3.0,3.9,0.01,0.0399999999999999,0.05,0.71,1.0,1396.0,1649.0,-253.0,0.1,45.0,3,9.6,25.3,4.0,3.0,6.0,1.0,DEF,Bournemouth,Newcastle,0,2026-09-05T11:30:00Z,24,2.0,2.0
65,J.Araujo,3,0,0.0,0.0,0.0,0.0,0.0,0.0,0.0,0.0,0.0,0.0,0.0,0.0,0.0,0.0,0.0,0.0,0.0,0.0,0.0,96.0,216.0,-120.0,0.0,44.0,3,0.0,0.0,0.0,0.0,0.0,0.0,DEF,Bournemouth,Newcastle,0,2026-09-05T11:30:00Z,24,2.0,2.0
66,Soler,3,0,0.0,0.0,0.0,0.0,0.0,0.0,0.0,0.0,0.0,0.0,0.0,0.0,0.0,0.0,0.0,0.0,0.0,0.0,0.0,3998.0,2575.0,1423.0,0.3,40.0,3,0.0,0.0,0.0,0.0,0.0,0.0,DEF,Bournemouth,Newcastle,0,2026-09-05T11:30:00Z,24,2.0,2.0
67,Rayan,3,2,88.0,0.0,0.0,0.0,2.0,0.0,0.0,0.0,0.0,0.0,0.0,0.0,8.0,1.3000000000000007,0.0399999999999999,0.0099999999999999,0.05,0.6599999999999997,1.0,7902.0,39671.0,-31769.0,1.9,64.0,3,1.599999999999998,0.8999999999999986,10.0,1.0,0.0,1.0,MID,Bournemouth,Newcastle,0,2026-09-05T11:30:00Z,24,2.0,2.0
68,Tavernier,3,10,88.0,1.0,0.0,0.0,2.0,0.0,0.0,0.0,0.0,0.0,0.0,3.0,43.0,13.7,1.01,0.05,1.06,0.6600000000000001,1.0,161770.0,47544.0,114226.0,3.8,60.0,3,46.6,13.200000000000005,77.0,0.0,8.0,1.0,MID,Bournemouth,Newcastle,0,2026-09-05T11:30:00Z,24,2.0,2.0
69,Scott,3,10,90.0,0.0,2.0,0.0,2.0,0.0,0.0,0.0,0.0,0.0,0.0,2.0,37.0,4.800000000000001,0.07,0.0199999999999999,0.0899999999999999,0.71,1.0,360534.0,54822.0,305712.0,5.9,61.0,3,13.400000000000006,22.9,12.0,5.0,6.0,0.0,MID,Bournemouth,Newcastle,0,2026-09-05T11:30:00Z,24,2.0,2.0
37,Lindelöf,3,6,90.0,0.0,0.0,1.0,0.0,0.0,0.0,0.0,0.0,0.0,0.0,0.0,28.0,4.9,0.0,0.08,0.08,0.5700000000000003,1.0,4621.0,1987.0,2634.0,0.3,45.0,3,22.4,24.9,2.0,4.0,3.0,0.0,DEF,Aston Villa,Hull City,0,2026-09-05T16:30:00Z,21,0.0,0.0
70,Kluivert,3,1,75.0,0.0,0.0,0.0,1.0,0.0,0.0,0.0,1.0,0.0,0.0,0.0,6.0,0.200000000000001,0.06,0.0099999999999999,0.0699999999999999,0.48,1.0,7940.0,19491.0,-11551.0,1.0,60.0,3,0.0,2.0,3.0,0.0,3.0,1.0,MID,Bournemouth,Newcastle,0,2026-09-05T11:30:00Z,24,2.0,2.0
71,Cook,3,1,14.0,0.0,0.0,0.0,1.0,0.0,0.0,0.0,0.0,0.0,0.0,0.0,2.0,0.0,0.0,0.0,0.0,0.2299999999999999,0.0,2065.0,3306.0,-1241.0,0.2,50.0,3,0.0,0.2999999999999989,0.0,1.0,0.0,0.0,MID,Bournemouth,Newcastle,0,2026-09-05T11:30:00Z,24,2.0,2.0
72,Gannon-Doak,3,1,1.0,0.0,0.0,0.0,0.0,0.0,0.0,0.0,0.0,0.0,0.0,0.0,3.0,0.8,0.02,0.0,0.02,0.0499999999999999,0.0,378.0,987.0,-609.0,0.1,49.0,3,2.0,0.5,5.0,0.0,1.0,1.0,MID,Bournemouth,Newcastle,0,2026-09-05T11:30:00Z,24,2.0,2.0
73,Adams,3,4,75.0,0.0,0.0,0.0,1.0,0.0,0.0,0.0,0.0,0.0,0.0,0.0,15.0,2.4000000000000004,0.0,0.01,0.01,0.48,1.0,5339.0,3401.0,1938.0,0.3,50.0,3,12.2,11.5,0.0,1.0,8.0,3.0,MID,Bournemouth,Newcastle,0,2026-09-05T11:30:00Z,24,2.0,2.0
74,Brooks,3,1,14.0,0.0,0.0,0.0,1.0,0.0,0.0,0.0,0.0,0.0,0.0,0.0,2.0,0.0,0.0,0.0,0.0,0.23,0.0,742.0,817.0,-75.0,0.1,50.0,3,0.0,0.0,0.0,0.0,0.0,0.0,MID,Bournemouth,Newcastle,0,2026-09-05T11:30:00Z,24,2.0,2.0
18,Martinelli,3,0,0.0,0.0,0.0,0.0,0.0,0.0,0.0,0.0,0.0,0.0,0.0,0.0,0.0,0.0,0.0,0.0,0.0,0.0,0.0,0.0,6042.0,-6042.0,0.1,63.0,3,0.0,0.0,0.0,0.0,0.0,0.0,MID,Arsenal,Chelsea,1,2026-09-06T15:30:00Z,30,2.0,1.0
39,Nedeljkovic,3,0,0.0,0.0,0.0,0.0,0.0,0.0,0.0,0.0,0.0,0.0,0.0,0.0,0.0,0.0,0.0,0.0,0.0,0.0,0.0,0.0,2105.0,-2105.0,0.1,40.0,3,0.0,0.0,0.0,0.0,0.0,0.0,DEF,Aston Villa,Hull City,0,2026-09-05T16:30:00Z,21,0.0,0.0
75,Christie,3,1,1.0,0.0,0.0,0.0,0.0,0.0,0.0,0.0,0.0,0.0,0.0,0.0,3.0,0.0,0.0,0.0,0.0,0.0,0.0,1021.0,532.0,489.0,0.0,50.0,3,0.0,0.0,0.0,0.0,0.0,0.0,MID,Bournemouth,Newcastle,0,2026-09-05T11:30:00Z,24,2.0,2.0
76,Tóth.A,3,0,0.0,0.0,0.0,0.0,0.0,0.0,0.0,0.0,0.0,0.0,0.0,0.0,0.0,0.0,0.0,0.0,0.0,0.0,0.0,67.0,195.0,-128.0,0.0,50.0,3,0.0,0.0,0.0,0.0,0.0,0.0,MID,Bournemouth,Newcastle,0,2026-09-05T11:30:00Z,24,2.0,2.0
77,Adli,3,0,0.0,0.0,0.0,0.0,0.0,0.0,0.0,0.0,0.0,0.0,0.0,0.0,0.0,0.0,0.0,0.0,0.0,0.0,0.0,50.0,317.0,-267.0,0.0,49.0,3,0.0,0.0,0.0,0.0,0.0,0.0,MID,Bournemouth,Newcastle,0,2026-09-05T11:30:00Z,24,2.0,2.0
79,Evanilson,3,2,90.0,0.0,0.0,0.0,2.0,0.0,0.0,0.0,0.0,0.0,0.0,0.0,4.0,2.9000000000000004,0.13,0.01,0.14,0.7100000000000004,1.0,45630.0,42654.0,2976.0,3.3,60.0,3,3.200000000000003,5.100000000000001,21.0,4.0,3.0,0.0,FWD,Bournemouth,Newcastle,0,2026-09-05T11:30:00Z,24,2.0,2.0
30,Digne,3,0,0.0,0.0,0.0,0.0,0.0,0.0,0.0,0.0,0.0,0.0,0.0,0.0,0.0,0.0,0.0,0.0,0.0,0.0,0.0,0.0,902.0,-902.0,0.1,45.0,3,0.0,0.0,0.0,0.0,0.0,0.0,DEF,Aston Villa,Hull City,0,2026-09-05T16:30:00Z,21,0.0,0.0
80,Enes Ünal,3,0,0.0,0.0,0.0,0.0,0.0,0.0,0.0,0.0,0.0,0.0,0.0,0.0,0.0,0.0,0.0,0.0,0.0,0.0,0.0,0.0,213.0,-213.0,0.0,55.0,3,0.0,0.0,0.0,0.0,0.0,0.0,FWD,Bournemouth,Newcastle,0,2026-09-05T11:30:00Z,24,2.0,2.0
81,Rodríguez,3,0,0.0,0.0,0.0,0.0,0.0,0.0,0.0,0.0,0.0,0.0,0.0,0.0,0.0,0.0,0.0,0.0,0.0,0.0,0.0,1190.0,1586.0,-396.0,0.1,60.0,3,0.0,0.0,0.0,0.0,0.0,0.0,FWD,Bournemouth,Newcastle,0,2026-09-05T11:30:00Z,24,2.0,2.0
566,Silva,3,1,90.0,0.0,0.0,0.0,2.0,0.0,0.0,0.0,0.0,0.0,0.0,0.0,8.0,4.199999999999999,0.02,0.01,0.0299999999999999,0.71,1.0,5200.0,5667.0,-467.0,0.4,50.0,3,23.8,1.1999999999999995,17.0,7.0,2.0,1.0,DEF,Bournemouth,Newcastle,0,2026-09-05T11:30:00Z,24,2.0,2.0
573,Sanchez,3,0,0.0,0.0,0.0,0.0,0.0,0.0,0.0,0.0,0.0,0.0,0.0,0.0,0.0,0.0,0.0,0.0,0.0,0.0,0.0,269.0,1515.0,-1246.0,0.2,45.0,3,0.0,0.0,0.0,0.0,0.0,0.0,DEF,Bournemouth,Newcastle,0,2026-09-05T11:30:00Z,24,2.0,2.0
608,Jebbison,3,1,1.0,0.0,0.0,0.0,0.0,0.0,0.0,0.0,0.0,0.0,0.0,0.0,4.0,0.0,0.0,0.0,0.0,0.0499999999999999,0.0,3212.0,1787.0,1425.0,0.1,50.0,3,0.0,0.0,0.0,0.0,0.0,0.0,FWD,Bournemouth,Newcastle,0,2026-09-05T11:30:00Z,24,2.0,2.0
615,Di Gregorio,3,0,0.0,0.0,0.0,0.0,0.0,0.0,0.0,0.0,0.0,0.0,0.0,0.0,0.0,0.0,0.0,0.0,0.0,0.0,0.0,720.0,504.0,216.0,0.0,45.0,3,0.0,0.0,0.0,0.0,0.0,0.0,GK,Bournemouth,Newcastle,0,2026-09-05T11:30:00Z,24,2.0,2.0
82,Kelleher,3,2,90.0,0.0,0.0,0.0,1.0,0.0,0.0,0.0,0.0,0.0,2.0,0.0,10.0,1.7000000000000002,0.0,0.0,0.0,1.7100000000000004,1.0,33376.0,54665.0,-21289.0,6.6,50.0,3,16.800000000000004,0.0,0.0,2.0,6.0,0.0,GK,Brentford,Sunderland,1,2026-09-05T14:00:00Z,25,1.0,1.0
83,Valdimarsson,3,0,0.0,0.0,0.0,0.0,0.0,0.0,0.0,0.0,0.0,0.0,0.0,0.0,0.0,0.0,0.0,0.0,0.0,0.0,0.0,593.0,1008.0,-415.0,0.1,45.0,3,0.0,0.0,0.0,0.0,0.0,0.0,GK,Brentford,Sunderland,1,2026-09-05T14:00:00Z,25,1.0,1.0
7,Lewis-Skelly,3,2,66.0,0.0,0.0,0.0,1.0,0.0,0.0,0.0,0.0,0.0,0.0,0.0,5.0,1.0,0.03,0.1,0.13,0.26,1.0,6666.0,10486.0,-3820.0,0.7,55.0,3,0.0,12.699999999999996,4.0,0.0,2.0,0.0,MID,Arsenal,Chelsea,1,2026-09-06T15:30:00Z,30,2.0,1.0
51,George Hemmings,3,3,74.0,0.0,0.0,1.0,0.0,0.0,0.0,0.0,0.0,0.0,0.0,0.0,12.0,4.5,0.07,0.1399999999999999,0.21,0.2199999999999997,1.0,49852.0,21176.0,28676.0,1.3,45.0,3,10.8,13.499999999999998,21.0,2.0,4.0,1.0,MID,Aston Villa,Hull City,0,2026-09-05T16:30:00Z,21,0.0,0.0
84,Collins,3,1,16.0,0.0,0.0,0.0,0.0,0.0,0.0,0.0,0.0,0.0,0.0,0.0,4.0,0.0999999999999996,0.0,0.0,0.0,0.1,1.0,1717.0,72314.0,-70597.0,1.4,55.0,3,1.0,0.0,0.0,1.0,0.0,0.0,DEF,Brentford,Sunderland,1,2026-09-05T14:00:00Z,25,1.0,1.0
85,Van den Berg,3,0,0.0,0.0,0.0,0.0,0.0,0.0,0.0,0.0,0.0,0.0,0.0,0.0,0.0,0.0,0.0,0.0,0.0,0.0,0.0,70.0,1215.0,-1145.0,0.1,49.0,3,0.0,0.0,0.0,0.0,0.0,0.0,DEF,Brentford,Sunderland,1,2026-09-05T14:00:00Z,25,1.0,1.0
86,Lewis-Potter,3,2,90.0,0.0,0.0,0.0,1.0,0.0,0.0,0.0,0.0,0.0,0.0,0.0,4.0,7.499999999999998,0.24,0.4,0.6399999999999999,1.7100000000000004,1.0,25877.0,30538.0,-4661.0,2.1,55.0,3,8.200000000000003,45.1,22.0,4.0,1.0,1.0,MID,Brentford,Sunderland,1,2026-09-05T14:00:00Z,25,1.0,1.0
87,Ajer,3,2,90.0,0.0,0.0,0.0,1.0,0.0,0.0,0.0,0.0,0.0,0.0,0.0,8.0,1.200000000000001,0.0,0.0,0.0,1.7100000000000004,1.0,52000.0,95349.0,-43349.0,4.6,45.0,3,11.799999999999995,0.3000000000000007,0.0,5.0,2.0,0.0,DEF,Brentford,Sunderland,1,2026-09-05T14:00:00Z,25,1.0,1.0
88,Kayode,3,1,45.0,0.0,0.0,0.0,0.0,0.0,0.0,0.0,0.0,0.0,0.0,0.0,2.0,1.0,0.03,0.0,0.03,0.3499999999999998,1.0,50076.0,104245.0,-54169.0,8.8,46.0,3,7.599999999999994,0.3000000000000007,2.0,5.0,2.0,0.0,DEF,Brentford,Sunderland,1,2026-09-05T14:00:00Z,25,1.0,1.0
90,Hickey,3,1,45.0,0.0,0.0,0.0,1.0,0.0,0.0,0.0,0.0,0.0,0.0,0.0,0.0,0.8999999999999999,0.0,0.0,0.0,1.36,0.0,301.0,682.0,-381.0,0.1,45.0,3,7.6,1.0,0.0,4.0,2.0,1.0,DEF,Brentford,Sunderland,1,2026-09-05T14:00:00Z,25,1.0,1.0
93,Schuster,3,4,73.0,0.0,0.0,0.0,1.0,0.0,0.0,0.0,0.0,0.0,0.0,0.0,11.0,2.1,0.1,0.01,0.11,1.61,0.0,787.0,682.0,105.0,0.1,45.0,3,17.2,0.2,4.0,10.0,0.0,0.0,DEF,Brentford,Sunderland,1,2026-09-05T14:00:00Z,25,1.0,1.0
94,Schade,3,2,90.0,0.0,0.0,0.0,1.0,0.0,0.0,0.0,0.0,0.0,0.0,0.0,11.0,2.5,0.0,0.17,0.1699999999999999,1.7100000000000004,1.0,29032.0,80598.0,-51566.0,3.6,60.0,3,4.0,13.300000000000004,8.0,0.0,5.0,0.0,MID,Brentford,Sunderland,1,2026-09-05T14:00:00Z,25,1.0,1.0
19,Zubimendi,3,1,23.0,0.0,0.0,0.0,0.0,0.0,0.0,0.0,0.0,0.0,0.0,0.0,1.0,1.3,0.08,0.02,0.0999999999999999,0.13,0.0,1456.0,12221.0,-10765.0,0.7,54.0,3,1.4000000000000004,0.7999999999999998,11.0,4.0,0.0,0.0,MID,Arsenal,Chelsea,1,2026-09-06T15:30:00Z,30,2.0,1.0
95,O.Dango,3,1,45.0,0.0,0.0,0.0,0.0,0.0,0.0,0.0,0.0,0.0,0.0,0.0,6.0,1.8000000000000007,0.0,0.01,0.01,0.3500000000000001,1.0,1308.0,21543.0,-20235.0,0.6,64.0,3,6.800000000000001,11.300000000000004,0.0,3.0,7.0,1.0,MID,Brentford,Sunderland,1,2026-09-05T14:00:00Z,25,1.0,1.0
96,Damsgaard,3,8,85.0,0.0,1.0,0.0,1.0,0.0,0.0,0.0,0.0,0.0,0.0,3.0,30.0,4.5,0.0,0.21,0.2099999999999999,1.63,1.0,5329.0,4571.0,758.0,0.5,55.0,3,10.000000000000004,28.5,6.0,1.0,3.0,0.0,MID,Brentford,Sunderland,1,2026-09-05T14:00:00Z,25,1.0,1.0
97,Jensen,3,0,0.0,0.0,0.0,0.0,0.0,0.0,0.0,0.0,0.0,0.0,0.0,0.0,0.0,0.0,0.0,0.0,0.0,0.0,0.0,38.0,4081.0,-4043.0,0.1,54.0,3,0.0,0.0,0.0,0.0,0.0,0.0,MID,Brentford,Sunderland,1,2026-09-05T14:00:00Z,25,1.0,1.0
98,Janelt,3,11,90.0,1.0,0.0,0.0,1.0,0.0,0.0,0.0,1.0,0.0,0.0,3.0,30.0,6.800000000000001,0.1099999999999999,0.01,0.12,1.7100000000000004,1.0,161863.0,34268.0,127595.0,2.4,50.0,3,48.0,3.0999999999999943,17.0,3.0,5.0,4.0,MID,Brentford,Sunderland,1,2026-09-05T14:00:00Z,25,1.0,1.0
99,Milambo,3,0,0.0,0.0,0.0,0.0,0.0,0.0,0.0,0.0,0.0,0.0,0.0,0.0,0.0,0.0,0.0,0.0,0.0,0.0,0.0,25.0,33.0,-8.0,0.0,50.0,3,0.0,0.0,0.0,0.0,0.0,0.0,MID,Brentford,Sunderland,1,2026-09-05T14:00:00Z,25,1.0,1.0
100,Carvalho,3,0,0.0,0.0,0.0,0.0,0.0,0.0,0.0,0.0,0.0,0.0,0.0,0.0,0.0,0.0,0.0,0.0,0.0,0.0,0.0,319.0,318.0,1.0,0.0,50.0,3,0.0,0.0,0.0,0.0,0.0,0.0,MID,Brentford,Sunderland,1,2026-09-05T14:00:00Z,25,1.0,1.0
102,Yarmoliuk,3,0,45.0,0.0,0.0,0.0,1.0,0.0,0.0,0.0,1.0,0.0,0.0,0.0,1.0,0.7999999999999998,0.03,0.0199999999999999,0.05,1.36,0.0,681.0,15265.0,-14584.0,0.7,49.0,3,2.3999999999999995,3.3999999999999986,2.0,1.0,3.0,1.0,MID,Brentford,Sunderland,1,2026-09-05T14:00:00Z,25,1.0,1.0
103,Dasilva,3,0,0.0,0.0,0.0,0.0,0.0,0.0,0.0,0.0,0.0,0.0,0.0,0.0,0.0,0.0,0.0,0.0,0.0,0.0,0.0,37.0,615.0,-578.0,0.0,49.0,3,0.0,0.0,0.0,0.0,0.0,0.0,MID,Brentford,Sunderland,1,2026-09-05T14:00:00Z,25,1.0,1.0
105,Anthony,3,1,45.0,0.0,0.0,0.0,1.0,0.0,0.0,0.0,0.0,0.0,0.0,0.0,3.0,0.4000000000000003,0.0499999999999999,0.01,0.0599999999999999,1.36,0.0,719.0,2402.0,-1683.0,0.1,60.0,3,0.0,2.200000000000003,3.0,0.0,4.0,0.0,MID,Brentford,Sunderland,1,2026-09-05T14:00:00Z,25,1.0,1.0
106,Thiago,3,2,90.0,0.0,0.0,0.0,1.0,0.0,0.0,0.0,0.0,0.0,0.0,0.0,9.0,6.000000000000001,0.4999999999999998,0.01,0.51,1.71,1.0,23130.0,299607.0,-276477.0,10.8,79.0,3,16.0,1.4000000000000004,43.0,3.0,2.0,1.0,FWD,Brentford,Sunderland,1,2026-09-05T14:00:00Z,25,1.0,1.0
565,M.Sangaré,3,0,45.0,0.0,0.0,0.0,0.0,0.0,0.0,0.0,1.0,0.0,0.0,0.0,0.0,0.5999999999999996,0.1499999999999999,0.01,0.16,0.3499999999999998,1.0,109691.0,292629.0,-182938.0,12.9,57.0,3,0.0,1.2999999999999972,8.0,1.0,3.0,1.0,MID,Brentford,Sunderland,1,2026-09-05T14:00:00Z,25,1.0,1.0
109,Verbruggen,3,3,90.0,0.0,0.0,0.0,1.0,0.0,0.0,0.0,0.0,0.0,3.0,0.0,17.0,3.2,0.0,0.2,0.2,2.49,1.0,229372.0,180492.0,48880.0,22.3,45.0,3,29.2,3.0,0.0,0.0,5.0,0.0,GK,Brighton,Leeds,1,2026-09-05T14:00:00Z,29,1.0,1.0
111,Steele,3,0,0.0,0.0,0.0,0.0,0.0,0.0,0.0,0.0,0.0,0.0,0.0,0.0,0.0,0.0,0.0,0.0,0.0,0.0,0.0,44675.0,31863.0,12812.0,4.3,40.0,3,0.0,0.0,0.0,0.0,0.0,0.0,GK,Brighton,Leeds,1,2026-09-05T14:00:00Z,29,1.0,1.0
113,F.Kadıoğlu,3,2,77.0,0.0,0.0,0.0,1.0,0.0,0.0,0.0,0.0,0.0,0.0,0.0,8.0,4.4,0.06,0.01,0.07,2.4,1.0,6277.0,23580.0,-17303.0,1.7,44.0,3,12.6,12.5,19.0,4.0,2.0,1.0,DEF,Brighton,Leeds,1,2026-09-05T14:00:00Z,29,1.0,1.0
1,Raya,3,3,90.0,0.0,0.0,0.0,1.0,0.0,0.0,0.0,0.0,0.0,4.0,0.0,15.0,2.9000000000000004,0.0,0.01,0.01,0.39,1.0,232424.0,200903.0,31521.0,39.1,60.0,3,28.800000000000004,0.0,0.0,2.0,11.0,0.0,GK,Arsenal,Chelsea,1,2026-09-06T15:30:00Z,30,2.0,1.0
8,Calafiori,3,2,66.0,0.0,0.0,0.0,1.0,0.0,0.0,0.0,0.0,0.0,0.0,0.0,0.0,3.4000000000000004,0.39,0.0299999999999999,0.4200000000000001,0.26,1.0,458052.0,87543.0,370509.0,49.2,58.0,3,4.399999999999999,3.1999999999999997,26.0,0.0,1.0,1.0,DEF,Arsenal,Chelsea,1,2026-09-06T15:30:00Z,30,2.0,1.0
620,Diouf,3,0,0.0,0.0,0.0,0.0,0.0,0.0,0.0,0.0,0.0,0.0,0.0,0.0,0.0,0.0,0.0,0.0,0.0,0.0,0.0,1841.0,1888.0,-47.0,0.1,45.0,3,0.0,0.0,0.0,0.0,0.0,0.0,DEF,Brentford,Sunderland,1,2026-09-05T14:00:00Z,25,1.0,1.0
114,Boscagli,3,2,90.0,0.0,0.0,0.0,1.0,0.0,0.0,0.0,0.0,0.0,0.0,0.0,17.0,8.3,0.0,0.3299999999999999,0.33,2.49,1.0,2244.0,2823.0,-579.0,0.3,45.0,3,20.6,62.3,0.0,4.0,4.0,0.0,DEF,Brighton,Leeds,1,2026-09-05T14:00:00Z,29,1.0,1.0
115,De Cuyper,3,4,76.0,0.0,1.0,0.0,1.0,0.0,0.0,0.0,1.0,0.0,0.0,0.0,17.0,4.400000000000002,0.0,0.14,0.1399999999999999,2.4,1.0,588387.0,118505.0,469882.0,22.6,48.0,3,19.6,22.099999999999994,2.0,1.0,4.0,1.0,DEF,Brighton,Leeds,1,2026-09-05T14:00:00Z,29,1.0,1.0
116,Dunk,3,5,90.0,0.0,0.0,0.0,1.0,0.0,0.0,0.0,0.0,0.0,0.0,1.0,20.0,3.7,0.0,0.0099999999999999,0.0099999999999999,2.49,1.0,18177.0,9656.0,8521.0,1.4,45.0,3,30.8,1.9000000000000004,4.0,12.0,5.0,0.0,DEF,Brighton,Leeds,1,2026-09-05T14:00:00Z,29,1.0,1.0
117,Coppola,3,0,0.0,0.0,0.0,0.0,0.0,0.0,0.0,0.0,0.0,0.0,0.0,0.0,0.0,0.0,0.0,0.0,0.0,0.0,0.0,165.0,219.0,-54.0,0.0,45.0,3,0.0,0.0,0.0,0.0,0.0,0.0,DEF,Brighton,Leeds,1,2026-09-05T14:00:00Z,29,1.0,1.0
118,Igor,3,0,0.0,0.0,0.0,0.0,0.0,0.0,0.0,0.0,0.0,0.0,0.0,0.0,0.0,0.0,0.0,0.0,0.0,0.0,0.0,0.0,1928.0,-1928.0,0.0,45.0,3,0.0,0.0,0.0,0.0,0.0,0.0,DEF,Brighton,Leeds,1,2026-09-05T14:00:00Z,29,1.0,1.0
119,Costinha,3,1,12.0,0.0,0.0,0.0,0.0,0.0,0.0,0.0,0.0,0.0,0.0,0.0,7.0,2.0,0.0,0.16,0.16,0.0999999999999999,0.0,190.0,304.0,-114.0,0.0,45.0,3,5.800000000000001,14.5,0.0,1.0,0.0,0.0,DEF,Brighton,Leeds,1,2026-09-05T14:00:00Z,29,1.0,1.0
120,Svoboda,3,0,0.0,0.0,0.0,0.0,0.0,0.0,0.0,0.0,0.0,0.0,0.0,0.0,0.0,0.0,0.0,0.0,0.0,0.0,0.0,850.0,868.0,-18.0,0.1,50.0,3,0.0,0.0,0.0,0.0,0.0,0.0,DEF,Brighton,Leeds,1,2026-09-05T14:00:00Z,29,1.0,1.0
121,Mitoma,3,0,0.0,0.0,0.0,0.0,0.0,0.0,0.0,0.0,0.0,0.0,0.0,0.0,0.0,0.0,0.0,0.0,0.0,0.0,0.0,72.0,451.0,-379.0,0.0,59.0,3,0.0,0.0,0.0,0.0,0.0,0.0,MID,Brighton,Leeds,1,2026-09-05T14:00:00Z,29,1.0,1.0
122,Minteh,3,0,0.0,0.0,0.0,0.0,0.0,0.0,0.0,0.0,0.0,0.0,0.0,0.0,0.0,0.0,0.0,0.0,0.0,0.0,0.0,36.0,717.0,-681.0,0.0,59.0,3,0.0,0.0,0.0,0.0,0.0,0.0,MID,Brighton,Leeds,1,2026-09-05T14:00:00Z,29,1.0,1.0
123,Hinshelwood,3,0,0.0,0.0,0.0,0.0,0.0,0.0,0.0,0.0,0.0,0.0,0.0,0.0,0.0,0.0,0.0,0.0,0.0,0.0,0.0,1039.0,42508.0,-41469.0,0.9,60.0,3,0.0,0.0,0.0,0.0,0.0,0.0,MID,Brighton,Leeds,1,2026-09-05T14:00:00Z,29,1.0,1.0
124,Groß,3,1,90.0,0.0,0.0,0.0,1.0,0.0,0.0,0.0,1.0,0.0,0.0,0.0,-1.0,3.1999999999999997,0.7899999999999999,0.0399999999999999,0.8300000000000001,2.49,1.0,268377.0,187545.0,80832.0,16.3,56.0,3,0.0,16.5,19.0,2.0,2.0,0.0,MID,Brighton,Leeds,1,2026-09-05T14:00:00Z,29,1.0,1.0
646,Fofana,3,1,16.0,0.0,0.0,0.0,0.0,0.0,0.0,0.0,0.0,0.0,0.0,0.0,3.0,0.1,0.0,0.0,0.0,0.39,0.0,1173.0,519.0,654.0,0.0,55.0,3,0.0,0.5,0.0,0.0,0.0,0.0,MID,Sunderland,Brentford,0,2026-09-05T14:00:00Z,25,1.0,1.0
9,Hincapie,3,1,23.0,0.0,0.0,0.0,0.0,0.0,0.0,0.0,0.0,0.0,0.0,0.0,3.0,0.9,0.0,0.0,0.0,0.13,0.0,3701.0,18472.0,-14771.0,1.0,53.0,3,6.0,0.5,2.0,2.0,0.0,1.0,DEF,Arsenal,Chelsea,1,2026-09-06T15:30:00Z,30,2.0,1.0
25,Gyökeres,3,1,12.0,0.0,0.0,0.0,0.0,0.0,0.0,0.0,0.0,0.0,0.0,0.0,2.0,0.0,0.0,0.0,0.0,0.11,0.0,5944.0,93123.0,-87179.0,3.7,72.0,3,0.0,0.1,0.0,0.0,1.0,0.0,FWD,Arsenal,Chelsea,1,2026-09-06T15:30:00Z,30,2.0,1.0
125,Georginio,3,0,0.0,0.0,0.0,0.0,0.0,0.0,0.0,0.0,0.0,0.0,0.0,0.0,0.0,0.0,0.0,0.0,0.0,0.0,0.0,1146.0,17592.0,-16446.0,0.6,54.0,3,0.0,0.0,0.0,0.0,0.0,0.0,FWD,Brighton,Leeds,1,2026-09-05T14:00:00Z,29,1.0,1.0
126,O'Riley,3,0,0.0,0.0,0.0,0.0,0.0,0.0,0.0,0.0,0.0,0.0,0.0,0.0,0.0,0.0,0.0,0.0,0.0,0.0,0.0,860.0,1350.0,-490.0,0.1,55.0,3,0.0,0.0,0.0,0.0,0.0,0.0,MID,Brighton,Leeds,1,2026-09-05T14:00:00Z,29,1.0,1.0
127,Gomez,3,2,90.0,0.0,0.0,0.0,1.0,0.0,0.0,0.0,0.0,0.0,0.0,0.0,13.0,7.199999999999999,0.0899999999999999,0.0499999999999999,0.1400000000000001,2.49,1.0,99748.0,93947.0,5801.0,4.9,50.0,3,15.199999999999996,26.4,30.0,2.0,4.0,3.0,MID,Brighton,Leeds,1,2026-09-05T14:00:00Z,29,1.0,1.0
128,Buonanotte,3,0,0.0,0.0,0.0,0.0,0.0,0.0,0.0,0.0,0.0,0.0,0.0,0.0,0.0,0.0,0.0,0.0,0.0,0.0,0.0,0.0,37.0,-37.0,0.0,50.0,3,0.0,0.0,0.0,0.0,0.0,0.0,MID,Brighton,Leeds,1,2026-09-05T14:00:00Z,29,1.0,1.0
129,Ayari,3,2,90.0,0.0,0.0,0.0,1.0,0.0,0.0,0.0,0.0,0.0,0.0,0.0,18.0,4.4,0.17,0.04,0.2099999999999999,2.49,1.0,1852.0,5935.0,-4083.0,0.4,54.0,3,11.4,14.8,18.0,1.0,2.0,0.0,MID,Brighton,Leeds,1,2026-09-05T14:00:00Z,29,1.0,1.0
130,Wieffer,3,0,0.0,0.0,0.0,0.0,0.0,0.0,0.0,0.0,0.0,0.0,0.0,0.0,0.0,0.0,0.0,0.0,0.0,0.0,0.0,67.0,17974.0,-17907.0,0.3,50.0,3,0.0,0.0,0.0,0.0,0.0,0.0,DEF,Brighton,Leeds,1,2026-09-05T14:00:00Z,29,1.0,1.0
132,Howell,3,0,0.0,0.0,0.0,0.0,0.0,0.0,0.0,0.0,0.0,0.0,0.0,0.0,0.0,0.0,0.0,0.0,0.0,0.0,0.0,0.0,555.0,-555.0,0.0,45.0,3,0.0,0.0,0.0,0.0,0.0,0.0,MID,Brighton,Leeds,1,2026-09-05T14:00:00Z,29,1.0,1.0
133,Watson,3,0,0.0,0.0,0.0,0.0,0.0,0.0,0.0,0.0,0.0,0.0,0.0,0.0,0.0,0.0,0.0,0.0,0.0,0.0,0.0,0.0,19.0,-19.0,0.0,50.0,3,0.0,0.0,0.0,0.0,0.0,0.0,MID,Brighton,Leeds,1,2026-09-05T14:00:00Z,29,1.0,1.0
135,Yohanna,3,0,0.0,0.0,0.0,0.0,0.0,0.0,0.0,0.0,0.0,0.0,0.0,0.0,0.0,0.0,0.0,0.0,0.0,0.0,0.0,319.0,1324.0,-1005.0,0.0,49.0,3,0.0,0.0,0.0,0.0,0.0,0.0,MID,Brighton,Leeds,1,2026-09-05T14:00:00Z,29,1.0,1.0
138,Kostoulas,3,2,90.0,0.0,0.0,0.0,1.0,0.0,0.0,0.0,0.0,0.0,0.0,0.0,9.0,3.9,0.43,0.02,0.4499999999999999,2.49,1.0,15305.0,8391.0,6914.0,0.6,55.0,3,9.6,5.300000000000001,24.0,3.0,4.0,1.0,FWD,Brighton,Leeds,1,2026-09-05T14:00:00Z,29,1.0,1.0
139,Ferguson,3,0,0.0,0.0,0.0,0.0,0.0,0.0,0.0,0.0,0.0,0.0,0.0,0.0,0.0,0.0,0.0,0.0,0.0,0.0,0.0,336.0,501.0,-165.0,0.0,50.0,3,0.0,0.0,0.0,0.0,0.0,0.0,FWD,Brighton,Leeds,1,2026-09-05T14:00:00Z,29,1.0,1.0
328,Struijk,3,1,1.0,0.0,0.0,0.0,0.0,0.0,0.0,0.0,0.0,0.0,0.0,0.0,3.0,0.0,0.0,0.0,0.0,0.0,0.0,1398.0,2350.0,-952.0,0.2,50.0,3,0.2,0.1,0.0,0.0,0.0,0.0,DEF,Brighton,Leeds,1,2026-09-05T14:00:00Z,29,1.0,1.0
504,Vuskovic,3,12,90.0,1.0,0.0,0.0,1.0,0.0,0.0,0.0,0.0,0.0,0.0,2.0,27.0,9.8,0.1899999999999999,0.0099999999999999,0.1999999999999999,2.49,1.0,120470.0,40673.0,79797.0,3.4,50.0,3,56.2,1.799999999999999,40.0,8.0,4.0,2.0,DEF,Brighton,Leeds,1,2026-09-05T14:00:00Z,29,1.0,1.0
594,David,3,0,13.0,0.0,0.0,0.0,0.0,0.0,0.0,0.0,1.0,0.0,0.0,0.0,-7.0,0.0,0.42,0.0,0.42,0.1,0.0,2690.0,4959.0,-2269.0,0.2,60.0,3,0.0,0.0,4.0,0.0,0.0,0.0,FWD,Brighton,Leeds,1,2026-09-05T14:00:00Z,29,1.0,1.0
4,Gabriel,3,2,90.0,0.0,0.0,0.0,1.0,0.0,0.0,0.0,0.0,0.0,0.0,0.0,10.0,10.2,0.31,0.02,0.33,0.39,1.0,51451.0,238821.0,-187370.0,23.9,80.0,3,23.6,2.4000000000000004,76.0,7.0,4.0,0.0,DEF,Arsenal,Chelsea,1,2026-09-06T15:30:00Z,30,2.0,1.0
32,Cash,3,6,84.0,0.0,0.0,1.0,0.0,0.0,0.0,0.0,0.0,0.0,0.0,0.0,23.0,2.9,0.0,0.03,0.03,0.2200000000000006,1.0,18939.0,88874.0,-69935.0,6.1,45.0,3,6.399999999999999,16.3,6.0,1.0,1.0,0.0,DEF,Aston Villa,Hull City,0,2026-09-05T16:30:00Z,21,0.0,0.0
600,Osman,3,0,0.0,0.0,0.0,0.0,0.0,0.0,0.0,0.0,0.0,0.0,0.0,0.0,0.0,0.0,0.0,0.0,0.0,0.0,0.0,140.0,279.0,-139.0,0.0,50.0,3,0.0,0.0,0.0,0.0,0.0,0.0,MID,Brighton,Leeds,1,2026-09-05T14:00:00Z,29,1.0,1.0
605,Yalcouyé,3,2,90.0,0.0,0.0,0.0,1.0,0.0,0.0,0.0,0.0,0.0,0.0,0.0,16.0,5.299999999999999,0.05,0.09,0.14,2.49,1.0,173234.0,55543.0,117691.0,3.4,45.0,3,8.200000000000003,24.4,20.0,2.0,3.0,0.0,MID,Brighton,Leeds,1,2026-09-05T14:00:00Z,29,1.0,1.0
614,Hadjam,3,0,0.0,0.0,0.0,0.0,0.0,0.0,0.0,0.0,0.0,0.0,0.0,0.0,0.0,0.0,0.0,0.0,0.0,0.0,0.0,406.0,541.0,-135.0,0.0,45.0,3,0.0,0.0,0.0,0.0,0.0,0.0,DEF,Brighton,Leeds,1,2026-09-05T14:00:00Z,29,1.0,1.0
624,Cozier-Duberry,3,0,0.0,0.0,0.0,0.0,0.0,0.0,0.0,0.0,0.0,0.0,0.0,0.0,0.0,0.0,0.0,0.0,0.0,0.0,0.0,0.0,39.0,-39.0,0.0,50.0,3,0.0,0.0,0.0,0.0,0.0,0.0,MID,Brighton,Leeds,1,2026-09-05T14:00:00Z,29,1.0,1.0
639,Andrés,3,0,0.0,0.0,0.0,0.0,0.0,0.0,0.0,0.0,0.0,0.0,0.0,0.0,0.0,0.0,0.0,0.0,0.0,0.0,0.0,492.0,184.0,308.0,0.0,55.0,3,0.0,0.0,0.0,0.0,0.0,0.0,MID,Brighton,Leeds,1,2026-09-05T14:00:00Z,29,1.0,1.0
652,Azeez,3,0,0.0,0.0,0.0,0.0,0.0,0.0,0.0,0.0,0.0,0.0,0.0,0.0,0.0,0.0,0.0,0.0,0.0,0.0,0.0,112.0,58.0,54.0,0.0,55.0,3,0.0,0.0,0.0,0.0,0.0,0.0,MID,Brighton,Leeds,1,2026-09-05T14:00:00Z,29,1.0,1.0
28,Martinez,3,3,90.0,0.0,0.0,0.0,2.0,0.0,0.0,0.0,0.0,0.0,8.0,0.0,26.0,6.300000000000001,0.0,0.0,0.0,2.05,1.0,110567.0,47843.0,62724.0,5.2,50.0,3,63.2,0.0,0.0,0.0,8.0,0.0,GK,Chelsea,Arsenal,0,2026-09-06T15:30:00Z,30,2.0,1.0
40,Rogers,3,6,86.0,1.0,0.0,0.0,2.0,0.0,0.0,0.0,1.0,0.0,0.0,0.0,22.0,6.0,0.0799999999999998,0.0299999999999998,0.1099999999999998,2.0500000000000003,1.0,1034317.0,121750.0,912567.0,34.4,76.0,3,30.200000000000003,13.599999999999994,16.0,0.0,5.0,0.0,MID,Chelsea,Arsenal,0,2026-09-06T15:30:00Z,30,2.0,1.0
101,Henderson,3,0,0.0,0.0,0.0,0.0,0.0,0.0,0.0,0.0,0.0,0.0,0.0,0.0,0.0,0.0,0.0,0.0,0.0,0.0,0.0,142.0,558.0,-416.0,0.0,49.0,3,0.0,0.0,0.0,0.0,0.0,0.0,MID,Chelsea,Arsenal,0,2026-09-06T15:30:00Z,30,2.0,1.0
136,Welbeck,3,1,3.0,0.0,0.0,0.0,0.0,0.0,0.0,0.0,0.0,0.0,0.0,0.0,3.0,0.2,0.0,0.0,0.0,0.0,0.0,7520.0,12573.0,-5053.0,0.8,59.0,3,0.0,0.3,2.0,0.0,0.0,0.0,FWD,Chelsea,Arsenal,0,2026-09-06T15:30:00Z,30,2.0,1.0
140,Sánchez,3,0,0.0,0.0,0.0,0.0,0.0,0.0,0.0,0.0,0.0,0.0,0.0,0.0,0.0,0.0,0.0,0.0,0.0,0.0,0.0,0.0,42221.0,-42221.0,0.9,49.0,3,0.0,0.0,0.0,0.0,0.0,0.0,GK,Chelsea,Arsenal,0,2026-09-06T15:30:00Z,30,2.0,1.0
141,Jörgensen,3,0,0.0,0.0,0.0,0.0,0.0,0.0,0.0,0.0,0.0,0.0,0.0,0.0,0.0,0.0,0.0,0.0,0.0,0.0,0.0,0.0,94.0,-94.0,0.0,50.0,3,0.0,0.0,0.0,0.0,0.0,0.0,GK,Chelsea,Arsenal,0,2026-09-06T15:30:00Z,30,2.0,1.0
142,James,3,1,90.0,0.0,0.0,0.0,2.0,0.0,0.0,0.0,0.0,0.0,0.0,0.0,9.0,4.1000000000000005,0.07,0.0499999999999999,0.1199999999999999,2.05,1.0,53730.0,86793.0,-33063.0,7.7,54.0,3,12.599999999999998,15.000000000000004,13.0,3.0,6.0,0.0,DEF,Chelsea,Arsenal,0,2026-09-06T15:30:00Z,30,2.0,1.0
143,Chalobah,3,0,0.0,0.0,0.0,0.0,0.0,0.0,0.0,0.0,0.0,0.0,0.0,0.0,0.0,0.0,0.0,0.0,0.0,0.0,0.0,0.0,1307.0,-1307.0,0.1,55.0,3,0.0,0.0,0.0,0.0,0.0,0.0,DEF,Chelsea,Arsenal,0,2026-09-06T15:30:00Z,30,2.0,1.0
144,Gusto,3,1,30.0,0.0,0.0,0.0,0.0,0.0,0.0,0.0,0.0,0.0,0.0,0.0,4.0,0.6999999999999997,0.04,0.01,0.0499999999999999,0.1400000000000001,0.0,7041.0,13431.0,-6390.0,1.1,50.0,3,3.0,3.4000000000000004,1.0,0.0,2.0,2.0,DEF,Chelsea,Arsenal,0,2026-09-06T15:30:00Z,30,2.0,1.0
145,Fofana,3,3,90.0,0.0,0.0,0.0,2.0,0.0,0.0,0.0,0.0,0.0,0.0,0.0,16.0,6.300000000000001,0.0,0.04,0.04,2.05,1.0,8127.0,1859.0,6268.0,0.2,50.0,3,39.8,22.8,0.0,14.0,3.0,3.0,DEF,Chelsea,Arsenal,0,2026-09-06T15:30:00Z,30,2.0,1.0
146,B.Badiashile,3,0,0.0,0.0,0.0,0.0,0.0,0.0,0.0,0.0,0.0,0.0,0.0,0.0,0.0,0.0,0.0,0.0,0.0,0.0,0.0,0.0,240.0,-240.0,0.0,45.0,3,0.0,0.0,0.0,0.0,0.0,0.0,DEF,Chelsea,Arsenal,0,2026-09-06T15:30:00Z,30,2.0,1.0
148,Hato,3,3,59.0,0.0,1.0,0.0,2.0,0.0,0.0,0.0,0.0,0.0,0.0,0.0,5.0,4.799999999999999,0.0,0.02,0.0199999999999999,1.91,1.0,52746.0,14599.0,38147.0,1.0,45.0,3,34.800000000000004,11.200000000000005,2.0,4.0,2.0,2.0,DEF,Chelsea,Arsenal,0,2026-09-06T15:30:00Z,30,2.0,1.0
149,Colwill,3,0,0.0,0.0,0.0,0.0,0.0,0.0,0.0,0.0,0.0,0.0,0.0,0.0,0.0,0.0,0.0,0.0,0.0,0.0,0.0,4816.0,21376.0,-16560.0,1.1,49.0,3,0.0,0.0,0.0,0.0,0.0,0.0,DEF,Chelsea,Arsenal,0,2026-09-06T15:30:00Z,30,2.0,1.0
150,M.Sarr,3,0,0.0,0.0,0.0,0.0,0.0,0.0,0.0,0.0,0.0,0.0,0.0,0.0,0.0,0.0,0.0,0.0,0.0,0.0,0.0,0.0,1014.0,-1014.0,0.0,45.0,3,0.0,0.0,0.0,0.0,0.0,0.0,DEF,Chelsea,Arsenal,0,2026-09-06T15:30:00Z,30,2.0,1.0
151,Acheampong,3,1,90.0,0.0,0.0,0.0,2.0,0.0,0.0,0.0,0.0,0.0,0.0,0.0,-3.0,0.7999999999999998,0.0,0.01,0.01,2.05,1.0,5766.0,4358.0,1408.0,0.4,45.0,3,2.200000000000003,1.7999999999999998,4.0,1.0,1.0,0.0,DEF,Chelsea,Arsenal,0,2026-09-06T15:30:00Z,30,2.0,1.0
152,Palestra,3,0,0.0,0.0,0.0,0.0,0.0,0.0,0.0,0.0,0.0,0.0,0.0,0.0,0.0,0.0,0.0,0.0,0.0,0.0,0.0,418.0,41395.0,-40977.0,0.9,54.0,3,0.0,0.0,0.0,0.0,0.0,0.0,DEF,Chelsea,Arsenal,0,2026-09-06T15:30:00Z,30,2.0,1.0
154,Palmer,3,1,90.0,0.0,0.0,0.0,2.0,0.0,0.0,0.0,1.0,0.0,0.0,0.0,11.0,5.5,0.1100000000000001,0.0399999999999999,0.1499999999999999,2.0500000000000003,1.0,835971.0,101521.0,734450.0,27.5,97.0,3,7.0,15.800000000000011,32.0,0.0,3.0,0.0,MID,Chelsea,Arsenal,0,2026-09-06T15:30:00Z,30,2.0,1.0
156,Neto,3,2,80.0,0.0,0.0,0.0,2.0,0.0,0.0,0.0,0.0,0.0,0.0,0.0,10.0,4.400000000000002,0.0299999999999999,0.0299999999999999,0.06,2.05,1.0,30089.0,15512.0,14577.0,1.4,65.0,3,6.200000000000003,23.8,14.0,2.0,4.0,1.0,MID,Chelsea,Arsenal,0,2026-09-06T15:30:00Z,30,2.0,1.0
157,Estêvão,3,1,9.0,0.0,0.0,0.0,0.0,0.0,0.0,0.0,0.0,0.0,0.0,0.0,5.0,2.1,0.04,0.0,0.04,0.0,0.0,3701.0,13405.0,-9704.0,0.7,64.0,3,3.2,0.4,17.0,0.0,0.0,0.0,MID,Chelsea,Arsenal,0,2026-09-06T15:30:00Z,30,2.0,1.0
159,Caicedo,3,0,0.0,0.0,0.0,0.0,0.0,0.0,0.0,0.0,0.0,0.0,0.0,0.0,0.0,0.0,0.0,0.0,0.0,0.0,0.0,1340.0,46724.0,-45384.0,1.4,54.0,3,0.0,0.0,0.0,0.0,0.0,0.0,MID,Chelsea,Arsenal,0,2026-09-06T15:30:00Z,30,2.0,1.0
161,Lavia,3,1,59.0,0.0,0.0,0.0,2.0,0.0,0.0,0.0,0.0,0.0,0.0,0.0,7.0,0.7000000000000011,0.0,0.01,0.01,1.91,1.0,7205.0,3799.0,3406.0,0.2,50.0,3,5.799999999999997,1.5,0.0,2.0,3.0,1.0,MID,Chelsea,Arsenal,0,2026-09-06T15:30:00Z,30,2.0,1.0
163,D.Essugo,3,0,0.0,0.0,0.0,0.0,0.0,0.0,0.0,0.0,0.0,0.0,0.0,0.0,0.0,0.0,0.0,0.0,0.0,0.0,0.0,0.0,4005.0,-4005.0,0.1,45.0,3,0.0,0.0,0.0,0.0,0.0,0.0,MID,Chelsea,Arsenal,0,2026-09-06T15:30:00Z,30,2.0,1.0
164,Quenda,3,0,0.0,0.0,0.0,0.0,0.0,0.0,0.0,0.0,0.0,0.0,0.0,0.0,0.0,0.0,0.0,0.0,0.0,0.0,0.0,150.0,629.0,-479.0,0.0,54.0,3,0.0,0.0,0.0,0.0,0.0,0.0,MID,Chelsea,Arsenal,0,2026-09-06T15:30:00Z,30,2.0,1.0
165,João Pedro,3,1,90.0,0.0,0.0,0.0,2.0,0.0,0.0,0.0,1.0,0.0,0.0,0.0,8.0,3.6999999999999993,0.0199999999999997,0.0499999999999999,0.0699999999999998,2.05,1.0,369217.0,103129.0,266088.0,73.8,77.0,3,0.0,28.8,9.0,0.0,1.0,0.0,FWD,Chelsea,Arsenal,0,2026-09-06T15:30:00Z,30,2.0,1.0
168,Marc Guiu,3,0,0.0,0.0,0.0,0.0,0.0,0.0,0.0,0.0,0.0,0.0,0.0,0.0,0.0,0.0,0.0,0.0,0.0,0.0,0.0,0.0,8326.0,-8326.0,0.2,50.0,3,0.0,0.0,0.0,0.0,0.0,0.0,FWD,Chelsea,Arsenal,0,2026-09-06T15:30:00Z,30,2.0,1.0
169,Mheuka,3,0,0.0,0.0,0.0,0.0,0.0,0.0,0.0,0.0,0.0,0.0,0.0,0.0,0.0,0.0,0.0,0.0,0.0,0.0,0.0,6662.0,5429.0,1233.0,0.4,45.0,3,0.0,0.0,0.0,0.0,0.0,0.0,FWD,Chelsea,Arsenal,0,2026-09-06T15:30:00Z,30,2.0,1.0
170,Emegha,3,0,0.0,0.0,0.0,0.0,0.0,0.0,0.0,0.0,0.0,0.0,0.0,0.0,0.0,0.0,0.0,0.0,0.0,0.0,0.0,1734.0,2953.0,-1219.0,0.1,50.0,3,0.0,0.0,0.0,0.0,0.0,0.0,FWD,Chelsea,Arsenal,0,2026-09-06T15:30:00Z,30,2.0,1.0
560,Penders,3,0,0.0,0.0,0.0,0.0,0.0,0.0,0.0,0.0,0.0,0.0,0.0,0.0,0.0,0.0,0.0,0.0,0.0,0.0,0.0,284.0,757.0,-473.0,0.1,44.0,3,0.0,0.0,0.0,0.0,0.0,0.0,GK,Chelsea,Arsenal,0,2026-09-06T15:30:00Z,30,2.0,1.0
561,Anselmino,3,0,0.0,0.0,0.0,0.0,0.0,0.0,0.0,0.0,0.0,0.0,0.0,0.0,0.0,0.0,0.0,0.0,0.0,0.0,0.0,210.0,206.0,4.0,0.0,45.0,3,0.0,0.0,0.0,0.0,0.0,0.0,DEF,Chelsea,Arsenal,0,2026-09-06T15:30:00Z,30,2.0,1.0
568,Barco,3,0,0.0,0.0,0.0,0.0,0.0,0.0,0.0,0.0,0.0,0.0,0.0,0.0,0.0,0.0,0.0,0.0,0.0,0.0,0.0,804.0,1379.0,-575.0,0.1,55.0,3,0.0,0.0,0.0,0.0,0.0,0.0,MID,Chelsea,Arsenal,0,2026-09-06T15:30:00Z,30,2.0,1.0
583,Chavarria,3,1,30.0,0.0,0.0,0.0,0.0,0.0,0.0,0.0,0.0,0.0,0.0,0.0,2.0,0.8,0.0,0.0,0.0,0.14,0.0,624.0,2125.0,-1501.0,0.2,49.0,3,2.3999999999999986,2.0,4.0,1.0,1.0,1.0,DEF,Chelsea,Arsenal,0,2026-09-06T15:30:00Z,30,2.0,1.0
91,Pinnock,3,3,90.0,0.0,0.0,0.0,1.0,0.0,0.0,0.0,1.0,0.0,0.0,0.0,3.0,2.4,0.11,0.0,0.11,2.12,1.0,630.0,734.0,-104.0,0.1,45.0,3,18.2,0.0,6.0,12.0,2.0,1.0,DEF,Coventry City,Man City,0,2026-09-05T14:00:00Z,28,1.0,0.0
110,Rushworth,3,2,90.0,0.0,0.0,0.0,1.0,0.0,0.0,0.0,0.0,0.0,2.0,0.0,13.0,1.9000000000000004,0.0,0.0,0.0,2.12,1.0,4762.0,15461.0,-10699.0,0.9,45.0,3,18.8,0.0,0.0,1.0,9.0,0.0,GK,Coventry City,Man City,0,2026-09-05T14:00:00Z,28,1.0,0.0
171,Dovin,3,0,0.0,0.0,0.0,0.0,0.0,0.0,0.0,0.0,0.0,0.0,0.0,0.0,0.0,0.0,0.0,0.0,0.0,0.0,0.0,0.0,17207.0,-17207.0,1.2,40.0,3,0.0,0.0,0.0,0.0,0.0,0.0,GK,Coventry City,Man City,0,2026-09-05T14:00:00Z,28,1.0,0.0
172,Wilson,3,0,0.0,0.0,0.0,0.0,0.0,0.0,0.0,0.0,0.0,0.0,0.0,0.0,0.0,0.0,0.0,0.0,0.0,0.0,0.0,231.0,2178.0,-1947.0,0.4,45.0,3,0.0,0.0,0.0,0.0,0.0,0.0,GK,Coventry City,Man City,0,2026-09-05T14:00:00Z,28,1.0,0.0
173,Thomas,3,4,90.0,0.0,0.0,0.0,1.0,0.0,0.0,0.0,0.0,0.0,0.0,0.0,19.0,6.500000000000001,0.22,0.17,0.39,2.12,1.0,138771.0,77261.0,61510.0,9.2,40.0,3,20.599999999999994,20.800000000000004,24.0,11.0,3.0,1.0,DEF,Coventry City,Man City,0,2026-09-05T14:00:00Z,28,1.0,0.0
174,Kitching,3,0,0.0,0.0,0.0,0.0,0.0,0.0,0.0,0.0,0.0,0.0,0.0,0.0,0.0,0.0,0.0,0.0,0.0,0.0,0.0,0.0,10080.0,-10080.0,0.4,40.0,3,0.0,0.0,0.0,0.0,0.0,0.0,DEF,Coventry City,Man City,0,2026-09-05T14:00:00Z,28,1.0,0.0
175,van Ewijk,3,3,90.0,0.0,0.0,0.0,1.0,0.0,0.0,0.0,1.0,0.0,0.0,0.0,5.0,2.4000000000000004,0.0,0.06,0.06,2.12,1.0,30283.0,129417.0,-99134.0,10.6,40.0,3,16.799999999999997,5.200000000000003,2.0,8.0,4.0,3.0,DEF,Coventry City,Man City,0,2026-09-05T14:00:00Z,28,1.0,0.0
176,Dasilva,3,2,84.0,0.0,0.0,0.0,1.0,0.0,0.0,0.0,0.0,0.0,0.0,0.0,10.0,3.7,0.0,0.0799999999999999,0.08,2.12,1.0,2295.0,4503.0,-2208.0,0.7,40.0,3,21.8,14.9,0.0,5.0,3.0,2.0,DEF,Coventry City,Man City,0,2026-09-05T14:00:00Z,28,1.0,0.0
177,Kesler-Hayden,3,0,0.0,0.0,0.0,0.0,0.0,0.0,0.0,0.0,0.0,0.0,0.0,0.0,0.0,0.0,0.0,0.0,0.0,0.0,0.0,105.0,651.0,-546.0,0.0,40.0,3,0.0,0.0,0.0,0.0,0.0,0.0,DEF,Coventry City,Man City,0,2026-09-05T14:00:00Z,28,1.0,0.0
179,Latibeaudiere,3,0,0.0,0.0,0.0,0.0,0.0,0.0,0.0,0.0,0.0,0.0,0.0,0.0,0.0,0.0,0.0,0.0,0.0,0.0,0.0,263.0,343.0,-80.0,0.0,40.0,3,0.0,0.0,0.0,0.0,0.0,0.0,DEF,Coventry City,Man City,0,2026-09-05T14:00:00Z,28,1.0,0.0
180,Woolfenden,3,0,0.0,0.0,0.0,0.0,0.0,0.0,0.0,0.0,0.0,0.0,0.0,0.0,0.0,0.0,0.0,0.0,0.0,0.0,0.0,350.0,1745.0,-1395.0,0.1,40.0,3,0.0,0.0,0.0,0.0,0.0,0.0,DEF,Coventry City,Man City,0,2026-09-05T14:00:00Z,28,1.0,0.0
181,Brau,3,0,0.0,0.0,0.0,0.0,0.0,0.0,0.0,0.0,0.0,0.0,0.0,0.0,0.0,0.0,0.0,0.0,0.0,0.0,0.0,0.0,448.0,-448.0,0.0,40.0,3,0.0,0.0,0.0,0.0,0.0,0.0,DEF,Coventry City,Man City,0,2026-09-05T14:00:00Z,28,1.0,0.0
182,Amenda,3,2,90.0,0.0,0.0,0.0,1.0,0.0,0.0,0.0,0.0,0.0,0.0,0.0,4.0,1.1999999999999993,0.0,0.34,0.3399999999999999,2.12,1.0,3302.0,5265.0,-1963.0,0.8,40.0,3,4.399999999999999,1.3000000000000005,6.0,2.0,6.0,1.0,DEF,Coventry City,Man City,0,2026-09-05T14:00:00Z,28,1.0,0.0
183,Rudoni,3,2,62.0,0.0,0.0,0.0,1.0,0.0,0.0,0.0,0.0,0.0,0.0,0.0,9.0,7.6,0.29,0.09,0.38,1.17,1.0,885.0,1673.0,-788.0,0.1,50.0,3,14.4,28.5,33.0,2.0,2.0,1.0,MID,Coventry City,Man City,0,2026-09-05T14:00:00Z,28,1.0,0.0
184,Grimes,3,2,90.0,0.0,0.0,0.0,1.0,0.0,0.0,0.0,0.0,0.0,0.0,0.0,8.0,2.1999999999999997,0.04,0.0,0.04,2.12,1.0,495.0,2456.0,-1961.0,0.1,50.0,3,18.6,2.299999999999997,1.0,3.0,0.0,5.0,MID,Coventry City,Man City,0,2026-09-05T14:00:00Z,28,1.0,0.0
185,Sakamoto,3,0,0.0,0.0,0.0,0.0,0.0,0.0,0.0,0.0,0.0,0.0,0.0,0.0,0.0,0.0,0.0,0.0,0.0,0.0,0.0,201.0,1112.0,-911.0,0.1,49.0,3,0.0,0.0,0.0,0.0,0.0,0.0,MID,Coventry City,Man City,0,2026-09-05T14:00:00Z,28,1.0,0.0
186,Mason-Clark,3,2,70.0,0.0,0.0,0.0,1.0,0.0,0.0,0.0,0.0,0.0,0.0,0.0,4.0,0.1,0.0,0.0,0.0,1.17,1.0,209.0,949.0,-740.0,0.1,54.0,3,0.0,0.8000000000000007,2.0,2.0,3.0,0.0,MID,Coventry City,Man City,0,2026-09-05T14:00:00Z,28,1.0,0.0
188,Torp,3,0,0.0,0.0,0.0,0.0,0.0,0.0,0.0,0.0,0.0,0.0,0.0,0.0,0.0,0.0,0.0,0.0,0.0,0.0,0.0,53.0,1499.0,-1446.0,0.1,54.0,3,0.0,0.0,0.0,0.0,0.0,0.0,MID,Coventry City,Man City,0,2026-09-05T14:00:00Z,28,1.0,0.0
190,Tchaouna,3,1,27.0,0.0,0.0,0.0,0.0,0.0,0.0,0.0,0.0,0.0,0.0,0.0,9.0,5.4,0.1,0.03,0.13,0.95,0.0,183.0,1479.0,-1296.0,0.1,54.0,3,8.2,24.8,21.0,0.0,1.0,0.0,MID,Coventry City,Man City,0,2026-09-05T14:00:00Z,28,1.0,0.0
191,Borges Rodrigues,3,0,0.0,0.0,0.0,0.0,0.0,0.0,0.0,0.0,0.0,0.0,0.0,0.0,0.0,0.0,0.0,0.0,0.0,0.0,0.0,0.0,3170.0,-3170.0,0.1,45.0,3,0.0,0.0,0.0,0.0,0.0,0.0,MID,Coventry City,Man City,0,2026-09-05T14:00:00Z,28,1.0,0.0
192,Andrews,3,0,0.0,0.0,0.0,0.0,0.0,0.0,0.0,0.0,0.0,0.0,0.0,0.0,0.0,0.0,0.0,0.0,0.0,0.0,0.0,0.0,7820.0,-7820.0,0.3,45.0,3,0.0,0.0,0.0,0.0,0.0,0.0,MID,Coventry City,Man City,0,2026-09-05T14:00:00Z,28,1.0,0.0
193,Wright,3,0,0.0,0.0,0.0,0.0,0.0,0.0,0.0,0.0,0.0,0.0,0.0,0.0,0.0,0.0,0.0,0.0,0.0,0.0,0.0,117.0,1810.0,-1693.0,0.1,54.0,3,0.0,0.0,0.0,0.0,0.0,0.0,FWD,Coventry City,Man City,0,2026-09-05T14:00:00Z,28,1.0,0.0
194,Thomas-Asante,3,1,19.0,0.0,0.0,0.0,0.0,0.0,0.0,0.0,0.0,0.0,0.0,0.0,6.0,0.5,0.0,0.0,0.0,0.9500000000000002,0.0,10596.0,11936.0,-1340.0,0.8,50.0,3,2.2,0.2999999999999998,2.0,1.0,2.0,0.0,FWD,Coventry City,Man City,0,2026-09-05T14:00:00Z,28,1.0,0.0
195,Simms,3,1,19.0,0.0,0.0,0.0,0.0,0.0,0.0,0.0,0.0,0.0,0.0,0.0,3.0,5.0,0.3,0.0,0.3,0.9499999999999996,0.0,5308.0,13252.0,-7944.0,0.8,50.0,3,5.0,10.0,35.0,0.0,0.0,0.0,FWD,Coventry City,Man City,0,2026-09-05T14:00:00Z,28,1.0,0.0
196,Markelo,3,0,0.0,0.0,0.0,0.0,0.0,0.0,0.0,0.0,0.0,0.0,0.0,0.0,0.0,0.0,0.0,0.0,0.0,0.0,0.0,0.0,132.0,-132.0,0.0,50.0,3,0.0,0.0,0.0,0.0,0.0,0.0,FWD,Coventry City,Man City,0,2026-09-05T14:00:00Z,28,1.0,0.0
197,Bassette,3,0,0.0,0.0,0.0,0.0,0.0,0.0,0.0,0.0,0.0,0.0,0.0,0.0,0.0,0.0,0.0,0.0,0.0,0.0,0.0,0.0,330.0,-330.0,0.0,45.0,3,0.0,0.0,0.0,0.0,0.0,0.0,FWD,Coventry City,Man City,0,2026-09-05T14:00:00Z,28,1.0,0.0
492,Awoniyi,3,2,70.0,0.0,0.0,0.0,1.0,0.0,0.0,0.0,0.0,0.0,0.0,0.0,6.0,1.6999999999999993,0.3099999999999999,0.0,0.31,1.1700000000000002,1.0,6710.0,9576.0,-2866.0,0.6,55.0,3,3.6,10.299999999999995,3.0,2.0,3.0,0.0,FWD,Coventry City,Man City,0,2026-09-05T14:00:00Z,28,1.0,0.0
575,Yirenkyi,3,1,27.0,0.0,0.0,0.0,0.0,0.0,0.0,0.0,0.0,0.0,0.0,0.0,4.0,0.0999999999999996,0.0,0.0,0.0,0.9499999999999996,0.0,601.0,2991.0,-2390.0,0.2,49.0,3,1.0,0.2999999999999971,0.0,2.0,4.0,0.0,MID,Coventry City,Man City,0,2026-09-05T14:00:00Z,28,1.0,0.0
584,Hamer,3,1,5.0,0.0,0.0,0.0,0.0,0.0,0.0,0.0,0.0,0.0,0.0,0.0,1.0,0.0,0.0,0.0,0.0,0.0,0.0,136.0,1213.0,-1077.0,0.1,54.0,3,0.0,0.0,0.0,0.0,1.0,1.0,MID,Coventry City,Man City,0,2026-09-05T14:00:00Z,28,1.0,0.0
599,Cherif,3,0,0.0,0.0,0.0,0.0,0.0,0.0,0.0,0.0,0.0,0.0,0.0,0.0,0.0,0.0,0.0,0.0,0.0,0.0,0.0,1265.0,1515.0,-250.0,0.1,50.0,3,0.0,0.0,0.0,0.0,0.0,0.0,FWD,Coventry City,Man City,0,2026-09-05T14:00:00Z,28,1.0,0.0
655,Gboho,3,0,0.0,0.0,0.0,0.0,0.0,0.0,0.0,0.0,0.0,0.0,0.0,0.0,0.0,0.0,0.0,0.0,0.0,0.0,0.0,58.0,6.0,52.0,0.0,55.0,3,0.0,0.0,0.0,0.0,0.0,0.0,MID,Coventry City,Man City,0,2026-09-05T14:00:00Z,28,1.0,0.0
656,Mfuni,3,0,0.0,0.0,0.0,0.0,0.0,0.0,0.0,0.0,0.0,0.0,0.0,0.0,0.0,0.0,0.0,0.0,0.0,0.0,0.0,1974.0,185.0,1789.0,0.0,40.0,3,0.0,0.0,0.0,0.0,0.0,0.0,DEF,Coventry City,Man City,0,2026-09-05T14:00:00Z,28,1.0,0.0
42,Guessand,3,0,0.0,0.0,0.0,0.0,0.0,0.0,0.0,0.0,0.0,0.0,0.0,0.0,0.0,0.0,0.0,0.0,0.0,0.0,0.0,899.0,931.0,-32.0,0.0,55.0,3,0.0,0.0,0.0,0.0,0.0,0.0,MID,Crystal Palace,Fulham,0,2026-09-05T14:00:00Z,27,2.0,3.0
153,Disasi,3,3,90.0,0.0,0.0,0.0,2.0,0.0,0.0,0.0,0.0,0.0,0.0,0.0,14.0,4.7,0.0,0.04,0.04,3.14,1.0,6331.0,2249.0,4082.0,0.1,45.0,3,31.4,13.3,2.0,9.0,8.0,4.0,DEF,Crystal Palace,Fulham,0,2026-09-05T14:00:00Z,27,2.0,3.0
198,Henderson,3,2,90.0,0.0,0.0,0.0,2.0,0.0,0.0,0.0,0.0,0.0,5.0,0.0,19.0,3.8,0.0,0.0,0.0,3.14,1.0,30497.0,15715.0,14782.0,2.1,50.0,3,38.4,0.0,0.0,1.0,7.0,0.0,GK,Crystal Palace,Fulham,0,2026-09-05T14:00:00Z,27,2.0,3.0
199,Benitez,3,0,0.0,0.0,0.0,0.0,0.0,0.0,0.0,0.0,0.0,0.0,0.0,0.0,0.0,0.0,0.0,0.0,0.0,0.0,0.0,535.0,914.0,-379.0,0.1,45.0,3,0.0,0.0,0.0,0.0,0.0,0.0,GK,Crystal Palace,Fulham,0,2026-09-05T14:00:00Z,27,2.0,3.0
202,Richards,3,1,90.0,0.0,0.0,0.0,2.0,0.0,0.0,0.0,0.0,0.0,0.0,0.0,8.0,3.6,0.04,0.0,0.04,3.14,1.0,8348.0,8137.0,211.0,0.7,50.0,3,28.800000000000004,0.5,7.0,8.0,4.0,1.0,DEF,Crystal Palace,Fulham,0,2026-09-05T14:00:00Z,27,2.0,3.0
203,Canvot,3,1,90.0,0.0,0.0,0.0,2.0,0.0,0.0,0.0,0.0,0.0,0.0,0.0,4.0,1.5,0.0,0.0,0.0,3.14,1.0,2384.0,3908.0,-1524.0,0.2,49.0,3,13.0,1.8999999999999997,0.0,7.0,2.0,2.0,DEF,Crystal Palace,Fulham,0,2026-09-05T14:00:00Z,27,2.0,3.0
204,Mitchell,3,15,73.0,2.0,0.0,0.0,2.0,0.0,0.0,0.0,0.0,0.0,0.0,2.0,31.0,13.6,0.66,0.0099999999999999,0.6699999999999999,2.5700000000000003,1.0,232699.0,43214.0,189485.0,6.9,45.0,3,78.0,10.700000000000005,47.0,4.0,2.0,2.0,DEF,Crystal Palace,Fulham,0,2026-09-05T14:00:00Z,27,2.0,3.0
205,Sosa,3,0,0.0,0.0,0.0,0.0,0.0,0.0,0.0,0.0,0.0,0.0,0.0,0.0,0.0,0.0,0.0,0.0,0.0,0.0,0.0,0.0,630.0,-630.0,0.0,45.0,3,0.0,0.0,0.0,0.0,0.0,0.0,DEF,Crystal Palace,Fulham,0,2026-09-05T14:00:00Z,27,2.0,3.0
206,Chadi Riad,3,0,0.0,0.0,0.0,0.0,0.0,0.0,0.0,0.0,0.0,0.0,0.0,0.0,0.0,0.0,0.0,0.0,0.0,0.0,0.0,57.0,667.0,-610.0,0.0,44.0,3,0.0,0.0,0.0,0.0,0.0,0.0,DEF,Crystal Palace,Fulham,0,2026-09-05T14:00:00Z,27,2.0,3.0
607,Lynch,3,0,0.0,0.0,0.0,0.0,0.0,0.0,0.0,0.0,0.0,0.0,0.0,0.0,0.0,0.0,0.0,0.0,0.0,0.0,0.0,0.0,2857.0,-2857.0,0.1,45.0,3,0.0,0.0,0.0,0.0,0.0,0.0,MID,Aston Villa,Hull City,0,2026-09-05T16:30:00Z,21,0.0,0.0
207,Mingueza,3,1,1.0,0.0,0.0,0.0,0.0,0.0,0.0,0.0,0.0,0.0,0.0,0.0,4.0,0.0999999999999999,0.0,0.0,0.0,0.13,0.0,641.0,946.0,-305.0,0.1,44.0,3,1.0,0.3,0.0,0.0,1.0,1.0,DEF,Crystal Palace,Fulham,0,2026-09-05T14:00:00Z,27,2.0,3.0
208,Sarr,3,0,0.0,0.0,0.0,0.0,0.0,0.0,0.0,0.0,0.0,0.0,0.0,0.0,0.0,0.0,0.0,0.0,0.0,0.0,0.0,174.0,35108.0,-34934.0,0.8,63.0,3,0.0,0.0,0.0,0.0,0.0,0.0,MID,Crystal Palace,Fulham,0,2026-09-05T14:00:00Z,27,2.0,3.0
210,Wharton,3,2,90.0,0.0,0.0,0.0,2.0,0.0,0.0,0.0,0.0,0.0,0.0,0.0,10.0,2.0,0.0,0.01,0.01,3.14,1.0,8267.0,10005.0,-1738.0,0.9,55.0,3,14.799999999999995,2.799999999999997,2.0,7.0,0.0,1.0,MID,Crystal Palace,Fulham,0,2026-09-05T14:00:00Z,27,2.0,3.0
211,Yeremy,3,5,88.0,0.0,1.0,0.0,2.0,0.0,0.0,0.0,0.0,0.0,0.0,0.0,25.0,5.7,0.25,0.3,0.55,3.01,1.0,32070.0,8224.0,23846.0,0.5,55.0,3,8.0,42.6,6.0,1.0,3.0,1.0,MID,Crystal Palace,Fulham,0,2026-09-05T14:00:00Z,27,2.0,3.0
212,Hughes,3,1,16.0,0.0,0.0,0.0,0.0,0.0,0.0,0.0,0.0,0.0,0.0,0.0,3.0,0.3,0.0,0.0,0.0,0.57,0.0,25140.0,105265.0,-80125.0,8.4,45.0,3,2.4,0.3,0.0,2.0,1.0,0.0,MID,Crystal Palace,Fulham,0,2026-09-05T14:00:00Z,27,2.0,3.0
213,Lerma,3,0,0.0,0.0,0.0,0.0,0.0,0.0,0.0,0.0,0.0,0.0,0.0,0.0,0.0,0.0,0.0,0.0,0.0,0.0,0.0,297.0,1065.0,-768.0,0.1,49.0,3,0.0,0.0,0.0,0.0,0.0,0.0,MID,Crystal Palace,Fulham,0,2026-09-05T14:00:00Z,27,2.0,3.0
214,Kamada,3,5,88.0,0.0,1.0,0.0,2.0,0.0,0.0,0.0,0.0,0.0,0.0,0.0,21.0,4.9,0.0,0.01,0.0099999999999999,3.01,1.0,16318.0,5611.0,10707.0,0.4,50.0,3,19.6,23.2,6.0,0.0,4.0,0.0,MID,Crystal Palace,Fulham,0,2026-09-05T14:00:00Z,27,2.0,3.0
215,Devenny,3,0,0.0,0.0,0.0,0.0,0.0,0.0,0.0,0.0,0.0,0.0,0.0,0.0,0.0,0.0,0.0,0.0,0.0,0.0,0.0,0.0,266.0,-266.0,0.0,50.0,3,0.0,0.0,0.0,0.0,0.0,0.0,MID,Crystal Palace,Fulham,0,2026-09-05T14:00:00Z,27,2.0,3.0
216,Esse,3,0,0.0,0.0,0.0,0.0,0.0,0.0,0.0,0.0,0.0,0.0,0.0,0.0,0.0,0.0,0.0,0.0,0.0,0.0,0.0,0.0,937.0,-937.0,0.0,50.0,3,0.0,0.0,0.0,0.0,0.0,0.0,MID,Crystal Palace,Fulham,0,2026-09-05T14:00:00Z,27,2.0,3.0
217,M.França,3,0,0.0,0.0,0.0,0.0,0.0,0.0,0.0,0.0,0.0,0.0,0.0,0.0,0.0,0.0,0.0,0.0,0.0,0.0,0.0,57.0,741.0,-684.0,0.0,49.0,3,0.0,0.0,0.0,0.0,0.0,0.0,MID,Crystal Palace,Fulham,0,2026-09-05T14:00:00Z,27,2.0,3.0
218,Doucouré,3,0,0.0,0.0,0.0,0.0,0.0,0.0,0.0,0.0,0.0,0.0,0.0,0.0,0.0,0.0,0.0,0.0,0.0,0.0,0.0,463.0,885.0,-422.0,0.1,49.0,3,0.0,0.0,0.0,0.0,0.0,0.0,MID,Crystal Palace,Fulham,0,2026-09-05T14:00:00Z,27,2.0,3.0
219,J.Rak-Sakyi,3,0,0.0,0.0,0.0,0.0,0.0,0.0,0.0,0.0,0.0,0.0,0.0,0.0,0.0,0.0,0.0,0.0,0.0,0.0,0.0,55.0,136.0,-81.0,0.0,49.0,3,0.0,0.0,0.0,0.0,0.0,0.0,MID,Crystal Palace,Fulham,0,2026-09-05T14:00:00Z,27,2.0,3.0
220,Cardines,3,0,0.0,0.0,0.0,0.0,0.0,0.0,0.0,0.0,0.0,0.0,0.0,0.0,0.0,0.0,0.0,0.0,0.0,0.0,0.0,0.0,13.0,-13.0,0.0,45.0,3,0.0,0.0,0.0,0.0,0.0,0.0,DEF,Crystal Palace,Fulham,0,2026-09-05T14:00:00Z,27,2.0,3.0
221,Drakes-Thomas,3,0,0.0,0.0,0.0,0.0,0.0,0.0,0.0,0.0,0.0,0.0,0.0,0.0,0.0,0.0,0.0,0.0,0.0,0.0,0.0,825.0,1002.0,-177.0,0.1,45.0,3,0.0,0.0,0.0,0.0,0.0,0.0,MID,Crystal Palace,Fulham,0,2026-09-05T14:00:00Z,27,2.0,3.0
222,Strand Larsen,3,1,45.0,0.0,0.0,0.0,0.0,0.0,0.0,0.0,0.0,0.0,0.0,0.0,4.0,0.2999999999999998,0.0,0.0,0.0,1.54,0.0,17768.0,8768.0,9000.0,0.6,60.0,3,2.3999999999999995,0.7999999999999998,0.0,1.0,3.0,0.0,FWD,Crystal Palace,Fulham,0,2026-09-05T14:00:00Z,27,2.0,3.0
223,Mateta,3,0,0.0,0.0,0.0,0.0,0.0,0.0,0.0,0.0,0.0,0.0,0.0,0.0,0.0,0.0,0.0,0.0,0.0,0.0,0.0,335.0,69459.0,-69124.0,1.7,64.0,3,0.0,0.0,0.0,0.0,0.0,0.0,FWD,Crystal Palace,Fulham,0,2026-09-05T14:00:00Z,27,2.0,3.0
33,Mings,3,6,90.0,0.0,0.0,1.0,0.0,0.0,0.0,0.0,0.0,0.0,0.0,0.0,28.0,3.2,0.11,0.02,0.13,0.5700000000000001,1.0,4831.0,2358.0,2473.0,0.4,45.0,3,14.8,4.4,13.0,4.0,2.0,1.0,DEF,Aston Villa,Hull City,0,2026-09-05T16:30:00Z,21,0.0,0.0
224,Nketiah,3,4,45.0,0.0,1.0,0.0,2.0,0.0,0.0,0.0,0.0,0.0,0.0,0.0,16.0,5.1,0.1400000000000001,0.0,0.1399999999999999,1.6,1.0,27542.0,8861.0,18681.0,0.7,55.0,3,21.200000000000003,10.699999999999996,19.0,0.0,1.0,1.0,FWD,Crystal Palace,Fulham,0,2026-09-05T14:00:00Z,27,2.0,3.0
225,Uche,3,0,0.0,0.0,0.0,0.0,0.0,0.0,0.0,0.0,0.0,0.0,0.0,0.0,0.0,0.0,0.0,0.0,0.0,0.0,0.0,0.0,0.0,0.0,0.0,50.0,3,0.0,0.0,0.0,0.0,0.0,0.0,FWD,Crystal Palace,Fulham,0,2026-09-05T14:00:00Z,27,2.0,3.0
241,McNeil,3,0,0.0,0.0,0.0,0.0,0.0,0.0,0.0,0.0,0.0,0.0,0.0,0.0,0.0,0.0,0.0,0.0,0.0,0.0,0.0,472.0,1748.0,-1276.0,0.1,54.0,3,0.0,0.0,0.0,0.0,0.0,0.0,MID,Crystal Palace,Fulham,0,2026-09-05T14:00:00Z,27,2.0,3.0
555,Matthews,3,0,0.0,0.0,0.0,0.0,0.0,0.0,0.0,0.0,0.0,0.0,0.0,0.0,0.0,0.0,0.0,0.0,0.0,0.0,0.0,4954.0,7005.0,-2051.0,1.8,40.0,3,0.0,0.0,0.0,0.0,0.0,0.0,GK,Crystal Palace,Fulham,0,2026-09-05T14:00:00Z,27,2.0,3.0
577,Tomiyasu,3,0,0.0,0.0,0.0,0.0,0.0,0.0,0.0,0.0,0.0,0.0,0.0,0.0,0.0,0.0,0.0,0.0,0.0,0.0,0.0,589.0,3031.0,-2442.0,0.3,45.0,3,0.0,0.0,0.0,0.0,0.0,0.0,DEF,Crystal Palace,Fulham,0,2026-09-05T14:00:00Z,27,2.0,3.0
588,Khalaili,3,3,90.0,0.0,0.0,0.0,2.0,0.0,0.0,0.0,0.0,0.0,0.0,0.0,6.0,3.200000000000001,0.72,0.01,0.73,3.14,1.0,19201.0,4749.0,14452.0,0.3,50.0,3,21.6,2.3000000000000007,8.0,7.0,3.0,3.0,DEF,Crystal Palace,Fulham,0,2026-09-05T14:00:00Z,27,2.0,3.0
595,Gozo,3,0,0.0,0.0,0.0,0.0,0.0,0.0,0.0,0.0,0.0,0.0,0.0,0.0,0.0,0.0,0.0,0.0,0.0,0.0,0.0,103.0,186.0,-83.0,0.0,50.0,3,0.0,0.0,0.0,0.0,0.0,0.0,MID,Crystal Palace,Fulham,0,2026-09-05T14:00:00Z,27,2.0,3.0
633,Ahanor,3,0,0.0,0.0,0.0,0.0,0.0,0.0,0.0,0.0,0.0,0.0,0.0,0.0,0.0,0.0,0.0,0.0,0.0,0.0,0.0,774.0,166.0,608.0,0.0,45.0,3,0.0,0.0,0.0,0.0,0.0,0.0,DEF,Crystal Palace,Fulham,0,2026-09-05T14:00:00Z,27,2.0,3.0
643,Chilwell,3,7,16.0,1.0,0.0,0.0,0.0,0.0,0.0,0.0,0.0,0.0,0.0,0.0,20.0,5.1,0.15,0.0,0.15,0.57,0.0,34977.0,5106.0,29871.0,0.5,45.0,3,33.2,0.7,17.0,0.0,0.0,0.0,DEF,Crystal Palace,Fulham,0,2026-09-05T14:00:00Z,27,2.0,3.0
644,Timber,3,2,73.0,0.0,0.0,0.0,2.0,0.0,0.0,0.0,0.0,0.0,0.0,0.0,8.0,0.5,0.02,0.0,0.02,2.57,1.0,1680.0,432.0,1248.0,0.0,50.0,3,4.2,0.2,1.0,2.0,3.0,1.0,MID,Crystal Palace,Fulham,0,2026-09-05T14:00:00Z,27,2.0,3.0
647,Osorio,3,1,1.0,0.0,0.0,0.0,0.0,0.0,0.0,0.0,0.0,0.0,0.0,0.0,2.0,0.2,0.0,0.0,0.0,0.13,0.0,377.0,108.0,269.0,0.0,55.0,3,2.0,0.3,0.0,0.0,0.0,1.0,MID,Crystal Palace,Fulham,0,2026-09-05T14:00:00Z,27,2.0,3.0
21,Nørgaard,3,0,0.0,0.0,0.0,0.0,0.0,0.0,0.0,0.0,0.0,0.0,0.0,0.0,0.0,0.0,0.0,0.0,0.0,0.0,0.0,83.0,1201.0,-1118.0,0.1,49.0,3,0.0,0.0,0.0,0.0,0.0,0.0,MID,Everton,Man Utd,1,2026-09-06T13:00:00Z,22,2.0,2.0
209,Johnson,3,1,65.0,0.0,0.0,0.0,1.0,0.0,0.0,0.0,1.0,0.0,0.0,0.0,3.0,3.9,0.05,0.04,0.09,0.3700000000000001,1.0,1013.0,2093.0,-1080.0,0.1,59.0,3,6.6000000000000005,22.9,9.0,3.0,4.0,1.0,MID,Everton,Man Utd,1,2026-09-06T13:00:00Z,22,2.0,2.0
226,Pickford,3,1,90.0,0.0,0.0,0.0,2.0,0.0,0.0,0.0,0.0,0.0,1.0,0.0,6.0,0.8999999999999995,0.0,0.0,0.0,0.6899999999999995,1.0,64678.0,65024.0,-346.0,8.6,55.0,3,9.199999999999996,0.0,0.0,0.0,12.0,0.0,GK,Everton,Man Utd,1,2026-09-06T13:00:00Z,22,2.0,2.0
227,Travers,3,0,0.0,0.0,0.0,0.0,0.0,0.0,0.0,0.0,0.0,0.0,0.0,0.0,0.0,0.0,0.0,0.0,0.0,0.0,0.0,381.0,407.0,-26.0,0.0,50.0,3,0.0,0.0,0.0,0.0,0.0,0.0,GK,Everton,Man Utd,1,2026-09-06T13:00:00Z,22,2.0,2.0
228,King,3,0,0.0,0.0,0.0,0.0,0.0,0.0,0.0,0.0,0.0,0.0,0.0,0.0,0.0,0.0,0.0,0.0,0.0,0.0,0.0,272.0,363.0,-91.0,0.0,45.0,3,0.0,0.0,0.0,0.0,0.0,0.0,GK,Everton,Man Utd,1,2026-09-06T13:00:00Z,22,2.0,2.0
229,Tarkowski,3,3,90.0,0.0,0.0,0.0,2.0,0.0,0.0,0.0,0.0,0.0,0.0,0.0,11.0,3.1,0.02,0.01,0.03,0.6899999999999995,1.0,153055.0,86498.0,66557.0,11.5,60.0,3,24.40000000000001,1.0,6.0,9.0,3.0,3.0,DEF,Everton,Man Utd,1,2026-09-06T13:00:00Z,22,2.0,2.0
230,Branthwaite,3,3,90.0,0.0,0.0,0.0,2.0,0.0,0.0,0.0,0.0,0.0,0.0,0.0,10.0,7.600000000000001,0.08,0.0,0.08,0.6899999999999995,1.0,32754.0,19587.0,13167.0,1.9,55.0,3,41.6,0.6000000000000001,34.0,10.0,4.0,1.0,DEF,Everton,Man Utd,1,2026-09-06T13:00:00Z,22,2.0,2.0
231,Keane,3,0,0.0,0.0,0.0,0.0,0.0,0.0,0.0,0.0,0.0,0.0,0.0,0.0,0.0,0.0,0.0,0.0,0.0,0.0,0.0,1201.0,15628.0,-14427.0,0.9,49.0,3,0.0,0.0,0.0,0.0,0.0,0.0,DEF,Everton,Man Utd,1,2026-09-06T13:00:00Z,22,2.0,2.0
232,O'Brien,3,0,0.0,0.0,0.0,0.0,0.0,0.0,0.0,0.0,0.0,0.0,0.0,0.0,0.0,0.0,0.0,0.0,0.0,0.0,0.0,625.0,4270.0,-3645.0,0.3,49.0,3,0.0,0.0,0.0,0.0,0.0,0.0,DEF,Everton,Man Utd,1,2026-09-06T13:00:00Z,22,2.0,2.0
233,Mykolenko,3,1,90.0,0.0,0.0,0.0,2.0,0.0,0.0,0.0,0.0,0.0,0.0,0.0,8.0,1.4999999999999991,0.0,0.01,0.01,0.6899999999999995,1.0,64374.0,34316.0,30058.0,2.0,45.0,3,12.799999999999995,2.5,0.0,3.0,4.0,3.0,DEF,Everton,Man Utd,1,2026-09-06T13:00:00Z,22,2.0,2.0
234,Patterson,3,0,0.0,0.0,0.0,0.0,0.0,0.0,0.0,0.0,0.0,0.0,0.0,0.0,0.0,0.0,0.0,0.0,0.0,0.0,0.0,0.0,719.0,-719.0,0.0,45.0,3,0.0,0.0,0.0,0.0,0.0,0.0,DEF,Everton,Man Utd,1,2026-09-06T13:00:00Z,22,2.0,2.0
235,Aznou,3,0,0.0,0.0,0.0,0.0,0.0,0.0,0.0,0.0,0.0,0.0,0.0,0.0,0.0,0.0,0.0,0.0,0.0,0.0,0.0,0.0,2963.0,-2963.0,0.1,40.0,3,0.0,0.0,0.0,0.0,0.0,0.0,DEF,Everton,Man Utd,1,2026-09-06T13:00:00Z,22,2.0,2.0
236,Dewsbury-Hall,3,2,90.0,0.0,0.0,0.0,2.0,0.0,0.0,0.0,0.0,0.0,0.0,0.0,20.0,8.700000000000003,0.27,0.07,0.3399999999999999,0.6899999999999995,1.0,128601.0,92540.0,36061.0,4.6,65.0,3,24.0,30.0,33.0,2.0,5.0,4.0,MID,Everton,Man Utd,1,2026-09-06T13:00:00Z,22,2.0,2.0
238,Grealish,3,1,24.0,0.0,0.0,0.0,1.0,0.0,0.0,0.0,0.0,0.0,0.0,0.0,8.0,2.8,0.02,0.13,0.15,0.31,0.0,15133.0,5940.0,9193.0,0.4,65.0,3,6.0,12.3,10.0,0.0,0.0,1.0,MID,Everton,Man Utd,1,2026-09-06T13:00:00Z,22,2.0,2.0
239,Garner,3,2,76.0,0.0,0.0,0.0,1.0,0.0,0.0,0.0,0.0,0.0,0.0,0.0,19.0,4.1,0.0,0.08,0.08,0.4,1.0,2199.0,3562.0,-1363.0,0.1,60.0,3,9.6,31.1,0.0,2.0,5.0,1.0,MID,Everton,Man Utd,1,2026-09-06T13:00:00Z,22,2.0,2.0
242,George,3,10,90.0,1.0,0.0,0.0,2.0,0.0,0.0,0.0,0.0,0.0,0.0,3.0,35.0,10.4,0.04,0.07,0.1099999999999999,0.69,1.0,45737.0,12222.0,33515.0,0.6,55.0,3,44.2,34.4,25.0,1.0,3.0,0.0,MID,Everton,Man Utd,1,2026-09-06T13:00:00Z,22,2.0,2.0
243,Alcaraz,3,0,0.0,0.0,0.0,0.0,0.0,0.0,0.0,0.0,0.0,0.0,0.0,0.0,0.0,0.0,0.0,0.0,0.0,0.0,0.0,566.0,1247.0,-681.0,0.1,49.0,3,0.0,0.0,0.0,0.0,0.0,0.0,MID,Everton,Man Utd,1,2026-09-06T13:00:00Z,22,2.0,2.0
244,Armstrong,3,1,90.0,0.0,0.0,0.0,2.0,0.0,0.0,0.0,1.0,0.0,0.0,0.0,5.0,2.1000000000000005,0.09,0.03,0.12,0.6899999999999995,1.0,12254.0,8371.0,3883.0,0.4,50.0,3,5.200000000000003,6.700000000000003,9.0,3.0,1.0,1.0,MID,Everton,Man Utd,1,2026-09-06T13:00:00Z,22,2.0,2.0
246,Röhl,3,1,74.0,0.0,0.0,0.0,1.0,0.0,0.0,0.0,1.0,0.0,0.0,0.0,10.0,2.1,0.0,0.13,0.13,0.3999999999999994,1.0,539.0,968.0,-429.0,0.0,50.0,3,4.400000000000002,16.8,0.0,2.0,4.0,0.0,MID,Everton,Man Utd,1,2026-09-06T13:00:00Z,22,2.0,2.0
247,Hackney,3,4,15.0,0.0,1.0,0.0,1.0,0.0,0.0,0.0,0.0,0.0,0.0,0.0,14.0,5.6000000000000005,0.04,0.09,0.13,0.29,0.0,1401.0,1865.0,-464.0,0.2,55.0,3,20.6,25.5,10.0,0.0,0.0,1.0,MID,Everton,Man Utd,1,2026-09-06T13:00:00Z,22,2.0,2.0
248,Beto,3,0,0.0,0.0,0.0,0.0,0.0,0.0,0.0,0.0,0.0,0.0,0.0,0.0,0.0,0.0,0.0,0.0,0.0,0.0,0.0,0.0,59469.0,-59469.0,0.9,54.0,3,0.0,0.0,0.0,0.0,0.0,0.0,FWD,Everton,Man Utd,1,2026-09-06T13:00:00Z,22,2.0,2.0
249,Barry,3,2,90.0,0.0,0.0,0.0,2.0,0.0,0.0,0.0,0.0,0.0,0.0,0.0,7.0,3.899999999999999,0.3800000000000001,0.02,0.3999999999999999,0.69,1.0,253067.0,108760.0,144307.0,6.1,56.0,3,0.2000000000000028,15.000000000000004,24.0,0.0,4.0,0.0,FWD,Everton,Man Utd,1,2026-09-06T13:00:00Z,22,2.0,2.0
649,Maitland-Niles,3,7,13.0,1.0,0.0,0.0,1.0,0.0,0.0,0.0,0.0,0.0,0.0,0.0,13.0,4.1,0.03,0.0,0.03,0.29,0.0,16791.0,3331.0,13460.0,0.3,45.0,3,33.4,0.8,7.0,0.0,0.0,0.0,DEF,Everton,Man Utd,1,2026-09-06T13:00:00Z,22,2.0,2.0
654,Graham,3,0,0.0,0.0,0.0,0.0,0.0,0.0,0.0,0.0,0.0,0.0,0.0,0.0,0.0,0.0,0.0,0.0,0.0,0.0,0.0,9168.0,1929.0,7239.0,0.2,45.0,3,0.0,0.0,0.0,0.0,0.0,0.0,MID,Everton,Man Utd,1,2026-09-06T13:00:00Z,22,2.0,2.0
250,Leno,3,1,90.0,0.0,0.0,0.0,3.0,0.0,0.0,0.0,0.0,0.0,2.0,0.0,8.0,1.8999999999999997,0.0,0.0,0.0,1.9700000000000009,1.0,18523.0,32437.0,-13914.0,2.9,45.0,3,18.8,0.0,0.0,0.0,8.0,0.0,GK,Fulham,Crystal Palace,1,2026-09-05T14:00:00Z,27,2.0,3.0
245,Dibling,3,0,0.0,0.0,0.0,0.0,0.0,0.0,0.0,0.0,0.0,0.0,0.0,0.0,0.0,0.0,0.0,0.0,0.0,0.0,0.0,207.0,484.0,-277.0,0.0,54.0,3,0.0,0.0,0.0,0.0,0.0,0.0,MID,Everton,Man Utd,1,2026-09-06T13:00:00Z,22,2.0,2.0
252,McNally,3,0,0.0,0.0,0.0,0.0,0.0,0.0,0.0,0.0,0.0,0.0,0.0,0.0,0.0,0.0,0.0,0.0,0.0,0.0,0.0,0.0,1773.0,-1773.0,0.1,40.0,3,0.0,0.0,0.0,0.0,0.0,0.0,GK,Fulham,Crystal Palace,1,2026-09-05T14:00:00Z,27,2.0,3.0
253,Andersen,3,1,90.0,0.0,0.0,0.0,3.0,0.0,0.0,0.0,0.0,0.0,0.0,0.0,8.0,5.3,0.0,0.06,0.06,1.97,1.0,1829.0,3049.0,-1220.0,0.1,50.0,3,24.4,22.9,6.0,5.0,7.0,2.0,DEF,Fulham,Crystal Palace,1,2026-09-05T14:00:00Z,27,2.0,3.0
254,Robinson,3,1,78.0,0.0,0.0,0.0,3.0,0.0,0.0,0.0,0.0,0.0,0.0,0.0,7.0,4.799999999999999,0.0799999999999999,0.1,0.18,1.97,1.0,4522.0,24299.0,-19777.0,1.4,45.0,3,14.6,24.8,9.0,3.0,5.0,2.0,DEF,Fulham,Crystal Palace,1,2026-09-05T14:00:00Z,27,2.0,3.0
255,J.Cuenca,3,0,0.0,0.0,0.0,0.0,0.0,0.0,0.0,0.0,0.0,0.0,0.0,0.0,0.0,0.0,0.0,0.0,0.0,0.0,0.0,99.0,566.0,-467.0,0.0,45.0,3,0.0,0.0,0.0,0.0,0.0,0.0,DEF,Fulham,Crystal Palace,1,2026-09-05T14:00:00Z,27,2.0,3.0
257,Bassey,3,1,90.0,0.0,0.0,0.0,3.0,0.0,0.0,0.0,0.0,0.0,0.0,0.0,2.0,2.0,0.0,0.04,0.0399999999999999,1.9700000000000009,1.0,2194.0,9517.0,-7323.0,0.7,45.0,3,13.799999999999995,6.4,0.0,1.0,2.0,1.0,DEF,Fulham,Crystal Palace,1,2026-09-05T14:00:00Z,27,2.0,3.0
258,Castagne,3,1,90.0,0.0,0.0,0.0,3.0,0.0,0.0,0.0,0.0,0.0,0.0,0.0,-1.0,7.499999999999998,0.5800000000000001,0.19,0.77,1.97,1.0,6196.0,16150.0,-9954.0,0.8,45.0,3,20.6,24.1,30.0,5.0,5.0,2.0,DEF,Fulham,Crystal Palace,1,2026-09-05T14:00:00Z,27,2.0,3.0
261,Iwobi,3,2,82.0,0.0,0.0,0.0,3.0,0.0,0.0,0.0,0.0,0.0,0.0,0.0,15.0,4.199999999999999,0.04,0.2599999999999999,0.3,1.9700000000000009,1.0,2284.0,15350.0,-13066.0,0.7,54.0,3,7.600000000000001,23.700000000000003,11.0,0.0,3.0,1.0,MID,Fulham,Crystal Palace,1,2026-09-05T14:00:00Z,27,2.0,3.0
262,Smith Rowe,3,1,11.0,0.0,0.0,0.0,0.0,0.0,0.0,0.0,0.0,0.0,0.0,0.0,3.0,0.2999999999999998,0.0,0.0,0.0,0.0,0.0,759.0,4608.0,-3849.0,0.3,54.0,3,0.2000000000000001,0.5,2.0,0.0,0.0,0.0,MID,Fulham,Crystal Palace,1,2026-09-05T14:00:00Z,27,2.0,3.0
263,Kevin,3,0,0.0,0.0,0.0,0.0,0.0,0.0,0.0,0.0,0.0,0.0,0.0,0.0,0.0,0.0,0.0,0.0,0.0,0.0,0.0,232.0,1006.0,-774.0,0.0,54.0,3,0.0,0.0,0.0,0.0,0.0,0.0,MID,Fulham,Crystal Palace,1,2026-09-05T14:00:00Z,27,2.0,3.0
264,Bobb,3,2,78.0,0.0,0.0,0.0,3.0,0.0,0.0,0.0,0.0,0.0,0.0,0.0,17.0,12.3,0.32,0.65,0.97,1.97,1.0,2037.0,5841.0,-3804.0,0.3,55.0,3,11.2,58.8,53.0,0.0,4.0,0.0,MID,Fulham,Crystal Palace,1,2026-09-05T14:00:00Z,27,2.0,3.0
265,Berge,3,1,29.0,0.0,0.0,0.0,1.0,0.0,0.0,0.0,0.0,0.0,0.0,0.0,9.0,0.5999999999999996,0.0,0.1,0.0999999999999999,0.8400000000000007,0.0,700.0,4710.0,-4010.0,0.3,49.0,3,3.1999999999999997,2.8999999999999986,0.0,0.0,2.0,0.0,MID,Fulham,Crystal Palace,1,2026-09-05T14:00:00Z,27,2.0,3.0
266,Cairney,3,0,0.0,0.0,0.0,0.0,0.0,0.0,0.0,0.0,0.0,0.0,0.0,0.0,0.0,0.0,0.0,0.0,0.0,0.0,0.0,39.0,53.0,-14.0,0.0,50.0,3,0.0,0.0,0.0,0.0,0.0,0.0,MID,Fulham,Crystal Palace,1,2026-09-05T14:00:00Z,27,2.0,3.0
268,King,3,10,90.0,1.0,0.0,0.0,3.0,0.0,0.0,0.0,0.0,0.0,0.0,3.0,38.0,10.499999999999998,0.3099999999999999,0.27,0.5800000000000001,1.9700000000000009,1.0,76521.0,31820.0,44701.0,1.2,55.0,3,44.6,26.0,34.0,1.0,5.0,1.0,MID,Fulham,Crystal Palace,1,2026-09-05T14:00:00Z,27,2.0,3.0
269,Sessegnon,3,1,11.0,0.0,0.0,0.0,0.0,0.0,0.0,0.0,0.0,0.0,0.0,0.0,3.0,2.1,0.08,0.32,0.3999999999999999,0.0,0.0,333.0,4246.0,-3913.0,0.3,44.0,3,2.0,14.8,4.0,1.0,1.0,0.0,DEF,Fulham,Crystal Palace,1,2026-09-05T14:00:00Z,27,2.0,3.0
271,Muniz,3,1,7.0,0.0,0.0,0.0,0.0,0.0,0.0,0.0,0.0,0.0,0.0,0.0,5.0,4.0,0.38,0.0,0.38,0.0,0.0,3404.0,7382.0,-3978.0,0.4,54.0,3,3.1999999999999997,10.1,27.0,0.0,0.0,0.0,FWD,Fulham,Crystal Palace,1,2026-09-05T14:00:00Z,27,2.0,3.0
272,Kusi-Asare,3,0,0.0,0.0,0.0,0.0,0.0,0.0,0.0,0.0,0.0,0.0,0.0,0.0,0.0,0.0,0.0,0.0,0.0,0.0,0.0,33418.0,74788.0,-41370.0,6.0,45.0,3,0.0,0.0,0.0,0.0,0.0,0.0,FWD,Fulham,Crystal Palace,1,2026-09-05T14:00:00Z,27,2.0,3.0
651,J.Angulo,3,0,0.0,0.0,0.0,0.0,0.0,0.0,0.0,0.0,0.0,0.0,0.0,0.0,0.0,0.0,0.0,0.0,0.0,0.0,0.0,30944.0,8878.0,22066.0,0.5,45.0,3,0.0,0.0,0.0,0.0,0.0,0.0,FWD,Sunderland,Brentford,0,2026-09-05T14:00:00Z,25,1.0,1.0
11,Mosquera,3,0,0.0,0.0,0.0,0.0,0.0,0.0,0.0,0.0,0.0,0.0,0.0,0.0,0.0,0.0,0.0,0.0,0.0,0.0,0.0,716.0,188266.0,-187550.0,2.5,54.0,3,0.0,0.0,0.0,0.0,0.0,0.0,DEF,Arsenal,Chelsea,1,2026-09-06T15:30:00Z,30,2.0,1.0
569,Gonzalo,3,2,90.0,0.0,0.0,0.0,3.0,0.0,0.0,0.0,0.0,0.0,0.0,0.0,10.0,5.9,0.4399999999999999,0.2,0.6399999999999999,1.9700000000000009,1.0,36778.0,101109.0,-64331.0,3.9,60.0,3,5.800000000000004,14.000000000000002,39.0,3.0,3.0,1.0,FWD,Fulham,Crystal Palace,1,2026-09-05T14:00:00Z,27,2.0,3.0
570,Palacios,3,8,60.0,1.0,0.0,0.0,2.0,0.0,0.0,0.0,0.0,0.0,0.0,1.0,27.0,9.9,0.8,0.0199999999999999,0.8200000000000001,1.1399999999999997,1.0,1380.0,1985.0,-605.0,0.2,55.0,3,33.800000000000004,13.7,51.0,0.0,0.0,0.0,MID,Fulham,Crystal Palace,1,2026-09-05T14:00:00Z,27,2.0,3.0
580,Charles,3,2,78.0,0.0,0.0,0.0,3.0,0.0,0.0,0.0,0.0,0.0,0.0,0.0,18.0,5.6,0.0,0.09,0.09,1.97,1.0,289.0,871.0,-582.0,0.1,50.0,3,12.4,35.2,8.0,3.0,8.0,0.0,MID,Fulham,Crystal Palace,1,2026-09-05T14:00:00Z,27,2.0,3.0
610,De Fougerolles,3,0,0.0,0.0,0.0,0.0,0.0,0.0,0.0,0.0,0.0,0.0,0.0,0.0,0.0,0.0,0.0,0.0,0.0,0.0,0.0,522.0,1197.0,-675.0,0.1,40.0,3,0.0,0.0,0.0,0.0,0.0,0.0,DEF,Fulham,Crystal Palace,1,2026-09-05T14:00:00Z,27,2.0,3.0
635,Larsson,3,1,11.0,0.0,0.0,0.0,0.0,0.0,0.0,0.0,0.0,0.0,0.0,0.0,3.0,1.4,0.13,0.22,0.35,0.0,0.0,255.0,73.0,182.0,0.0,50.0,3,3.6,1.3,9.0,0.0,0.0,1.0,MID,Fulham,Crystal Palace,1,2026-09-05T14:00:00Z,27,2.0,3.0
650,Affengruber,3,0,0.0,0.0,0.0,0.0,0.0,0.0,0.0,0.0,0.0,0.0,0.0,0.0,0.0,0.0,0.0,0.0,0.0,0.0,0.0,261.0,98.0,163.0,0.0,45.0,3,0.0,0.0,0.0,0.0,0.0,0.0,DEF,Fulham,Crystal Palace,1,2026-09-05T14:00:00Z,27,2.0,3.0
240,Iroegbunam,3,0,0.0,0.0,0.0,0.0,0.0,0.0,0.0,0.0,0.0,0.0,0.0,0.0,0.0,0.0,0.0,0.0,0.0,0.0,0.0,319.0,201.0,118.0,0.0,50.0,3,0.0,0.0,0.0,0.0,0.0,0.0,MID,Hull City,Aston Villa,1,2026-09-05T16:30:00Z,21,0.0,0.0
274,Butland,3,0,0.0,0.0,0.0,0.0,0.0,0.0,0.0,0.0,0.0,0.0,0.0,0.0,0.0,0.0,0.0,0.0,0.0,0.0,0.0,158.0,812.0,-654.0,0.1,45.0,3,0.0,0.0,0.0,0.0,0.0,0.0,GK,Hull City,Aston Villa,1,2026-09-05T16:30:00Z,21,0.0,0.0
275,Cartwright,3,0,0.0,0.0,0.0,0.0,0.0,0.0,0.0,0.0,0.0,0.0,0.0,0.0,0.0,0.0,0.0,0.0,0.0,0.0,0.0,0.0,62.0,-62.0,0.0,40.0,3,0.0,0.0,0.0,0.0,0.0,0.0,GK,Hull City,Aston Villa,1,2026-09-05T16:30:00Z,21,0.0,0.0
276,Lo-Tutala,3,0,0.0,0.0,0.0,0.0,0.0,0.0,0.0,0.0,0.0,0.0,0.0,0.0,0.0,0.0,0.0,0.0,0.0,0.0,0.0,0.0,191.0,-191.0,0.0,40.0,3,0.0,0.0,0.0,0.0,0.0,0.0,GK,Hull City,Aston Villa,1,2026-09-05T16:30:00Z,21,0.0,0.0
277,Egan,3,6,90.0,0.0,0.0,1.0,0.0,0.0,0.0,0.0,0.0,0.0,0.0,0.0,18.0,1.5999999999999996,0.0,0.0,0.0,1.93,1.0,216072.0,66581.0,149491.0,6.4,41.0,3,15.399999999999991,0.0999999999999999,0.0,4.0,1.0,3.0,DEF,Hull City,Aston Villa,1,2026-09-05T16:30:00Z,21,0.0,0.0
278,Hughes,3,0,0.0,0.0,0.0,0.0,0.0,0.0,0.0,0.0,0.0,0.0,0.0,0.0,0.0,0.0,0.0,0.0,0.0,0.0,0.0,167.0,1119.0,-952.0,0.1,40.0,3,0.0,0.0,0.0,0.0,0.0,0.0,DEF,Hull City,Aston Villa,1,2026-09-05T16:30:00Z,21,0.0,0.0
279,Ajayi,3,5,90.0,0.0,0.0,1.0,0.0,0.0,0.0,0.0,1.0,0.0,0.0,0.0,17.0,1.1999999999999993,0.0,0.0,0.0,1.93,1.0,331518.0,73366.0,258152.0,12.4,42.0,3,11.0,0.7,0.0,5.0,1.0,1.0,DEF,Hull City,Aston Villa,1,2026-09-05T16:30:00Z,21,0.0,0.0
280,Coyle,3,6,63.0,0.0,0.0,1.0,0.0,0.0,0.0,0.0,0.0,0.0,0.0,0.0,19.0,0.5999999999999996,0.0,0.01,0.01,1.81,1.0,8444.0,3824.0,4620.0,0.6,40.0,3,1.4000000000000004,4.6,0.0,0.0,0.0,0.0,DEF,Hull City,Aston Villa,1,2026-09-05T16:30:00Z,21,0.0,0.0
281,Drameh,3,0,0.0,0.0,0.0,0.0,0.0,0.0,0.0,0.0,0.0,0.0,0.0,0.0,0.0,0.0,0.0,0.0,0.0,0.0,0.0,0.0,1459.0,-1459.0,0.0,40.0,3,0.0,0.0,0.0,0.0,0.0,0.0,DEF,Hull City,Aston Villa,1,2026-09-05T16:30:00Z,21,0.0,0.0
283,Jacob,3,0,0.0,0.0,0.0,0.0,0.0,0.0,0.0,0.0,0.0,0.0,0.0,0.0,0.0,0.0,0.0,0.0,0.0,0.0,0.0,0.0,121.0,-121.0,0.0,40.0,3,0.0,0.0,0.0,0.0,0.0,0.0,DEF,Hull City,Aston Villa,1,2026-09-05T16:30:00Z,21,0.0,0.0
285,McNair,3,0,0.0,0.0,0.0,0.0,0.0,0.0,0.0,0.0,0.0,0.0,0.0,0.0,0.0,0.0,0.0,0.0,0.0,0.0,0.0,533.0,1144.0,-611.0,0.1,40.0,3,0.0,0.0,0.0,0.0,0.0,0.0,DEF,Hull City,Aston Villa,1,2026-09-05T16:30:00Z,21,0.0,0.0
286,Belloumi,3,5,81.0,0.0,0.0,1.0,0.0,0.0,0.0,0.0,0.0,0.0,0.0,0.0,15.0,4.5,0.03,0.0099999999999999,0.04,1.93,1.0,24777.0,10786.0,13991.0,1.0,50.0,3,22.800000000000004,12.4,10.0,8.0,1.0,3.0,MID,Hull City,Aston Villa,1,2026-09-05T16:30:00Z,21,0.0,0.0
287,Millar,3,0,0.0,0.0,0.0,0.0,0.0,0.0,0.0,0.0,0.0,0.0,0.0,0.0,0.0,0.0,0.0,0.0,0.0,0.0,0.0,0.0,2408.0,-2408.0,0.0,50.0,3,0.0,0.0,0.0,0.0,0.0,0.0,MID,Hull City,Aston Villa,1,2026-09-05T16:30:00Z,21,0.0,0.0
288,Dowell,3,0,0.0,0.0,0.0,0.0,0.0,0.0,0.0,0.0,0.0,0.0,0.0,0.0,0.0,0.0,0.0,0.0,0.0,0.0,0.0,2651.0,4608.0,-1957.0,0.3,45.0,3,0.0,0.0,0.0,0.0,0.0,0.0,MID,Hull City,Aston Villa,1,2026-09-05T16:30:00Z,21,0.0,0.0
289,Crooks,3,0,0.0,0.0,0.0,0.0,0.0,0.0,0.0,0.0,0.0,0.0,0.0,0.0,0.0,0.0,0.0,0.0,0.0,0.0,0.0,2012.0,8480.0,-6468.0,0.5,45.0,3,0.0,0.0,0.0,0.0,0.0,0.0,MID,Hull City,Aston Villa,1,2026-09-05T16:30:00Z,21,0.0,0.0
290,Slater,3,3,90.0,0.0,0.0,1.0,0.0,0.0,0.0,0.0,0.0,0.0,0.0,0.0,10.0,3.1000000000000005,0.04,0.01,0.0499999999999999,1.93,1.0,152662.0,81908.0,70754.0,5.5,45.0,3,10.599999999999998,12.299999999999995,8.0,3.0,2.0,1.0,MID,Hull City,Aston Villa,1,2026-09-05T16:30:00Z,21,0.0,0.0
291,Matazo,3,0,0.0,0.0,0.0,0.0,0.0,0.0,0.0,0.0,0.0,0.0,0.0,0.0,0.0,0.0,0.0,0.0,0.0,0.0,0.0,112.0,111.0,1.0,0.0,45.0,3,0.0,0.0,0.0,0.0,0.0,0.0,MID,Hull City,Aston Villa,1,2026-09-05T16:30:00Z,21,0.0,0.0
292,Ömür,3,0,0.0,0.0,0.0,0.0,0.0,0.0,0.0,0.0,0.0,0.0,0.0,0.0,0.0,0.0,0.0,0.0,0.0,0.0,0.0,296.0,314.0,-18.0,0.0,49.0,3,0.0,0.0,0.0,0.0,0.0,0.0,MID,Hull City,Aston Villa,1,2026-09-05T16:30:00Z,21,0.0,0.0
293,Kamara,3,0,0.0,0.0,0.0,0.0,0.0,0.0,0.0,0.0,0.0,0.0,0.0,0.0,0.0,0.0,0.0,0.0,0.0,0.0,0.0,0.0,46.0,-46.0,0.0,50.0,3,0.0,0.0,0.0,0.0,0.0,0.0,MID,Hull City,Aston Villa,1,2026-09-05T16:30:00Z,21,0.0,0.0
294,Zambrano,3,0,0.0,0.0,0.0,0.0,0.0,0.0,0.0,0.0,0.0,0.0,0.0,0.0,0.0,0.0,0.0,0.0,0.0,0.0,0.0,1263.0,1060.0,203.0,0.1,45.0,3,0.0,0.0,0.0,0.0,0.0,0.0,MID,Hull City,Aston Villa,1,2026-09-05T16:30:00Z,21,0.0,0.0
47,Kamara,3,3,90.0,0.0,0.0,1.0,0.0,0.0,0.0,0.0,0.0,0.0,0.0,0.0,20.0,4.0,0.0,0.07,0.07,0.5700000000000003,1.0,3455.0,4423.0,-968.0,0.3,50.0,3,13.599999999999998,26.200000000000003,0.0,3.0,6.0,1.0,MID,Aston Villa,Hull City,0,2026-09-05T16:30:00Z,21,0.0,0.0
295,McBurnie,3,2,90.0,0.0,0.0,1.0,0.0,0.0,0.0,0.0,0.0,0.0,0.0,0.0,2.0,2.9000000000000004,0.38,0.05,0.43,1.93,1.0,21078.0,37923.0,-16845.0,1.9,55.0,3,2.6000000000000014,11.300000000000004,15.0,1.0,0.0,2.0,FWD,Hull City,Aston Villa,1,2026-09-05T16:30:00Z,21,0.0,0.0
296,Akintola,3,0,0.0,0.0,0.0,0.0,0.0,0.0,0.0,0.0,0.0,0.0,0.0,0.0,0.0,0.0,0.0,0.0,0.0,0.0,0.0,525.0,1021.0,-496.0,0.0,50.0,3,0.0,0.0,0.0,0.0,0.0,0.0,MID,Hull City,Aston Villa,1,2026-09-05T16:30:00Z,21,0.0,0.0
297,Gyabi,3,0,0.0,0.0,0.0,0.0,0.0,0.0,0.0,0.0,0.0,0.0,0.0,0.0,0.0,0.0,0.0,0.0,0.0,0.0,0.0,114.0,261.0,-147.0,0.0,45.0,3,0.0,0.0,0.0,0.0,0.0,0.0,MID,Hull City,Aston Villa,1,2026-09-05T16:30:00Z,21,0.0,0.0
298,Destan,3,0,0.0,0.0,0.0,0.0,0.0,0.0,0.0,0.0,0.0,0.0,0.0,0.0,0.0,0.0,0.0,0.0,0.0,0.0,0.0,0.0,3595.0,-3595.0,0.2,45.0,3,0.0,0.0,0.0,0.0,0.0,0.0,FWD,Hull City,Aston Villa,1,2026-09-05T16:30:00Z,21,0.0,0.0
340,Gelhardt,3,0,0.0,0.0,0.0,0.0,0.0,0.0,0.0,0.0,0.0,0.0,0.0,0.0,0.0,0.0,0.0,0.0,0.0,0.0,0.0,176.0,155.0,21.0,0.0,50.0,3,0.0,0.0,0.0,0.0,0.0,0.0,MID,Hull City,Aston Villa,1,2026-09-05T16:30:00Z,21,0.0,0.0
556,Targett,3,0,0.0,0.0,0.0,0.0,0.0,0.0,0.0,0.0,0.0,0.0,0.0,0.0,0.0,0.0,0.0,0.0,0.0,0.0,0.0,4838.0,18104.0,-13266.0,1.9,40.0,3,0.0,0.0,0.0,0.0,0.0,0.0,DEF,Hull City,Aston Villa,1,2026-09-05T16:30:00Z,21,0.0,0.0
563,Morita,3,0,0.0,0.0,0.0,0.0,0.0,0.0,0.0,0.0,0.0,0.0,0.0,0.0,0.0,0.0,0.0,0.0,0.0,0.0,0.0,137.0,476.0,-339.0,0.0,50.0,3,0.0,0.0,0.0,0.0,0.0,0.0,MID,Hull City,Aston Villa,1,2026-09-05T16:30:00Z,21,0.0,0.0
572,Tzolakis,3,6,90.0,0.0,0.0,1.0,0.0,0.0,0.0,0.0,0.0,0.0,1.0,0.0,25.0,1.2000000000000002,0.0,0.0,0.0,1.93,1.0,227006.0,63225.0,163781.0,9.9,46.0,3,11.600000000000009,0.0,0.0,0.0,10.0,0.0,GK,Hull City,Aston Villa,1,2026-09-05T16:30:00Z,21,0.0,0.0
574,Hjertø-Dahl,3,1,8.0,0.0,0.0,0.0,0.0,0.0,0.0,0.0,0.0,0.0,0.0,0.0,4.0,0.0,0.0,0.0,0.0,0.0,0.0,418.0,823.0,-405.0,0.1,49.0,3,0.0,0.0,0.0,0.0,1.0,0.0,MID,Hull City,Aston Villa,1,2026-09-05T16:30:00Z,21,0.0,0.0
576,Stroud,3,3,62.0,0.0,0.0,1.0,0.0,0.0,0.0,0.0,0.0,0.0,0.0,0.0,5.0,1.4,0.04,0.01,0.05,1.81,1.0,577.0,964.0,-387.0,0.1,50.0,3,0.0,11.8,4.0,0.0,2.0,0.0,MID,Hull City,Aston Villa,1,2026-09-05T16:30:00Z,21,0.0,0.0
585,Herrington,3,1,19.0,0.0,0.0,0.0,0.0,0.0,0.0,0.0,0.0,0.0,0.0,0.0,2.0,0.7,0.0,0.0,0.0,0.1200000000000001,0.0,1961.0,4305.0,-2344.0,0.6,40.0,3,6.600000000000001,0.0999999999999999,0.0,1.0,1.0,1.0,DEF,Hull City,Aston Villa,1,2026-09-05T16:30:00Z,21,0.0,0.0
586,Mendy,3,8,70.0,0.0,0.0,1.0,0.0,0.0,0.0,0.0,0.0,0.0,0.0,0.0,22.0,3.1,0.03,0.0,0.03,1.81,1.0,298783.0,64275.0,234508.0,8.2,41.0,3,16.19999999999999,0.6,14.0,7.0,2.0,3.0,DEF,Hull City,Aston Villa,1,2026-09-05T16:30:00Z,21,0.0,0.0
589,Gourna-Douath,3,2,81.0,0.0,0.0,1.0,0.0,0.0,0.0,0.0,1.0,0.0,0.0,0.0,7.0,3.5000000000000004,0.0,0.01,0.01,1.93,1.0,166.0,271.0,-105.0,0.0,50.0,3,13.4,21.6,0.0,4.0,5.0,1.0,MID,Hull City,Aston Villa,1,2026-09-05T16:30:00Z,21,0.0,0.0
617,Cho,3,1,8.0,0.0,0.0,0.0,0.0,0.0,0.0,0.0,0.0,0.0,0.0,0.0,5.0,2.0,0.05,0.0,0.05,0.0,0.0,330.0,179.0,151.0,0.0,50.0,3,3.0,0.0,17.0,0.0,0.0,0.0,MID,Hull City,Aston Villa,1,2026-09-05T16:30:00Z,21,0.0,0.0
632,Ansah,3,0,0.0,0.0,0.0,0.0,0.0,0.0,0.0,0.0,0.0,0.0,0.0,0.0,0.0,0.0,0.0,0.0,0.0,0.0,0.0,2703.0,1445.0,1258.0,0.0,50.0,3,0.0,0.0,0.0,0.0,0.0,0.0,FWD,Hull City,Aston Villa,1,2026-09-05T16:30:00Z,21,0.0,0.0
637,Vaz,3,0,0.0,0.0,0.0,0.0,0.0,0.0,0.0,0.0,0.0,0.0,0.0,0.0,0.0,0.0,0.0,0.0,0.0,0.0,0.0,3162.0,841.0,2321.0,0.0,50.0,3,0.0,0.0,0.0,0.0,0.0,0.0,FWD,Hull City,Aston Villa,1,2026-09-05T16:30:00Z,21,0.0,0.0
638,Norton-Cuffy,3,1,26.0,0.0,0.0,0.0,0.0,0.0,0.0,0.0,0.0,0.0,0.0,0.0,3.0,0.5,0.0,0.0,0.0,0.12,0.0,13763.0,3303.0,10460.0,0.3,40.0,3,2.2,0.3,2.0,1.0,2.0,0.0,DEF,Hull City,Aston Villa,1,2026-09-05T16:30:00Z,21,0.0,0.0
642,Thomas,3,1,27.0,0.0,0.0,0.0,0.0,0.0,0.0,0.0,0.0,0.0,0.0,0.0,5.0,1.4,0.0,0.04,0.04,0.12,0.0,847.0,258.0,589.0,0.0,55.0,3,3.2,10.8,0.0,0.0,1.0,0.0,MID,Hull City,Aston Villa,1,2026-09-05T16:30:00Z,21,0.0,0.0
645,Mouzakitis,3,0,0.0,0.0,0.0,0.0,0.0,0.0,0.0,0.0,0.0,0.0,0.0,0.0,0.0,0.0,0.0,0.0,0.0,0.0,0.0,262.0,84.0,178.0,0.0,50.0,3,0.0,0.0,0.0,0.0,0.0,0.0,MID,Hull City,Aston Villa,1,2026-09-05T16:30:00Z,21,0.0,0.0
259,Diop,3,3,90.0,0.0,0.0,0.0,2.0,0.0,0.0,0.0,0.0,0.0,0.0,0.0,10.0,3.8000000000000007,0.0,0.01,0.01,0.6900000000000004,1.0,35659.0,133051.0,-97392.0,14.3,40.0,3,27.200000000000003,10.8,0.0,9.0,2.0,2.0,DEF,Ipswich Town,Liverpool,1,2026-09-04T19:00:00Z,26,0.0,2.0
267,Lukić,3,2,90.0,0.0,0.0,0.0,2.0,0.0,0.0,0.0,0.0,0.0,0.0,0.0,13.0,2.5,0.0,0.0199999999999999,0.02,0.6899999999999995,1.0,731.0,1318.0,-587.0,0.1,50.0,3,10.400000000000006,14.2,0.0,1.0,2.0,1.0,MID,Ipswich Town,Liverpool,1,2026-09-04T19:00:00Z,26,0.0,2.0
300,Walton,3,0,0.0,0.0,0.0,0.0,0.0,0.0,0.0,0.0,0.0,0.0,0.0,0.0,0.0,0.0,0.0,0.0,0.0,0.0,0.0,291.0,2598.0,-2307.0,0.4,44.0,3,0.0,0.0,0.0,0.0,0.0,0.0,GK,Ipswich Town,Liverpool,1,2026-09-04T19:00:00Z,26,0.0,2.0
302,Button,3,0,0.0,0.0,0.0,0.0,0.0,0.0,0.0,0.0,0.0,0.0,0.0,0.0,0.0,0.0,0.0,0.0,0.0,0.0,0.0,15139.0,5096.0,10043.0,0.6,40.0,3,0.0,0.0,0.0,0.0,0.0,0.0,GK,Ipswich Town,Liverpool,1,2026-09-04T19:00:00Z,26,0.0,2.0
304,O'Shea,3,3,90.0,0.0,0.0,0.0,2.0,0.0,0.0,0.0,0.0,0.0,0.0,0.0,5.0,3.1999999999999997,0.0,0.0099999999999999,0.01,0.6900000000000004,1.0,15998.0,37837.0,-21839.0,3.0,40.0,3,23.8,4.399999999999999,4.0,8.0,3.0,3.0,DEF,Ipswich Town,Liverpool,1,2026-09-04T19:00:00Z,26,0.0,2.0
305,Davis,3,1,90.0,0.0,0.0,0.0,2.0,0.0,0.0,0.0,0.0,0.0,0.0,0.0,4.0,5.800000000000001,0.1099999999999999,0.12,0.2299999999999999,0.6900000000000004,1.0,42126.0,56479.0,-14353.0,5.1,40.0,3,17.39999999999999,21.5,19.0,4.0,3.0,2.0,DEF,Ipswich Town,Liverpool,1,2026-09-04T19:00:00Z,26,0.0,2.0
306,Greaves,3,1,90.0,0.0,0.0,0.0,2.0,0.0,0.0,0.0,0.0,0.0,0.0,0.0,6.0,3.1000000000000005,0.0,0.04,0.04,0.6900000000000004,1.0,1836.0,8870.0,-7034.0,1.2,40.0,3,15.0,12.3,4.0,6.0,3.0,1.0,DEF,Ipswich Town,Liverpool,1,2026-09-04T19:00:00Z,26,0.0,2.0
307,Johnson,3,0,0.0,0.0,0.0,0.0,0.0,0.0,0.0,0.0,0.0,0.0,0.0,0.0,0.0,0.0,0.0,0.0,0.0,0.0,0.0,0.0,2278.0,-2278.0,0.1,40.0,3,0.0,0.0,0.0,0.0,0.0,0.0,DEF,Ipswich Town,Liverpool,1,2026-09-04T19:00:00Z,26,0.0,2.0
309,Núñez,3,0,0.0,0.0,0.0,0.0,0.0,0.0,0.0,0.0,0.0,0.0,0.0,0.0,0.0,0.0,0.0,0.0,0.0,0.0,0.0,360.0,1755.0,-1395.0,0.1,50.0,3,0.0,0.0,0.0,0.0,0.0,0.0,MID,Ipswich Town,Liverpool,1,2026-09-04T19:00:00Z,26,0.0,2.0
310,Matusiwa,3,0,0.0,0.0,0.0,0.0,0.0,0.0,0.0,0.0,0.0,0.0,0.0,0.0,0.0,0.0,0.0,0.0,0.0,0.0,0.0,35.0,43.0,-8.0,0.0,49.0,3,0.0,0.0,0.0,0.0,0.0,0.0,MID,Ipswich Town,Liverpool,1,2026-09-04T19:00:00Z,26,0.0,2.0
311,Burns,3,0,0.0,0.0,0.0,0.0,0.0,0.0,0.0,0.0,0.0,0.0,0.0,0.0,0.0,0.0,0.0,0.0,0.0,0.0,0.0,0.0,38.0,-38.0,0.0,50.0,3,0.0,0.0,0.0,0.0,0.0,0.0,MID,Ipswich Town,Liverpool,1,2026-09-04T19:00:00Z,26,0.0,2.0
55,Watkins,3,0,0.0,0.0,0.0,0.0,0.0,0.0,0.0,0.0,0.0,0.0,0.0,0.0,0.0,0.0,0.0,0.0,0.0,0.0,0.0,0.0,122478.0,-122478.0,3.0,78.0,3,0.0,0.0,0.0,0.0,0.0,0.0,FWD,Aston Villa,Hull City,0,2026-09-05T16:30:00Z,21,0.0,0.0
312,Taylor,3,0,0.0,0.0,0.0,0.0,0.0,0.0,0.0,0.0,0.0,0.0,0.0,0.0,0.0,0.0,0.0,0.0,0.0,0.0,0.0,170.0,432.0,-262.0,0.0,45.0,3,0.0,0.0,0.0,0.0,0.0,0.0,MID,Ipswich Town,Liverpool,1,2026-09-04T19:00:00Z,26,0.0,2.0
313,Clarke,3,1,24.0,0.0,0.0,0.0,0.0,0.0,0.0,0.0,0.0,0.0,0.0,0.0,3.0,1.8999999999999997,0.0499999999999999,0.02,0.07,0.06,0.0,439.0,3465.0,-3026.0,0.2,54.0,3,3.3999999999999986,11.7,4.0,1.0,1.0,0.0,MID,Ipswich Town,Liverpool,1,2026-09-04T19:00:00Z,26,0.0,2.0
314,Ogbene,3,0,0.0,0.0,0.0,0.0,0.0,0.0,0.0,0.0,0.0,0.0,0.0,0.0,0.0,0.0,0.0,0.0,0.0,0.0,0.0,0.0,317.0,-317.0,0.0,49.0,3,0.0,0.0,0.0,0.0,0.0,0.0,MID,Ipswich Town,Liverpool,1,2026-09-04T19:00:00Z,26,0.0,2.0
315,Fatawu,3,2,78.0,0.0,0.0,0.0,2.0,0.0,0.0,0.0,0.0,0.0,0.0,0.0,14.0,4.700000000000001,0.03,0.15,0.18,0.6900000000000004,1.0,1827.0,2258.0,-431.0,0.2,55.0,3,10.199999999999996,32.89999999999999,4.0,2.0,2.0,2.0,MID,Ipswich Town,Liverpool,1,2026-09-04T19:00:00Z,26,0.0,2.0
316,Emersonn,3,2,65.0,0.0,0.0,0.0,2.0,0.0,0.0,0.0,0.0,0.0,0.0,0.0,8.0,1.0999999999999996,0.22,0.0,0.22,0.6200000000000001,1.0,24686.0,23035.0,1651.0,1.7,55.0,3,3.199999999999996,0.0,8.0,1.0,1.0,1.0,FWD,Ipswich Town,Liverpool,1,2026-09-04T19:00:00Z,26,0.0,2.0
317,Hirst,3,0,0.0,0.0,0.0,0.0,0.0,0.0,0.0,0.0,0.0,0.0,0.0,0.0,0.0,0.0,0.0,0.0,0.0,0.0,0.0,0.0,2061.0,-2061.0,0.1,50.0,3,0.0,0.0,0.0,0.0,0.0,0.0,FWD,Ipswich Town,Liverpool,1,2026-09-04T19:00:00Z,26,0.0,2.0
318,Philogene,3,0,0.0,0.0,0.0,0.0,0.0,0.0,0.0,0.0,0.0,0.0,0.0,0.0,0.0,0.0,0.0,0.0,0.0,0.0,0.0,29.0,1294.0,-1265.0,0.1,54.0,3,0.0,0.0,0.0,0.0,0.0,0.0,MID,Ipswich Town,Liverpool,1,2026-09-04T19:00:00Z,26,0.0,2.0
319,Szmodics,3,0,0.0,0.0,0.0,0.0,0.0,0.0,0.0,0.0,0.0,0.0,0.0,0.0,0.0,0.0,0.0,0.0,0.0,0.0,0.0,0.0,84.0,-84.0,0.0,50.0,3,0.0,0.0,0.0,0.0,0.0,0.0,MID,Ipswich Town,Liverpool,1,2026-09-04T19:00:00Z,26,0.0,2.0
320,Akpom,3,0,0.0,0.0,0.0,0.0,0.0,0.0,0.0,0.0,0.0,0.0,0.0,0.0,0.0,0.0,0.0,0.0,0.0,0.0,0.0,34892.0,18230.0,16662.0,1.2,50.0,3,0.0,0.0,0.0,0.0,0.0,0.0,FWD,Ipswich Town,Liverpool,1,2026-09-04T19:00:00Z,26,0.0,2.0
321,Walle Egeli,3,0,0.0,0.0,0.0,0.0,0.0,0.0,0.0,0.0,0.0,0.0,0.0,0.0,0.0,0.0,0.0,0.0,0.0,0.0,0.0,77238.0,53759.0,23479.0,3.5,45.0,3,0.0,0.0,0.0,0.0,0.0,0.0,FWD,Ipswich Town,Liverpool,1,2026-09-04T19:00:00Z,26,0.0,2.0
322,Al-Hamadi,3,0,0.0,0.0,0.0,0.0,0.0,0.0,0.0,0.0,0.0,0.0,0.0,0.0,0.0,0.0,0.0,0.0,0.0,0.0,0.0,0.0,1591.0,-1591.0,0.1,50.0,3,0.0,0.0,0.0,0.0,0.0,0.0,FWD,Ipswich Town,Liverpool,1,2026-09-04T19:00:00Z,26,0.0,2.0
323,McAteer,3,1,11.0,0.0,0.0,0.0,0.0,0.0,0.0,0.0,0.0,0.0,0.0,0.0,5.0,1.1,0.05,0.0,0.05,0.0,0.0,6871.0,13334.0,-6463.0,1.2,45.0,3,3.2,0.5,7.0,0.0,1.0,0.0,MID,Ipswich Town,Liverpool,1,2026-09-04T19:00:00Z,26,0.0,2.0
324,Mehmeti,3,0,0.0,0.0,0.0,0.0,0.0,0.0,0.0,0.0,0.0,0.0,0.0,0.0,0.0,0.0,0.0,0.0,0.0,0.0,0.0,89.0,510.0,-421.0,0.0,49.0,3,0.0,0.0,0.0,0.0,0.0,0.0,MID,Ipswich Town,Liverpool,1,2026-09-04T19:00:00Z,26,0.0,2.0
554,Van Oevelen,3,0,0.0,0.0,0.0,0.0,0.0,0.0,0.0,0.0,0.0,0.0,0.0,0.0,0.0,0.0,0.0,0.0,0.0,0.0,0.0,0.0,284.0,-284.0,0.0,45.0,3,0.0,0.0,0.0,0.0,0.0,0.0,GK,Ipswich Town,Liverpool,1,2026-09-04T19:00:00Z,26,0.0,2.0
562,Maeda,3,2,65.0,0.0,0.0,0.0,2.0,0.0,0.0,0.0,0.0,0.0,0.0,0.0,9.0,2.5,0.0399999999999999,0.0,0.0399999999999999,0.6200000000000001,1.0,826.0,4244.0,-3418.0,0.3,54.0,3,8.2,0.1,17.0,2.0,1.0,2.0,MID,Ipswich Town,Liverpool,1,2026-09-04T19:00:00Z,26,0.0,2.0
34,Pau,3,0,0.0,0.0,0.0,0.0,0.0,0.0,0.0,0.0,0.0,0.0,0.0,0.0,0.0,0.0,0.0,0.0,0.0,0.0,0.0,3539.0,5232.0,-1693.0,0.4,45.0,3,0.0,0.0,0.0,0.0,0.0,0.0,DEF,Aston Villa,Hull City,0,2026-09-05T16:30:00Z,21,0.0,0.0
564,Scherpen,3,2,90.0,0.0,0.0,0.0,2.0,0.0,0.0,0.0,0.0,0.0,5.0,0.0,13.0,2.8000000000000007,0.0,0.0,0.0,0.6900000000000004,1.0,5271.0,5194.0,77.0,0.6,45.0,3,27.8,0.0,0.0,0.0,7.0,0.0,GK,Ipswich Town,Liverpool,1,2026-09-04T19:00:00Z,26,0.0,2.0
571,Florentino,3,0,0.0,0.0,0.0,0.0,0.0,0.0,0.0,0.0,0.0,0.0,0.0,0.0,0.0,0.0,0.0,0.0,0.0,0.0,0.0,318.0,1135.0,-817.0,0.1,49.0,3,0.0,0.0,0.0,0.0,0.0,0.0,MID,Ipswich Town,Liverpool,1,2026-09-04T19:00:00Z,26,0.0,2.0
591,Enciso,3,1,90.0,0.0,0.0,0.0,2.0,0.0,0.0,0.0,1.0,0.0,0.0,0.0,16.0,5.6,0.24,0.02,0.26,0.6899999999999995,1.0,26316.0,14492.0,11824.0,0.9,55.0,3,10.200000000000005,22.5,23.0,2.0,3.0,0.0,MID,Ipswich Town,Liverpool,1,2026-09-04T19:00:00Z,26,0.0,2.0
592,Ouattara,3,1,12.0,0.0,0.0,0.0,0.0,0.0,0.0,0.0,0.0,0.0,0.0,0.0,4.0,1.7999999999999998,0.0,0.02,0.02,0.0,0.0,2807.0,5219.0,-2412.0,0.9,40.0,3,3.6000000000000005,14.000000000000002,0.0,0.0,2.0,0.0,DEF,Ipswich Town,Liverpool,1,2026-09-04T19:00:00Z,26,0.0,2.0
602,Humphreys,3,0,0.0,0.0,0.0,0.0,0.0,0.0,0.0,0.0,0.0,0.0,0.0,0.0,0.0,0.0,0.0,0.0,0.0,0.0,0.0,0.0,939.0,-939.0,0.0,45.0,3,0.0,0.0,0.0,0.0,0.0,0.0,MID,Ipswich Town,Liverpool,1,2026-09-04T19:00:00Z,26,0.0,2.0
619,Palacios,3,4,77.0,0.0,0.0,0.0,2.0,0.0,0.0,0.0,0.0,0.0,0.0,0.0,24.0,4.300000000000001,0.0,0.0199999999999999,0.0199999999999999,0.69,1.0,2201.0,857.0,1344.0,0.0,50.0,3,20.2,22.5,0.0,3.0,12.0,4.0,MID,Ipswich Town,Liverpool,1,2026-09-04T19:00:00Z,26,0.0,2.0
640,Flemming,3,1,24.0,0.0,0.0,0.0,0.0,0.0,0.0,0.0,0.0,0.0,0.0,0.0,4.0,1.1,0.02,0.01,0.03,0.06,0.0,2375.0,636.0,1739.0,0.0,55.0,3,3.2,0.5,7.0,0.0,0.0,0.0,FWD,Ipswich Town,Liverpool,1,2026-09-04T19:00:00Z,26,0.0,2.0
260,Wilson,3,0,17.0,0.0,0.0,0.0,0.0,0.0,0.0,0.0,1.0,0.0,0.0,0.0,0.0,2.4000000000000004,0.0,0.0,0.0,1.32,0.0,3097.0,117182.0,-114085.0,2.8,63.0,3,1.4000000000000004,20.300000000000004,2.0,0.0,1.0,0.0,MID,Leeds,Brighton,0,2026-09-05T14:00:00Z,29,1.0,1.0
326,Perri,3,0,0.0,0.0,0.0,0.0,0.0,0.0,0.0,0.0,0.0,0.0,0.0,0.0,0.0,0.0,0.0,0.0,0.0,0.0,0.0,0.0,6636.0,-6636.0,0.4,45.0,3,0.0,0.0,0.0,0.0,0.0,0.0,GK,Leeds,Brighton,0,2026-09-05T14:00:00Z,29,1.0,1.0
327,Bijol,3,1,29.0,0.0,0.0,0.0,1.0,0.0,0.0,0.0,0.0,0.0,0.0,0.0,1.0,0.6000000000000005,0.0,0.0,0.0,1.95,0.0,4168.0,13896.0,-9728.0,0.8,50.0,3,6.200000000000003,0.0,0.0,2.0,0.0,2.0,DEF,Leeds,Brighton,0,2026-09-05T14:00:00Z,29,1.0,1.0
329,Rodon,3,0,0.0,0.0,0.0,0.0,0.0,0.0,0.0,0.0,0.0,0.0,0.0,0.0,0.0,0.0,0.0,0.0,0.0,0.0,0.0,166.0,104391.0,-104225.0,1.2,44.0,3,0.0,0.0,0.0,0.0,0.0,0.0,DEF,Leeds,Brighton,0,2026-09-05T14:00:00Z,29,1.0,1.0
330,Bogle,3,14,60.0,1.0,0.0,1.0,0.0,0.0,0.0,0.0,1.0,0.0,0.0,3.0,30.0,6.999999999999999,0.9,0.0199999999999999,0.92,0.24,1.0,111617.0,21686.0,89931.0,2.1,45.0,3,35.4,1.6999999999999993,33.0,2.0,0.0,0.0,DEF,Leeds,Brighton,0,2026-09-05T14:00:00Z,29,1.0,1.0
331,Gudmundsson,3,2,90.0,0.0,0.0,0.0,1.0,0.0,0.0,0.0,0.0,0.0,0.0,0.0,9.0,1.6,0.0,0.0,0.0,2.19,1.0,1022.0,485.0,537.0,0.1,45.0,3,12.6,1.2,2.0,2.0,9.0,3.0,DEF,Leeds,Brighton,0,2026-09-05T14:00:00Z,29,1.0,1.0
332,Justin,3,4,90.0,0.0,0.0,0.0,1.0,0.0,0.0,0.0,0.0,0.0,0.0,0.0,9.0,3.9,0.14,0.0,0.14,2.1899999999999995,1.0,24794.0,20185.0,4609.0,1.5,45.0,3,16.799999999999997,1.5,21.0,7.0,4.0,3.0,DEF,Leeds,Brighton,0,2026-09-05T14:00:00Z,29,1.0,1.0
333,Bornauw,3,0,0.0,0.0,0.0,0.0,0.0,0.0,0.0,0.0,0.0,0.0,0.0,0.0,0.0,0.0,0.0,0.0,0.0,0.0,0.0,0.0,36.0,-36.0,0.0,45.0,3,0.0,0.0,0.0,0.0,0.0,0.0,DEF,Leeds,Brighton,0,2026-09-05T14:00:00Z,29,1.0,1.0
334,Muharemović,3,4,90.0,0.0,0.0,0.0,1.0,0.0,0.0,0.0,0.0,0.0,0.0,0.0,10.0,3.200000000000001,0.0,0.01,0.0099999999999999,2.1899999999999995,1.0,118418.0,62452.0,55966.0,3.7,50.0,3,29.200000000000003,0.8000000000000003,2.0,12.0,2.0,1.0,DEF,Leeds,Brighton,0,2026-09-05T14:00:00Z,29,1.0,1.0
335,Stach,3,2,90.0,0.0,0.0,0.0,1.0,0.0,0.0,0.0,0.0,0.0,0.0,0.0,7.0,5.100000000000001,0.3199999999999999,0.1,0.42,2.1899999999999995,1.0,27945.0,45911.0,-17966.0,2.7,60.0,3,15.399999999999991,16.499999999999996,19.0,2.0,2.0,2.0,MID,Leeds,Brighton,0,2026-09-05T14:00:00Z,29,1.0,1.0
336,Okafor,3,3,61.0,0.0,0.0,1.0,0.0,0.0,0.0,0.0,0.0,0.0,0.0,0.0,9.0,0.3999999999999994,0.0,0.0099999999999999,0.01,0.2400000000000001,1.0,1912.0,6126.0,-4214.0,0.3,59.0,3,1.400000000000002,0.6000000000000014,2.0,0.0,0.0,0.0,MID,Leeds,Brighton,0,2026-09-05T14:00:00Z,29,1.0,1.0
337,Aaronson,3,1,28.0,0.0,0.0,0.0,1.0,0.0,0.0,0.0,0.0,0.0,0.0,0.0,5.0,0.1,0.0,0.0,0.0,1.95,0.0,1040.0,10634.0,-9594.0,0.6,54.0,3,0.0,1.0000000000000002,0.0,0.0,0.0,0.0,MID,Leeds,Brighton,0,2026-09-05T14:00:00Z,29,1.0,1.0
338,Ampadu,3,2,90.0,0.0,0.0,0.0,1.0,0.0,0.0,0.0,0.0,0.0,0.0,0.0,13.0,2.5,0.0,0.01,0.0099999999999999,2.1899999999999995,1.0,2379.0,15990.0,-13611.0,1.0,54.0,3,23.599999999999994,1.3000000000000045,0.0,6.0,1.0,4.0,MID,Leeds,Brighton,0,2026-09-05T14:00:00Z,29,1.0,1.0
339,Longstaff,3,0,0.0,0.0,0.0,0.0,0.0,0.0,0.0,0.0,0.0,0.0,0.0,0.0,0.0,0.0,0.0,0.0,0.0,0.0,0.0,661.0,1721.0,-1060.0,0.1,49.0,3,0.0,0.0,0.0,0.0,0.0,0.0,MID,Leeds,Brighton,0,2026-09-05T14:00:00Z,29,1.0,1.0
341,Gnonto,3,0,0.0,0.0,0.0,0.0,0.0,0.0,0.0,0.0,0.0,0.0,0.0,0.0,0.0,0.0,0.0,0.0,0.0,0.0,0.0,0.0,418.0,-418.0,0.0,50.0,3,0.0,0.0,0.0,0.0,0.0,0.0,MID,Leeds,Brighton,0,2026-09-05T14:00:00Z,29,1.0,1.0
342,Harrison,3,0,0.0,0.0,0.0,0.0,0.0,0.0,0.0,0.0,0.0,0.0,0.0,0.0,0.0,0.0,0.0,0.0,0.0,0.0,0.0,0.0,11.0,-11.0,0.0,50.0,3,0.0,0.0,0.0,0.0,0.0,0.0,MID,Leeds,Brighton,0,2026-09-05T14:00:00Z,29,1.0,1.0
343,James,3,0,0.0,0.0,0.0,0.0,0.0,0.0,0.0,0.0,0.0,0.0,0.0,0.0,0.0,0.0,0.0,0.0,0.0,0.0,0.0,756.0,1894.0,-1138.0,0.1,50.0,3,0.0,0.0,0.0,0.0,0.0,0.0,MID,Leeds,Brighton,0,2026-09-05T14:00:00Z,29,1.0,1.0
344,Gruev,3,0,0.0,0.0,0.0,0.0,0.0,0.0,0.0,0.0,0.0,0.0,0.0,0.0,0.0,0.0,0.0,0.0,0.0,0.0,0.0,12.0,53.0,-41.0,0.0,50.0,3,0.0,0.0,0.0,0.0,0.0,0.0,MID,Leeds,Brighton,0,2026-09-05T14:00:00Z,29,1.0,1.0
345,Tanaka,3,5,72.0,0.0,1.0,0.0,1.0,0.0,0.0,0.0,0.0,0.0,0.0,0.0,18.0,4.6,0.53,0.01,0.54,0.8700000000000001,1.0,5466.0,2973.0,2493.0,0.2,49.0,3,20.8,12.2,13.0,3.0,3.0,2.0,MID,Leeds,Brighton,0,2026-09-05T14:00:00Z,29,1.0,1.0
346,Calvert-Lewin,3,1,72.0,0.0,0.0,0.0,1.0,0.0,0.0,0.0,1.0,0.0,0.0,0.0,0.0,3.6999999999999993,0.56,0.06,0.6199999999999999,0.8700000000000001,1.0,94222.0,439829.0,-345607.0,21.9,60.0,3,4.399999999999999,11.3,21.0,1.0,2.0,0.0,FWD,Leeds,Brighton,0,2026-09-05T14:00:00Z,29,1.0,1.0
347,Nmecha,3,1,17.0,0.0,0.0,0.0,0.0,0.0,0.0,0.0,0.0,0.0,0.0,0.0,2.0,0.9000000000000004,0.17,0.14,0.3099999999999999,1.3199999999999998,0.0,6195.0,7149.0,-954.0,0.5,54.0,3,0.0,1.8000000000000007,9.0,0.0,0.0,0.0,FWD,Leeds,Brighton,0,2026-09-05T14:00:00Z,29,1.0,1.0
348,Piroe,3,0,0.0,0.0,0.0,0.0,0.0,0.0,0.0,0.0,0.0,0.0,0.0,0.0,0.0,0.0,0.0,0.0,0.0,0.0,0.0,0.0,1450.0,-1450.0,0.1,50.0,3,0.0,0.0,0.0,0.0,0.0,0.0,FWD,Leeds,Brighton,0,2026-09-05T14:00:00Z,29,1.0,1.0
349,Mateo Joseph,3,0,0.0,0.0,0.0,0.0,0.0,0.0,0.0,0.0,0.0,0.0,0.0,0.0,0.0,0.0,0.0,0.0,0.0,0.0,0.0,749.0,964.0,-215.0,0.1,45.0,3,0.0,0.0,0.0,0.0,0.0,0.0,FWD,Leeds,Brighton,0,2026-09-05T14:00:00Z,29,1.0,1.0
385,Trafford,3,3,90.0,0.0,0.0,0.0,1.0,0.0,0.0,0.0,0.0,0.0,4.0,0.0,18.0,3.499999999999999,0.0,0.0,0.0,2.1899999999999995,1.0,60314.0,45945.0,14369.0,5.4,50.0,3,34.8,0.0,0.0,2.0,11.0,0.0,GK,Leeds,Brighton,0,2026-09-05T14:00:00Z,29,1.0,1.0
598,Elvedi,3,4,90.0,0.0,0.0,0.0,1.0,0.0,0.0,0.0,0.0,0.0,0.0,0.0,12.0,5.5,0.0,0.57,0.57,2.1899999999999995,1.0,2567.0,1190.0,1377.0,0.0,45.0,3,27.6,21.1,6.0,10.0,0.0,0.0,DEF,Leeds,Brighton,0,2026-09-05T14:00:00Z,29,1.0,1.0
603,Lienou,3,0,0.0,0.0,0.0,0.0,0.0,0.0,0.0,0.0,0.0,0.0,0.0,0.0,0.0,0.0,0.0,0.0,0.0,0.0,0.0,1341.0,997.0,344.0,0.1,40.0,3,0.0,0.0,0.0,0.0,0.0,0.0,DEF,Leeds,Brighton,0,2026-09-05T14:00:00Z,29,1.0,1.0
604,Cresswell,3,0,0.0,0.0,0.0,0.0,0.0,0.0,0.0,0.0,0.0,0.0,0.0,0.0,0.0,0.0,0.0,0.0,0.0,0.0,0.0,3330.0,2080.0,1250.0,0.1,45.0,3,0.0,0.0,0.0,0.0,0.0,0.0,MID,Leeds,Brighton,0,2026-09-05T14:00:00Z,29,1.0,1.0
629,Zetterer,3,0,0.0,0.0,0.0,0.0,0.0,0.0,0.0,0.0,0.0,0.0,0.0,0.0,0.0,0.0,0.0,0.0,0.0,0.0,0.0,22057.0,4733.0,17324.0,0.6,40.0,3,0.0,0.0,0.0,0.0,0.0,0.0,GK,Leeds,Brighton,0,2026-09-05T14:00:00Z,29,1.0,1.0
641,Bard,3,0,0.0,0.0,0.0,0.0,0.0,0.0,0.0,0.0,0.0,0.0,0.0,0.0,0.0,0.0,0.0,0.0,0.0,0.0,0.0,301.0,96.0,205.0,0.0,45.0,3,0.0,0.0,0.0,0.0,0.0,0.0,DEF,Leeds,Brighton,0,2026-09-05T14:00:00Z,29,1.0,1.0
648,Bahoya,3,0,0.0,0.0,0.0,0.0,0.0,0.0,0.0,0.0,0.0,0.0,0.0,0.0,0.0,0.0,0.0,0.0,0.0,0.0,0.0,734.0,342.0,392.0,0.0,50.0,3,0.0,0.0,0.0,0.0,0.0,0.0,MID,Leeds,Brighton,0,2026-09-05T14:00:00Z,29,1.0,1.0
350,A.Becker,3,8,90.0,0.0,0.0,1.0,0.0,0.0,0.0,0.0,0.0,0.0,5.0,1.0,35.0,3.0,0.0,0.0,0.0,0.75,1.0,41881.0,28102.0,13779.0,4.0,55.0,3,30.4,0.0,0.0,2.0,14.0,0.0,GK,Liverpool,Ipswich Town,0,2026-09-04T19:00:00Z,26,0.0,2.0
351,Mamardashvili,3,0,0.0,0.0,0.0,0.0,0.0,0.0,0.0,0.0,0.0,0.0,0.0,0.0,0.0,0.0,0.0,0.0,0.0,0.0,0.0,509.0,1779.0,-1270.0,0.1,49.0,3,0.0,0.0,0.0,0.0,0.0,0.0,GK,Liverpool,Ipswich Town,0,2026-09-04T19:00:00Z,26,0.0,2.0
352,Woodman,3,0,0.0,0.0,0.0,0.0,0.0,0.0,0.0,0.0,0.0,0.0,0.0,0.0,0.0,0.0,0.0,0.0,0.0,0.0,0.0,3344.0,6610.0,-3266.0,1.0,40.0,3,0.0,0.0,0.0,0.0,0.0,0.0,GK,Liverpool,Ipswich Town,0,2026-09-04T19:00:00Z,26,0.0,2.0
353,Pecsi,3,0,0.0,0.0,0.0,0.0,0.0,0.0,0.0,0.0,0.0,0.0,0.0,0.0,0.0,0.0,0.0,0.0,0.0,0.0,0.0,0.0,176.0,-176.0,0.0,40.0,3,0.0,0.0,0.0,0.0,0.0,0.0,GK,Liverpool,Ipswich Town,0,2026-09-04T19:00:00Z,26,0.0,2.0
354,Jaros,3,0,0.0,0.0,0.0,0.0,0.0,0.0,0.0,0.0,0.0,0.0,0.0,0.0,0.0,0.0,0.0,0.0,0.0,0.0,0.0,551.0,374.0,177.0,0.0,40.0,3,0.0,0.0,0.0,0.0,0.0,0.0,GK,Liverpool,Ipswich Town,0,2026-09-04T19:00:00Z,26,0.0,2.0
355,Davies,3,0,0.0,0.0,0.0,0.0,0.0,0.0,0.0,0.0,0.0,0.0,0.0,0.0,0.0,0.0,0.0,0.0,0.0,0.0,0.0,1134.0,1071.0,63.0,0.2,40.0,3,0.0,0.0,0.0,0.0,0.0,0.0,GK,Liverpool,Ipswich Town,0,2026-09-04T19:00:00Z,26,0.0,2.0
356,Virgil,3,6,90.0,0.0,0.0,1.0,0.0,0.0,0.0,0.0,0.0,0.0,0.0,0.0,32.0,2.5,0.0,0.0199999999999999,0.02,0.75,1.0,75468.0,121026.0,-45558.0,17.1,65.0,3,23.200000000000003,1.7999999999999998,0.0,4.0,4.0,3.0,DEF,Liverpool,Ipswich Town,0,2026-09-04T19:00:00Z,26,0.0,2.0
357,Frimpong,3,0,0.0,0.0,0.0,0.0,0.0,0.0,0.0,0.0,0.0,0.0,0.0,0.0,0.0,0.0,0.0,0.0,0.0,0.0,0.0,4676.0,80965.0,-76289.0,2.2,54.0,3,0.0,0.0,0.0,0.0,0.0,0.0,DEF,Liverpool,Ipswich Town,0,2026-09-04T19:00:00Z,26,0.0,2.0
358,Kerkez,3,5,90.0,0.0,0.0,1.0,0.0,0.0,0.0,0.0,1.0,0.0,0.0,0.0,23.0,2.5,0.0,0.03,0.03,0.7499999999999996,1.0,11485.0,32471.0,-20986.0,2.7,54.0,3,13.799999999999995,11.299999999999995,0.0,3.0,1.0,2.0,DEF,Liverpool,Ipswich Town,0,2026-09-04T19:00:00Z,26,0.0,2.0
359,Gomez,3,0,0.0,0.0,0.0,0.0,0.0,0.0,0.0,0.0,0.0,0.0,0.0,0.0,0.0,0.0,0.0,0.0,0.0,0.0,0.0,74.0,206.0,-132.0,0.0,50.0,3,0.0,0.0,0.0,0.0,0.0,0.0,DEF,Liverpool,Ipswich Town,0,2026-09-04T19:00:00Z,26,0.0,2.0
360,Bradley,3,0,0.0,0.0,0.0,0.0,0.0,0.0,0.0,0.0,0.0,0.0,0.0,0.0,0.0,0.0,0.0,0.0,0.0,0.0,0.0,67.0,158.0,-91.0,0.0,50.0,3,0.0,0.0,0.0,0.0,0.0,0.0,DEF,Liverpool,Ipswich Town,0,2026-09-04T19:00:00Z,26,0.0,2.0
361,Lucky,3,0,0.0,0.0,0.0,0.0,0.0,0.0,0.0,0.0,0.0,0.0,0.0,0.0,0.0,0.0,0.0,0.0,0.0,0.0,0.0,795.0,1417.0,-622.0,0.1,40.0,3,0.0,0.0,0.0,0.0,0.0,0.0,DEF,Liverpool,Ipswich Town,0,2026-09-04T19:00:00Z,26,0.0,2.0
362,Jacquet,3,5,90.0,0.0,0.0,1.0,0.0,0.0,0.0,0.0,1.0,0.0,0.0,0.0,28.0,3.7,0.0,0.03,0.03,0.7499999999999996,1.0,45362.0,30657.0,14705.0,2.8,50.0,3,22.8,12.5,2.0,6.0,3.0,3.0,DEF,Liverpool,Ipswich Town,0,2026-09-04T19:00:00Z,26,0.0,2.0
363,Leoni,3,0,0.0,0.0,0.0,0.0,0.0,0.0,0.0,0.0,0.0,0.0,0.0,0.0,0.0,0.0,0.0,0.0,0.0,0.0,0.0,159.0,437.0,-278.0,0.0,40.0,3,0.0,0.0,0.0,0.0,0.0,0.0,DEF,Liverpool,Ipswich Town,0,2026-09-04T19:00:00Z,26,0.0,2.0
364,Tsimikas,3,0,0.0,0.0,0.0,0.0,0.0,0.0,0.0,0.0,0.0,0.0,0.0,0.0,0.0,0.0,0.0,0.0,0.0,0.0,0.0,338.0,1260.0,-922.0,0.1,49.0,3,0.0,0.0,0.0,0.0,0.0,0.0,DEF,Liverpool,Ipswich Town,0,2026-09-04T19:00:00Z,26,0.0,2.0
365,Ramsay,3,0,0.0,0.0,0.0,0.0,0.0,0.0,0.0,0.0,0.0,0.0,0.0,0.0,0.0,0.0,0.0,0.0,0.0,0.0,0.0,0.0,1993.0,-1993.0,0.1,40.0,3,0.0,0.0,0.0,0.0,0.0,0.0,DEF,Liverpool,Ipswich Town,0,2026-09-04T19:00:00Z,26,0.0,2.0
366,Wirtz,3,3,90.0,0.0,0.0,1.0,0.0,0.0,0.0,0.0,0.0,0.0,0.0,0.0,14.0,6.299999999999999,0.18,0.0499999999999999,0.2299999999999999,0.6499999999999999,1.0,26136.0,217728.0,-191592.0,7.9,74.0,3,6.600000000000001,34.0,22.0,0.0,4.0,0.0,MID,Liverpool,Ipswich Town,0,2026-09-04T19:00:00Z,26,0.0,2.0
367,Gakpo,3,11,90.0,0.0,2.0,1.0,0.0,0.0,0.0,0.0,0.0,0.0,0.0,2.0,43.0,10.5,0.06,0.3999999999999999,0.4599999999999999,0.7499999999999996,1.0,659257.0,272024.0,387233.0,12.8,72.0,3,49.6,42.7,13.0,2.0,5.0,3.0,MID,Liverpool,Ipswich Town,0,2026-09-04T19:00:00Z,26,0.0,2.0
368,Szoboszlai,3,3,90.0,0.0,0.0,1.0,0.0,0.0,0.0,0.0,0.0,0.0,0.0,0.0,20.0,7.0,0.1599999999999999,0.08,0.24,0.75,1.0,239950.0,489651.0,-249701.0,38.5,70.0,3,19.40000000000001,29.90000000000001,21.0,3.0,6.0,0.0,MID,Liverpool,Ipswich Town,0,2026-09-04T19:00:00Z,26,0.0,2.0
369,Ngumoha,3,0,0.0,0.0,0.0,0.0,0.0,0.0,0.0,0.0,0.0,0.0,0.0,0.0,0.0,0.0,0.0,0.0,0.0,0.0,0.0,2668.0,22454.0,-19786.0,0.6,58.0,3,0.0,0.0,0.0,0.0,0.0,0.0,MID,Liverpool,Ipswich Town,0,2026-09-04T19:00:00Z,26,0.0,2.0
370,Chiesa,3,0,0.0,0.0,0.0,0.0,0.0,0.0,0.0,0.0,0.0,0.0,0.0,0.0,0.0,0.0,0.0,0.0,0.0,0.0,0.0,14.0,1330.0,-1316.0,0.1,54.0,3,0.0,0.0,0.0,0.0,0.0,0.0,MID,Liverpool,Ipswich Town,0,2026-09-04T19:00:00Z,26,0.0,2.0
371,Gravenberch,3,1,26.0,0.0,0.0,0.0,0.0,0.0,0.0,0.0,0.0,0.0,0.0,0.0,2.0,0.4000000000000003,0.0,0.0,0.0,0.1700000000000001,0.0,4976.0,36478.0,-31502.0,1.3,59.0,3,2.1999999999999997,1.6999999999999993,0.0,1.0,1.0,0.0,MID,Liverpool,Ipswich Town,0,2026-09-04T19:00:00Z,26,0.0,2.0
372,Mac Allister,3,2,83.0,0.0,0.0,1.0,0.0,0.0,0.0,0.0,1.0,0.0,0.0,0.0,14.0,4.7,0.08,0.0199999999999999,0.0999999999999999,0.6000000000000001,1.0,11934.0,19858.0,-7924.0,1.4,54.0,3,16.6,12.8,18.0,3.0,5.0,3.0,MID,Liverpool,Ipswich Town,0,2026-09-04T19:00:00Z,26,0.0,2.0
373,C.Jones,3,0,0.0,0.0,0.0,0.0,0.0,0.0,0.0,0.0,0.0,0.0,0.0,0.0,0.0,0.0,0.0,0.0,0.0,0.0,0.0,0.0,359.0,-359.0,0.0,55.0,3,0.0,0.0,0.0,0.0,0.0,0.0,MID,Liverpool,Ipswich Town,0,2026-09-04T19:00:00Z,26,0.0,2.0
375,Nyoni,3,1,6.0,0.0,0.0,0.0,0.0,0.0,0.0,0.0,0.0,0.0,0.0,0.0,3.0,0.0,0.0,0.0,0.0,0.15,0.0,408.0,672.0,-264.0,0.0,49.0,3,0.1999999999999993,0.0999999999999996,0.0,0.0,0.0,0.0,MID,Liverpool,Ipswich Town,0,2026-09-04T19:00:00Z,26,0.0,2.0
376,Bajcetic,3,0,0.0,0.0,0.0,0.0,0.0,0.0,0.0,0.0,0.0,0.0,0.0,0.0,0.0,0.0,0.0,0.0,0.0,0.0,0.0,0.0,23.0,-23.0,0.0,50.0,3,0.0,0.0,0.0,0.0,0.0,0.0,MID,Liverpool,Ipswich Town,0,2026-09-04T19:00:00Z,26,0.0,2.0
377,Munoz,3,3,63.0,0.0,0.0,1.0,0.0,0.0,0.0,0.0,0.0,0.0,0.0,0.0,9.0,1.0999999999999996,0.0,0.0199999999999999,0.02,0.5800000000000001,1.0,19617.0,28782.0,-9165.0,1.2,65.0,3,0.7999999999999972,4.300000000000001,6.0,0.0,4.0,0.0,MID,Liverpool,Ipswich Town,0,2026-09-04T19:00:00Z,26,0.0,2.0
379,Isak,3,13,63.0,2.0,0.0,1.0,0.0,0.0,0.0,0.0,0.0,0.0,0.0,3.0,61.0,10.700000000000005,0.2099999999999999,0.0499999999999999,0.2600000000000002,0.5800000000000001,1.0,675110.0,99744.0,575366.0,23.8,91.0,3,67.0,6.400000000000002,34.0,1.0,2.0,0.0,FWD,Liverpool,Ipswich Town,0,2026-09-04T19:00:00Z,26,0.0,2.0
380,Ekitiké,3,0,0.0,0.0,0.0,0.0,0.0,0.0,0.0,0.0,0.0,0.0,0.0,0.0,0.0,0.0,0.0,0.0,0.0,0.0,0.0,469.0,1999.0,-1530.0,0.1,74.0,3,0.0,0.0,0.0,0.0,0.0,0.0,FWD,Liverpool,Ipswich Town,0,2026-09-04T19:00:00Z,26,0.0,2.0
381,Koumas,3,1,1.0,0.0,0.0,0.0,0.0,0.0,0.0,0.0,0.0,0.0,0.0,0.0,3.0,0.0,0.0,0.0,0.0,0.0999999999999999,0.0,140.0,303.0,-163.0,0.0,50.0,3,0.0,0.0,0.0,0.0,0.0,0.0,MID,Liverpool,Ipswich Town,0,2026-09-04T19:00:00Z,26,0.0,2.0
12,Saka,3,2,89.0,0.0,0.0,0.0,1.0,0.0,0.0,0.0,0.0,0.0,0.0,0.0,13.0,10.8,0.2299999999999999,0.2299999999999999,0.4600000000000002,0.39,1.0,196582.0,138177.0,58405.0,11.6,95.0,3,10.600000000000009,27.8,70.0,1.0,2.0,1.0,MID,Arsenal,Chelsea,1,2026-09-06T15:30:00Z,30,2.0,1.0
382,Danns,3,0,0.0,0.0,0.0,0.0,0.0,0.0,0.0,0.0,0.0,0.0,0.0,0.0,0.0,0.0,0.0,0.0,0.0,0.0,0.0,6747.0,2293.0,4454.0,0.1,45.0,3,0.0,0.0,0.0,0.0,0.0,0.0,FWD,Liverpool,Ipswich Town,0,2026-09-04T19:00:00Z,26,0.0,2.0
383,Elliott,3,0,0.0,0.0,0.0,0.0,0.0,0.0,0.0,0.0,0.0,0.0,0.0,0.0,0.0,0.0,0.0,0.0,0.0,0.0,0.0,0.0,1624.0,-1624.0,0.0,54.0,3,0.0,0.0,0.0,0.0,0.0,0.0,MID,Liverpool,Ipswich Town,0,2026-09-04T19:00:00Z,26,0.0,2.0
579,Araujo,3,8,90.0,0.0,0.0,1.0,0.0,0.0,0.0,0.0,0.0,0.0,0.0,0.0,27.0,2.3999999999999995,0.0,0.01,0.01,0.7500000000000001,1.0,53675.0,17018.0,36657.0,2.7,54.0,3,20.0,2.4000000000000004,2.0,9.0,1.0,1.0,DEF,Liverpool,Ipswich Town,0,2026-09-04T19:00:00Z,26,0.0,2.0
627,Barcola,3,1,26.0,0.0,0.0,0.0,0.0,0.0,0.0,0.0,0.0,0.0,0.0,0.0,5.0,1.6,0.0,0.07,0.07,0.17,0.0,107938.0,42934.0,65004.0,2.1,80.0,3,3.0,10.5,2.0,0.0,0.0,0.0,MID,Liverpool,Ipswich Town,0,2026-09-04T19:00:00Z,26,0.0,2.0
155,Enzo,3,3,75.0,0.0,0.0,1.0,0.0,0.0,0.0,0.0,0.0,0.0,0.0,0.0,17.0,4.7,0.13,0.12,0.25,1.0,1.0,37045.0,49131.0,-12086.0,3.2,69.0,3,10.2,18.9,18.0,1.0,1.0,1.0,MID,Man City,Coventry City,1,2026-09-05T14:00:00Z,28,1.0,0.0
237,Ndiaye,3,3,86.0,0.0,0.0,1.0,0.0,0.0,0.0,0.0,0.0,0.0,0.0,0.0,12.0,3.5,0.02,0.0399999999999999,0.0599999999999999,1.3499999999999996,1.0,41228.0,320814.0,-279586.0,8.7,59.0,3,7.0,17.900000000000006,10.0,1.0,2.0,2.0,MID,Man City,Coventry City,1,2026-09-05T14:00:00Z,28,1.0,0.0
384,Donnarumma,3,7,90.0,0.0,0.0,1.0,0.0,0.0,0.0,0.0,0.0,0.0,3.0,0.0,29.0,2.7,0.0,0.0,0.0,1.37,1.0,30814.0,73544.0,-42730.0,7.5,55.0,3,26.8,0.0,0.0,1.0,2.0,0.0,GK,Man City,Coventry City,1,2026-09-05T14:00:00Z,28,1.0,0.0
386,Bettinelli,3,0,0.0,0.0,0.0,0.0,0.0,0.0,0.0,0.0,0.0,0.0,0.0,0.0,0.0,0.0,0.0,0.0,0.0,0.0,0.0,119.0,233.0,-114.0,0.0,45.0,3,0.0,0.0,0.0,0.0,0.0,0.0,GK,Man City,Coventry City,1,2026-09-05T14:00:00Z,28,1.0,0.0
387,O'Reilly,3,0,0.0,0.0,0.0,0.0,0.0,0.0,0.0,0.0,0.0,0.0,0.0,0.0,0.0,0.0,0.0,0.0,0.0,0.0,0.0,8876.0,524508.0,-515632.0,13.2,64.0,3,0.0,0.0,0.0,0.0,0.0,0.0,DEF,Man City,Coventry City,1,2026-09-05T14:00:00Z,28,1.0,0.0
388,Guéhi,3,8,90.0,0.0,0.0,1.0,0.0,0.0,0.0,0.0,0.0,0.0,0.0,2.0,31.0,3.9999999999999982,0.0,0.02,0.02,1.37,1.0,87342.0,108262.0,-20920.0,18.3,60.0,3,28.8,9.6,2.0,9.0,6.0,0.0,DEF,Man City,Coventry City,1,2026-09-05T14:00:00Z,28,1.0,0.0
389,Matheus N.,3,0,0.0,0.0,0.0,0.0,0.0,0.0,0.0,0.0,0.0,0.0,0.0,0.0,0.0,0.0,0.0,0.0,0.0,0.0,0.0,2299.0,10362.0,-8063.0,0.9,59.0,3,0.0,0.0,0.0,0.0,0.0,0.0,DEF,Man City,Coventry City,1,2026-09-05T14:00:00Z,28,1.0,0.0
390,Rúben,3,6,90.0,0.0,0.0,1.0,0.0,0.0,0.0,0.0,0.0,0.0,0.0,0.0,25.0,2.6999999999999997,0.0,0.03,0.0299999999999999,1.37,1.0,10691.0,16535.0,-5844.0,1.8,55.0,3,20.6,6.599999999999994,0.0,3.0,0.0,0.0,DEF,Man City,Coventry City,1,2026-09-05T14:00:00Z,28,1.0,0.0
391,Gvardiol,3,8,90.0,0.0,0.0,1.0,0.0,0.0,0.0,0.0,0.0,0.0,0.0,2.0,31.0,3.3000000000000007,0.01,0.02,0.0299999999999999,1.37,1.0,305276.0,150947.0,154329.0,19.9,56.0,3,18.8,6.899999999999999,7.0,4.0,7.0,4.0,DEF,Man City,Coventry City,1,2026-09-05T14:00:00Z,28,1.0,0.0
392,Aït-Nouri,3,0,0.0,0.0,0.0,0.0,0.0,0.0,0.0,0.0,0.0,0.0,0.0,0.0,0.0,0.0,0.0,0.0,0.0,0.0,0.0,1260.0,10773.0,-9513.0,0.5,53.0,3,0.0,0.0,0.0,0.0,0.0,0.0,DEF,Man City,Coventry City,1,2026-09-05T14:00:00Z,28,1.0,0.0
393,Khusanov,3,5,90.0,0.0,0.0,1.0,0.0,0.0,0.0,0.0,1.0,0.0,0.0,0.0,22.0,1.7999999999999998,0.0,0.0199999999999999,0.0199999999999999,1.37,1.0,5911.0,13374.0,-7463.0,1.6,55.0,3,13.6,3.9,0.0,4.0,4.0,2.0,DEF,Man City,Coventry City,1,2026-09-05T14:00:00Z,28,1.0,0.0
394,Alleyne,3,0,0.0,0.0,0.0,0.0,0.0,0.0,0.0,0.0,0.0,0.0,0.0,0.0,0.0,0.0,0.0,0.0,0.0,0.0,0.0,0.0,60.0,-60.0,0.0,50.0,3,0.0,0.0,0.0,0.0,0.0,0.0,DEF,Man City,Coventry City,1,2026-09-05T14:00:00Z,28,1.0,0.0
395,Lewis,3,0,0.0,0.0,0.0,0.0,0.0,0.0,0.0,0.0,0.0,0.0,0.0,0.0,0.0,0.0,0.0,0.0,0.0,0.0,0.0,972.0,3911.0,-2939.0,0.2,44.0,3,0.0,0.0,0.0,0.0,0.0,0.0,DEF,Man City,Coventry City,1,2026-09-05T14:00:00Z,28,1.0,0.0
396,Vitor Reis,3,0,0.0,0.0,0.0,0.0,0.0,0.0,0.0,0.0,0.0,0.0,0.0,0.0,0.0,0.0,0.0,0.0,0.0,0.0,0.0,84.0,275.0,-191.0,0.0,45.0,3,0.0,0.0,0.0,0.0,0.0,0.0,DEF,Man City,Coventry City,1,2026-09-05T14:00:00Z,28,1.0,0.0
397,Semenyo,3,6,90.0,0.0,1.0,1.0,0.0,0.0,0.0,0.0,0.0,0.0,0.0,0.0,26.0,8.0,0.05,0.3400000000000001,0.3900000000000001,1.37,1.0,34932.0,327481.0,-292549.0,16.2,84.0,3,22.6,45.9,11.0,0.0,3.0,1.0,MID,Man City,Coventry City,1,2026-09-05T14:00:00Z,28,1.0,0.0
398,Foden,3,1,24.0,0.0,0.0,0.0,0.0,0.0,0.0,0.0,0.0,0.0,0.0,0.0,3.0,2.599999999999998,0.6200000000000001,0.01,0.6300000000000001,0.5,0.0,25495.0,191537.0,-166042.0,3.9,70.0,3,4.399999999999999,14.799999999999995,7.0,0.0,1.0,0.0,MID,Man City,Coventry City,1,2026-09-05T14:00:00Z,28,1.0,0.0
399,Cherki,3,3,65.0,0.0,0.0,1.0,0.0,0.0,0.0,0.0,0.0,0.0,0.0,0.0,23.0,8.399999999999999,0.21,0.3,0.51,0.8600000000000001,1.0,320638.0,406907.0,-86269.0,29.1,78.0,3,7.400000000000006,52.20000000000002,24.0,0.0,3.0,0.0,MID,Man City,Coventry City,1,2026-09-05T14:00:00Z,28,1.0,0.0
400,Doku,3,0,0.0,0.0,0.0,0.0,0.0,0.0,0.0,0.0,0.0,0.0,0.0,0.0,0.0,0.0,0.0,0.0,0.0,0.0,0.0,249.0,14172.0,-13923.0,0.7,74.0,3,0.0,0.0,0.0,0.0,0.0,0.0,MID,Man City,Coventry City,1,2026-09-05T14:00:00Z,28,1.0,0.0
402,Rodrigo,3,0,0.0,0.0,0.0,0.0,0.0,0.0,0.0,0.0,0.0,0.0,0.0,0.0,0.0,0.0,0.0,0.0,0.0,0.0,0.0,0.0,81.0,-81.0,0.0,65.0,3,0.0,0.0,0.0,0.0,0.0,0.0,MID,Man City,Coventry City,1,2026-09-05T14:00:00Z,28,1.0,0.0
404,Reijnders,3,0,0.0,0.0,0.0,0.0,0.0,0.0,0.0,0.0,0.0,0.0,0.0,0.0,0.0,0.0,0.0,0.0,0.0,0.0,0.0,0.0,525.0,-525.0,0.0,60.0,3,0.0,0.0,0.0,0.0,0.0,0.0,MID,Man City,Coventry City,1,2026-09-05T14:00:00Z,28,1.0,0.0
406,Kovačić,3,0,0.0,0.0,0.0,0.0,0.0,0.0,0.0,0.0,0.0,0.0,0.0,0.0,0.0,0.0,0.0,0.0,0.0,0.0,0.0,409.0,1368.0,-959.0,0.1,54.0,3,0.0,0.0,0.0,0.0,0.0,0.0,MID,Man City,Coventry City,1,2026-09-05T14:00:00Z,28,1.0,0.0
407,Echeverri,3,0,0.0,0.0,0.0,0.0,0.0,0.0,0.0,0.0,0.0,0.0,0.0,0.0,0.0,0.0,0.0,0.0,0.0,0.0,0.0,0.0,342.0,-342.0,0.0,49.0,3,0.0,0.0,0.0,0.0,0.0,0.0,MID,Man City,Coventry City,1,2026-09-05T14:00:00Z,28,1.0,0.0
408,Phillips,3,0,0.0,0.0,0.0,0.0,0.0,0.0,0.0,0.0,0.0,0.0,0.0,0.0,0.0,0.0,0.0,0.0,0.0,0.0,0.0,0.0,59.0,-59.0,0.0,50.0,3,0.0,0.0,0.0,0.0,0.0,0.0,MID,Man City,Coventry City,1,2026-09-05T14:00:00Z,28,1.0,0.0
409,Mukasa,3,0,0.0,0.0,0.0,0.0,0.0,0.0,0.0,0.0,0.0,0.0,0.0,0.0,0.0,0.0,0.0,0.0,0.0,0.0,0.0,0.0,3281.0,-3281.0,0.1,45.0,3,0.0,0.0,0.0,0.0,0.0,0.0,MID,Man City,Coventry City,1,2026-09-05T14:00:00Z,28,1.0,0.0
410,Monga,3,0,0.0,0.0,0.0,0.0,0.0,0.0,0.0,0.0,0.0,0.0,0.0,0.0,0.0,0.0,0.0,0.0,0.0,0.0,0.0,0.0,356.0,-356.0,0.0,49.0,3,0.0,0.0,0.0,0.0,0.0,0.0,MID,Man City,Coventry City,1,2026-09-05T14:00:00Z,28,1.0,0.0
411,Haaland,3,9,90.0,1.0,0.0,1.0,0.0,0.0,0.0,0.0,0.0,0.0,0.0,3.0,40.0,12.5,1.06,0.48,1.54,1.37,1.0,168763.0,121605.0,47158.0,71.2,155.0,3,48.8,13.599999999999998,63.0,5.0,2.0,0.0,FWD,Man City,Coventry City,1,2026-09-05T14:00:00Z,28,1.0,0.0
481,Anderson,3,3,90.0,0.0,0.0,1.0,0.0,0.0,0.0,0.0,0.0,0.0,0.0,0.0,23.0,6.0,0.0199999999999999,0.17,0.1899999999999999,1.37,1.0,16149.0,87066.0,-70917.0,4.3,63.0,3,26.599999999999994,28.099999999999994,5.0,4.0,6.0,1.0,MID,Man City,Coventry City,1,2026-09-05T14:00:00Z,28,1.0,0.0
616,Bouaddi,3,1,14.0,0.0,0.0,0.0,0.0,0.0,0.0,0.0,0.0,0.0,0.0,0.0,5.0,1.2000000000000002,0.0,0.0,0.0,0.37,0.0,4628.0,3846.0,782.0,0.2,55.0,3,11.2,0.5,0.0,2.0,3.0,0.0,MID,Man City,Coventry City,1,2026-09-05T14:00:00Z,28,1.0,0.0
2,Arrizabalaga,3,0,0.0,0.0,0.0,0.0,0.0,0.0,0.0,0.0,0.0,0.0,0.0,0.0,0.0,0.0,0.0,0.0,0.0,0.0,0.0,269.0,822.0,-553.0,0.1,49.0,3,0.0,0.0,0.0,0.0,0.0,0.0,GK,Arsenal,Chelsea,1,2026-09-06T15:30:00Z,30,2.0,1.0
26,Havertz,3,8,77.0,1.0,0.0,0.0,1.0,0.0,0.0,0.0,0.0,0.0,0.0,2.0,38.0,13.7,0.27,0.27,0.54,0.27,1.0,182767.0,73145.0,109622.0,8.1,75.0,3,42.99999999999999,37.0,57.0,1.0,0.0,0.0,FWD,Arsenal,Chelsea,1,2026-09-06T15:30:00Z,30,2.0,1.0
35,Bogarde,3,0,0.0,0.0,0.0,0.0,0.0,0.0,0.0,0.0,0.0,0.0,0.0,0.0,0.0,0.0,0.0,0.0,0.0,0.0,0.0,668.0,1061.0,-393.0,0.1,50.0,3,0.0,0.0,0.0,0.0,0.0,0.0,MID,Aston Villa,Hull City,0,2026-09-05T16:30:00Z,21,0.0,0.0
41,Buendía,3,3,74.0,0.0,0.0,1.0,0.0,0.0,0.0,0.0,0.0,0.0,0.0,0.0,2.0,1.3999999999999997,0.61,0.05,0.6599999999999999,0.2199999999999997,1.0,14502.0,20474.0,-5972.0,1.0,59.0,3,0.0,10.799999999999995,7.0,0.0,2.0,0.0,MID,Aston Villa,Hull City,0,2026-09-05T16:30:00Z,21,0.0,0.0
56,Abraham,3,1,5.0,0.0,0.0,0.0,0.0,0.0,0.0,0.0,0.0,0.0,0.0,0.0,3.0,0.3,0.0,0.0,0.0,0.35,0.0,4017.0,2683.0,1334.0,0.2,55.0,3,2.0,0.9999999999999998,0.0,0.0,0.0,1.0,FWD,Aston Villa,Hull City,0,2026-09-05T16:30:00Z,21,0.0,0.0
611,Wan-Bissaka,3,1,5.0,0.0,0.0,0.0,0.0,0.0,0.0,0.0,0.0,0.0,0.0,0.0,3.0,0.4,0.0,0.0,0.0,0.35,0.0,3765.0,2107.0,1658.0,0.2,45.0,3,2.8000000000000003,0.8999999999999999,0.0,1.0,0.0,0.0,DEF,Aston Villa,Hull City,0,2026-09-05T16:30:00Z,21,0.0,0.0
622,Braithwaite,3,0,0.0,0.0,0.0,0.0,0.0,0.0,0.0,0.0,0.0,0.0,0.0,0.0,0.0,0.0,0.0,0.0,0.0,0.0,0.0,4502.0,2627.0,1875.0,0.2,40.0,3,0.0,0.0,0.0,0.0,0.0,0.0,DEF,Man City,Coventry City,1,2026-09-05T14:00:00Z,28,1.0,0.0
653,Samba,3,0,0.0,0.0,0.0,0.0,0.0,0.0,0.0,0.0,0.0,0.0,0.0,0.0,0.0,0.0,0.0,0.0,0.0,0.0,0.0,2835.0,773.0,2062.0,0.0,45.0,3,0.0,0.0,0.0,0.0,0.0,0.0,MID,Man City,Coventry City,1,2026-09-05T14:00:00Z,28,1.0,0.0
43,Tielemans,3,2,90.0,0.0,0.0,0.0,2.0,0.0,0.0,0.0,0.0,0.0,0.0,0.0,17.0,4.699999999999999,0.05,0.06,0.1099999999999999,1.0099999999999998,1.0,7564.0,36194.0,-28630.0,1.7,59.0,3,18.599999999999994,18.9,9.0,2.0,5.0,0.0,MID,Man Utd,Everton,0,2026-09-06T13:00:00Z,22,2.0,2.0
131,Baleba,3,0,0.0,0.0,0.0,0.0,0.0,0.0,0.0,0.0,0.0,0.0,0.0,0.0,0.0,0.0,0.0,0.0,0.0,0.0,0.0,768.0,2418.0,-1650.0,0.1,50.0,3,0.0,0.0,0.0,0.0,0.0,0.0,MID,Man Utd,Everton,0,2026-09-06T13:00:00Z,22,2.0,2.0
162,Andrey Santos,3,1,6.0,0.0,0.0,0.0,1.0,0.0,0.0,0.0,0.0,0.0,0.0,0.0,4.0,1.4,0.0,0.0099999999999999,0.0099999999999999,0.0899999999999998,0.0,3453.0,15803.0,-12350.0,0.7,49.0,3,7.199999999999999,0.5999999999999996,6.0,4.0,0.0,0.0,MID,Man Utd,Everton,0,2026-09-06T13:00:00Z,22,2.0,2.0
325,Darlow,3,0,0.0,0.0,0.0,0.0,0.0,0.0,0.0,0.0,0.0,0.0,0.0,0.0,0.0,0.0,0.0,0.0,0.0,0.0,0.0,250.0,332.0,-82.0,0.0,45.0,3,0.0,0.0,0.0,0.0,0.0,0.0,GK,Man Utd,Everton,0,2026-09-06T13:00:00Z,22,2.0,2.0
413,Bayindir,3,0,0.0,0.0,0.0,0.0,0.0,0.0,0.0,0.0,0.0,0.0,0.0,0.0,0.0,0.0,0.0,0.0,0.0,0.0,0.0,0.0,135.0,-135.0,0.0,45.0,3,0.0,0.0,0.0,0.0,0.0,0.0,GK,Man Utd,Everton,0,2026-09-06T13:00:00Z,22,2.0,2.0
416,De Ligt,3,0,0.0,0.0,0.0,0.0,0.0,0.0,0.0,0.0,0.0,0.0,0.0,0.0,0.0,0.0,0.0,0.0,0.0,0.0,0.0,88.0,261.0,-173.0,0.0,50.0,3,0.0,0.0,0.0,0.0,0.0,0.0,DEF,Man Utd,Everton,0,2026-09-06T13:00:00Z,22,2.0,2.0
417,Dalot,3,1,83.0,0.0,0.0,0.0,1.0,0.0,0.0,0.0,1.0,0.0,0.0,0.0,8.0,3.4000000000000004,0.01,0.01,0.0199999999999999,0.92,1.0,3713.0,33380.0,-29667.0,1.8,49.0,3,4.800000000000001,22.700000000000003,6.0,2.0,3.0,2.0,DEF,Man Utd,Everton,0,2026-09-06T13:00:00Z,22,2.0,2.0
418,Maguire,3,2,90.0,0.0,0.0,0.0,2.0,0.0,0.0,0.0,1.0,0.0,0.0,0.0,1.0,3.0,0.0,0.01,0.01,1.0100000000000002,1.0,16659.0,343339.0,-326680.0,10.6,49.0,3,26.8,1.2999999999999972,2.0,12.0,2.0,0.0,DEF,Man Utd,Everton,0,2026-09-06T13:00:00Z,22,2.0,2.0
419,Martinez,3,3,90.0,0.0,0.0,0.0,2.0,0.0,0.0,0.0,0.0,0.0,0.0,0.0,7.0,2.9,0.0,0.0,0.0,1.0099999999999998,1.0,6930.0,12630.0,-5700.0,1.2,50.0,3,29.0,0.3,0.0,10.0,2.0,0.0,DEF,Man Utd,Everton,0,2026-09-06T13:00:00Z,22,2.0,2.0
420,Yoro,3,1,6.0,0.0,0.0,0.0,1.0,0.0,0.0,0.0,0.0,0.0,0.0,0.0,1.0,0.9,0.0,0.01,0.01,0.09,0.0,863.0,6592.0,-5729.0,0.5,49.0,3,6.0,0.5999999999999999,2.0,1.0,0.0,2.0,DEF,Man Utd,Everton,0,2026-09-06T13:00:00Z,22,2.0,2.0
421,Heaven,3,0,0.0,0.0,0.0,0.0,0.0,0.0,0.0,0.0,0.0,0.0,0.0,0.0,0.0,0.0,0.0,0.0,0.0,0.0,0.0,738.0,5489.0,-4751.0,0.3,44.0,3,0.0,0.0,0.0,0.0,0.0,0.0,DEF,Man Utd,Everton,0,2026-09-06T13:00:00Z,22,2.0,2.0
422,Mazraoui,3,1,1.0,0.0,0.0,0.0,1.0,0.0,0.0,0.0,0.0,0.0,0.0,0.0,-1.0,0.5,0.0,0.0099999999999999,0.01,0.0700000000000002,0.0,1914.0,10422.0,-8508.0,0.6,44.0,3,2.1999999999999997,0.5,2.0,0.0,0.0,1.0,DEF,Man Utd,Everton,0,2026-09-06T13:00:00Z,22,2.0,2.0
44,Bailey,3,0,0.0,0.0,0.0,0.0,0.0,0.0,0.0,0.0,0.0,0.0,0.0,0.0,0.0,0.0,0.0,0.0,0.0,0.0,0.0,0.0,4564.0,-4564.0,0.1,54.0,3,0.0,0.0,0.0,0.0,0.0,0.0,MID,Aston Villa,Hull City,0,2026-09-05T16:30:00Z,21,0.0,0.0
423,Shaw,3,4,90.0,0.0,1.0,0.0,1.0,0.0,0.0,0.0,1.0,0.0,0.0,0.0,22.0,6.999999999999998,0.02,0.2299999999999999,0.25,0.94,1.0,21390.0,375538.0,-354148.0,11.8,44.0,3,42.4,24.8,3.0,7.0,1.0,1.0,DEF,Man Utd,Everton,0,2026-09-06T13:00:00Z,22,2.0,2.0
425,Fredricson,3,0,0.0,0.0,0.0,0.0,0.0,0.0,0.0,0.0,0.0,0.0,0.0,0.0,0.0,0.0,0.0,0.0,0.0,0.0,0.0,0.0,147.0,-147.0,0.0,40.0,3,0.0,0.0,0.0,0.0,0.0,0.0,DEF,Man Utd,Everton,0,2026-09-06T13:00:00Z,22,2.0,2.0
426,B.Fernandes,3,2,90.0,0.0,0.0,0.0,2.0,0.0,0.0,0.0,0.0,0.0,0.0,0.0,11.0,5.100000000000001,0.1499999999999999,0.06,0.2099999999999999,1.0100000000000002,1.0,116944.0,656900.0,-539956.0,42.5,120.0,3,3.4000000000000057,33.599999999999994,14.0,0.0,2.0,0.0,MID,Man Utd,Everton,0,2026-09-06T13:00:00Z,22,2.0,2.0
427,Mbeumo,3,8,90.0,1.0,0.0,0.0,2.0,0.0,0.0,0.0,0.0,0.0,0.0,1.0,29.0,7.199999999999999,0.0500000000000002,0.0299999999999999,0.0799999999999996,1.0100000000000002,1.0,145321.0,479834.0,-334513.0,23.5,79.0,3,39.8,13.699999999999989,18.0,4.0,4.0,0.0,MID,Man Utd,Everton,0,2026-09-06T13:00:00Z,22,2.0,2.0
428,Cunha,3,3,69.0,0.0,0.0,1.0,0.0,0.0,0.0,0.0,0.0,0.0,0.0,0.0,10.0,1.8999999999999984,0.12,0.0499999999999999,0.17,0.6500000000000004,1.0,10985.0,140722.0,-129737.0,6.5,79.0,3,2.8000000000000007,6.200000000000003,10.0,0.0,1.0,2.0,MID,Man Utd,Everton,0,2026-09-06T13:00:00Z,22,2.0,2.0
429,Rashford,3,3,69.0,0.0,0.0,1.0,0.0,0.0,0.0,0.0,0.0,0.0,0.0,0.0,11.0,2.400000000000002,0.0,0.06,0.06,0.6500000000000001,1.0,23071.0,26621.0,-3550.0,1.6,70.0,3,3.799999999999997,12.5,8.0,0.0,4.0,0.0,MID,Man Utd,Everton,0,2026-09-06T13:00:00Z,22,2.0,2.0
430,Mount,3,0,0.0,0.0,0.0,0.0,0.0,0.0,0.0,0.0,0.0,0.0,0.0,0.0,0.0,0.0,0.0,0.0,0.0,0.0,0.0,260.0,204.0,56.0,0.0,54.0,3,0.0,0.0,0.0,0.0,0.0,0.0,MID,Man Utd,Everton,0,2026-09-06T13:00:00Z,22,2.0,2.0
431,Amad,3,0,0.0,0.0,0.0,0.0,0.0,0.0,0.0,0.0,0.0,0.0,0.0,0.0,0.0,0.0,0.0,0.0,0.0,0.0,0.0,147.0,12755.0,-12608.0,0.4,58.0,3,0.0,0.0,0.0,0.0,0.0,0.0,MID,Man Utd,Everton,0,2026-09-06T13:00:00Z,22,2.0,2.0
432,Mainoo,3,9,83.0,0.0,1.0,0.0,1.0,0.0,0.0,0.0,0.0,0.0,0.0,2.0,32.0,5.9,0.0,0.0699999999999999,0.07,0.92,1.0,28381.0,11426.0,16955.0,1.4,55.0,3,34.2,24.500000000000004,0.0,3.0,10.0,2.0,MID,Man Utd,Everton,0,2026-09-06T13:00:00Z,22,2.0,2.0
433,Ugarte,3,0,0.0,0.0,0.0,0.0,0.0,0.0,0.0,0.0,0.0,0.0,0.0,0.0,0.0,0.0,0.0,0.0,0.0,0.0,0.0,24.0,45.0,-21.0,0.0,50.0,3,0.0,0.0,0.0,0.0,0.0,0.0,MID,Man Utd,Everton,0,2026-09-06T13:00:00Z,22,2.0,2.0
434,J.Fletcher,3,0,0.0,0.0,0.0,0.0,0.0,0.0,0.0,0.0,0.0,0.0,0.0,0.0,0.0,0.0,0.0,0.0,0.0,0.0,0.0,98.0,163.0,-65.0,0.0,49.0,3,0.0,0.0,0.0,0.0,0.0,0.0,MID,Man Utd,Everton,0,2026-09-06T13:00:00Z,22,2.0,2.0
435,Lacey,3,0,0.0,0.0,0.0,0.0,0.0,0.0,0.0,0.0,0.0,0.0,0.0,0.0,0.0,0.0,0.0,0.0,0.0,0.0,0.0,189.0,732.0,-543.0,0.1,49.0,3,0.0,0.0,0.0,0.0,0.0,0.0,MID,Man Utd,Everton,0,2026-09-06T13:00:00Z,22,2.0,2.0
437,Bendito Mantato,3,0,0.0,0.0,0.0,0.0,0.0,0.0,0.0,0.0,0.0,0.0,0.0,0.0,0.0,0.0,0.0,0.0,0.0,0.0,0.0,1287.0,1907.0,-620.0,0.2,45.0,3,0.0,0.0,0.0,0.0,0.0,0.0,MID,Man Utd,Everton,0,2026-09-06T13:00:00Z,22,2.0,2.0
438,Fletcher,3,0,0.0,0.0,0.0,0.0,0.0,0.0,0.0,0.0,0.0,0.0,0.0,0.0,0.0,0.0,0.0,0.0,0.0,0.0,0.0,1284.0,3020.0,-1736.0,0.3,45.0,3,0.0,0.0,0.0,0.0,0.0,0.0,MID,Man Utd,Everton,0,2026-09-06T13:00:00Z,22,2.0,2.0
439,Šeško,3,5,20.0,1.0,0.0,0.0,2.0,0.0,0.0,0.0,0.0,0.0,0.0,0.0,28.0,5.199999999999999,0.29,0.0,0.29,0.3599999999999999,0.0,24785.0,21849.0,2936.0,1.7,70.0,3,31.2,0.1999999999999993,21.0,0.0,0.0,0.0,FWD,Man Utd,Everton,0,2026-09-06T13:00:00Z,22,2.0,2.0
440,Zirkzee,3,0,0.0,0.0,0.0,0.0,0.0,0.0,0.0,0.0,0.0,0.0,0.0,0.0,0.0,0.0,0.0,0.0,0.0,0.0,0.0,3499.0,8104.0,-4605.0,0.4,54.0,3,0.0,0.0,0.0,0.0,0.0,0.0,FWD,Man Utd,Everton,0,2026-09-06T13:00:00Z,22,2.0,2.0
45,McGinn,3,3,90.0,0.0,0.0,1.0,0.0,0.0,0.0,0.0,0.0,0.0,0.0,0.0,6.0,1.0999999999999996,0.68,0.03,0.71,0.5700000000000003,1.0,18677.0,31223.0,-12546.0,2.3,54.0,3,1.4,5.6,4.0,1.0,2.0,2.0,MID,Aston Villa,Hull City,0,2026-09-05T16:30:00Z,21,0.0,0.0
441,Obi,3,0,0.0,0.0,0.0,0.0,0.0,0.0,0.0,0.0,0.0,0.0,0.0,0.0,0.0,0.0,0.0,0.0,0.0,0.0,0.0,14499.0,13591.0,908.0,1.2,45.0,3,0.0,0.0,0.0,0.0,0.0,0.0,FWD,Man Utd,Everton,0,2026-09-06T13:00:00Z,22,2.0,2.0
405,N.Gonzalez,3,2,76.0,0.0,0.0,0.0,2.0,0.0,0.0,0.0,0.0,0.0,0.0,0.0,11.0,2.1,0.0,0.0099999999999999,0.0099999999999999,1.3299999999999998,1.0,3690.0,3439.0,251.0,0.3,55.0,3,6.2,12.4,2.0,1.0,6.0,0.0,MID,Newcastle,Bournemouth,1,2026-09-05T11:30:00Z,24,2.0,2.0
442,Pope,3,0,0.0,0.0,0.0,0.0,0.0,0.0,0.0,0.0,0.0,0.0,0.0,0.0,0.0,0.0,0.0,0.0,0.0,0.0,0.0,2868.0,11457.0,-8589.0,1.0,49.0,3,0.0,0.0,0.0,0.0,0.0,0.0,GK,Newcastle,Bournemouth,1,2026-09-05T11:30:00Z,24,2.0,2.0
443,Gillespie,3,0,0.0,0.0,0.0,0.0,0.0,0.0,0.0,0.0,0.0,0.0,0.0,0.0,0.0,0.0,0.0,0.0,0.0,0.0,0.0,138.0,273.0,-135.0,0.0,45.0,3,0.0,0.0,0.0,0.0,0.0,0.0,GK,Newcastle,Bournemouth,1,2026-09-05T11:30:00Z,24,2.0,2.0
444,Jaouen,3,0,0.0,0.0,0.0,0.0,0.0,0.0,0.0,0.0,0.0,0.0,0.0,0.0,0.0,0.0,0.0,0.0,0.0,0.0,0.0,97.0,318.0,-221.0,0.0,45.0,3,0.0,0.0,0.0,0.0,0.0,0.0,GK,Newcastle,Bournemouth,1,2026-09-05T11:30:00Z,24,2.0,2.0
445,Thiaw,3,-1,90.0,0.0,0.0,0.0,2.0,1.0,0.0,0.0,0.0,0.0,0.0,0.0,0.0,2.2,0.0,0.05,0.05,1.37,1.0,43934.0,42657.0,1277.0,2.1,50.0,3,7.600000000000001,12.3,2.0,3.0,3.0,0.0,DEF,Newcastle,Bournemouth,1,2026-09-05T11:30:00Z,24,2.0,2.0
446,Schär,3,0,0.0,0.0,0.0,0.0,0.0,0.0,0.0,0.0,0.0,0.0,0.0,0.0,0.0,0.0,0.0,0.0,0.0,0.0,0.0,1338.0,3511.0,-2173.0,0.2,50.0,3,0.0,0.0,0.0,0.0,0.0,0.0,DEF,Newcastle,Bournemouth,1,2026-09-05T11:30:00Z,24,2.0,2.0
447,Botman,3,1,90.0,0.0,0.0,0.0,2.0,0.0,0.0,0.0,0.0,0.0,0.0,0.0,3.0,3.1000000000000005,0.0,0.16,0.16,1.37,1.0,8859.0,8261.0,598.0,0.7,50.0,3,25.999999999999996,0.8999999999999999,4.0,8.0,3.0,1.0,DEF,Newcastle,Bournemouth,1,2026-09-05T11:30:00Z,24,2.0,2.0
448,Burn,3,0,0.0,0.0,0.0,0.0,0.0,0.0,0.0,0.0,0.0,0.0,0.0,0.0,0.0,0.0,0.0,0.0,0.0,0.0,0.0,235.0,19604.0,-19369.0,0.9,49.0,3,0.0,0.0,0.0,0.0,0.0,0.0,DEF,Newcastle,Bournemouth,1,2026-09-05T11:30:00Z,24,2.0,2.0
449,Hall,3,4,89.0,0.0,1.0,0.0,2.0,0.0,0.0,0.0,0.0,0.0,0.0,0.0,20.0,4.4,0.01,0.01,0.02,1.3500000000000003,1.0,523770.0,104538.0,419232.0,13.8,52.0,3,28.0,13.4,3.0,5.0,13.0,1.0,DEF,Newcastle,Bournemouth,1,2026-09-05T11:30:00Z,24,2.0,2.0
451,A.Murphy,3,0,0.0,0.0,0.0,0.0,0.0,0.0,0.0,0.0,0.0,0.0,0.0,0.0,0.0,0.0,0.0,0.0,0.0,0.0,0.0,0.0,919.0,-919.0,0.1,40.0,3,0.0,0.0,0.0,0.0,0.0,0.0,DEF,Newcastle,Bournemouth,1,2026-09-05T11:30:00Z,24,2.0,2.0
453,Barnes,3,12,90.0,1.0,1.0,0.0,2.0,0.0,0.0,0.0,0.0,0.0,0.0,2.0,37.0,5.9,0.11,0.03,0.14,1.37,1.0,190267.0,52678.0,137589.0,2.6,60.0,3,33.0,2.8000000000000007,23.0,2.0,4.0,0.0,MID,Newcastle,Bournemouth,1,2026-09-05T11:30:00Z,24,2.0,2.0
454,Elanga,3,1,76.0,0.0,0.0,0.0,2.0,0.0,0.0,0.0,1.0,0.0,0.0,0.0,8.0,4.399999999999999,0.0,0.23,0.2299999999999999,1.3299999999999996,1.0,312749.0,181129.0,131620.0,11.3,62.0,3,8.399999999999991,31.8,4.0,1.0,1.0,2.0,MID,Newcastle,Bournemouth,1,2026-09-05T11:30:00Z,24,2.0,2.0
456,J.Ramsey,3,6,27.0,1.0,0.0,0.0,0.0,0.0,0.0,0.0,0.0,0.0,0.0,0.0,22.0,5.0,0.11,0.0199999999999999,0.13,0.04,0.0,10815.0,4669.0,6146.0,0.4,49.0,3,32.4,0.7999999999999998,17.0,0.0,4.0,0.0,MID,Newcastle,Bournemouth,1,2026-09-05T11:30:00Z,24,2.0,2.0
457,J.Murphy,3,1,13.0,0.0,0.0,0.0,0.0,0.0,0.0,0.0,0.0,0.0,0.0,0.0,5.0,0.0999999999999999,0.0,0.0,0.0,0.04,0.0,1009.0,2048.0,-1039.0,0.1,59.0,3,0.1999999999999997,0.2999999999999998,0.0,0.0,1.0,0.0,MID,Newcastle,Bournemouth,1,2026-09-05T11:30:00Z,24,2.0,2.0
458,Joelinton,3,0,0.0,0.0,0.0,0.0,0.0,0.0,0.0,0.0,0.0,0.0,0.0,0.0,0.0,0.0,0.0,0.0,0.0,0.0,0.0,34.0,275.0,-241.0,0.0,54.0,3,0.0,0.0,0.0,0.0,0.0,0.0,MID,Newcastle,Bournemouth,1,2026-09-05T11:30:00Z,24,2.0,2.0
459,L.Miley,3,2,62.0,0.0,0.0,0.0,2.0,0.0,0.0,0.0,0.0,0.0,0.0,0.0,11.0,0.6000000000000005,0.0,0.02,0.0199999999999999,1.3299999999999996,1.0,1004.0,1485.0,-481.0,0.1,55.0,3,3.1999999999999997,1.1000000000000014,2.0,1.0,3.0,0.0,MID,Newcastle,Bournemouth,1,2026-09-05T11:30:00Z,24,2.0,2.0
460,Willock,3,2,62.0,0.0,0.0,0.0,2.0,0.0,0.0,0.0,0.0,0.0,0.0,0.0,6.0,1.9000000000000004,0.36,0.01,0.37,1.3299999999999996,1.0,15477.0,9231.0,6246.0,0.5,50.0,3,6.0,2.1999999999999997,11.0,1.0,1.0,1.0,MID,Newcastle,Bournemouth,1,2026-09-05T11:30:00Z,24,2.0,2.0
50,Burrowes,3,0,0.0,0.0,0.0,0.0,0.0,0.0,0.0,0.0,0.0,0.0,0.0,0.0,0.0,0.0,0.0,0.0,0.0,0.0,0.0,6504.0,8193.0,-1689.0,0.7,45.0,3,0.0,0.0,0.0,0.0,0.0,0.0,MID,Aston Villa,Hull City,0,2026-09-05T16:30:00Z,21,0.0,0.0
52,Alysson,3,1,15.0,0.0,0.0,0.0,0.0,0.0,0.0,0.0,0.0,0.0,0.0,0.0,3.0,0.1999999999999999,0.0,0.0,0.0,0.35,0.0,481.0,680.0,-199.0,0.0,50.0,3,0.2000000000000001,1.8,0.0,0.0,1.0,0.0,MID,Aston Villa,Hull City,0,2026-09-05T16:30:00Z,21,0.0,0.0
461,Touré,3,0,0.0,0.0,0.0,0.0,0.0,0.0,0.0,0.0,0.0,0.0,0.0,0.0,0.0,0.0,0.0,0.0,0.0,0.0,0.0,363.0,3252.0,-2889.0,0.1,58.0,3,0.0,0.0,0.0,0.0,0.0,0.0,MID,Newcastle,Bournemouth,1,2026-09-05T11:30:00Z,24,2.0,2.0
462,Steur,3,1,13.0,0.0,0.0,0.0,0.0,0.0,0.0,0.0,0.0,0.0,0.0,0.0,3.0,0.3,0.0,0.0,0.0,0.0399999999999998,0.0,373.0,1389.0,-1016.0,0.1,49.0,3,2.0,0.5,0.0,1.0,1.0,0.0,MID,Newcastle,Bournemouth,1,2026-09-05T11:30:00Z,24,2.0,2.0
463,Woltemade,3,0,0.0,0.0,0.0,0.0,0.0,0.0,0.0,0.0,0.0,0.0,0.0,0.0,0.0,0.0,0.0,0.0,0.0,0.0,0.0,0.0,38318.0,-38318.0,0.6,59.0,3,0.0,0.0,0.0,0.0,0.0,0.0,FWD,Newcastle,Bournemouth,1,2026-09-05T11:30:00Z,24,2.0,2.0
464,Wissa,3,1,90.0,0.0,0.0,0.0,2.0,0.0,0.0,0.0,1.0,0.0,0.0,0.0,7.0,0.7000000000000011,0.0,0.03,0.0299999999999998,1.3699999999999997,1.0,549513.0,235779.0,313734.0,17.9,62.0,3,0.0,7.299999999999997,0.0,0.0,3.0,0.0,FWD,Newcastle,Bournemouth,1,2026-09-05T11:30:00Z,24,2.0,2.0
465,Osula,3,0,0.0,0.0,0.0,0.0,0.0,0.0,0.0,0.0,0.0,0.0,0.0,0.0,0.0,0.0,0.0,0.0,0.0,0.0,0.0,233.0,12358.0,-12125.0,0.4,59.0,3,0.0,0.0,0.0,0.0,0.0,0.0,FWD,Newcastle,Bournemouth,1,2026-09-05T11:30:00Z,24,2.0,2.0
466,Neave,3,0,0.0,0.0,0.0,0.0,0.0,0.0,0.0,0.0,0.0,0.0,0.0,0.0,0.0,0.0,0.0,0.0,0.0,0.0,0.0,0.0,17242.0,-17242.0,0.6,45.0,3,0.0,0.0,0.0,0.0,0.0,0.0,FWD,Newcastle,Bournemouth,1,2026-09-05T11:30:00Z,24,2.0,2.0
36,Maatsen,3,7,74.0,0.0,0.0,1.0,0.0,0.0,0.0,0.0,0.0,0.0,0.0,1.0,29.0,3.4000000000000004,0.0,0.42,0.42,0.2199999999999997,1.0,15708.0,6435.0,9273.0,0.8,45.0,3,10.6,19.8,4.0,2.0,0.0,1.0,DEF,Aston Villa,Hull City,0,2026-09-05T16:30:00Z,21,0.0,0.0
46,Barkley,3,3,90.0,0.0,0.0,1.0,0.0,0.0,0.0,0.0,0.0,0.0,0.0,0.0,15.0,6.300000000000001,0.2199999999999999,0.09,0.3099999999999999,0.5700000000000003,1.0,4895.0,3515.0,1380.0,0.3,50.0,3,13.599999999999998,34.099999999999994,15.0,2.0,4.0,0.0,MID,Aston Villa,Hull City,0,2026-09-05T16:30:00Z,21,0.0,0.0
53,Manzambi,3,0,0.0,0.0,0.0,0.0,0.0,0.0,0.0,0.0,0.0,0.0,0.0,0.0,0.0,0.0,0.0,0.0,0.0,0.0,0.0,524.0,1728.0,-1204.0,0.1,59.0,3,0.0,0.0,0.0,0.0,0.0,0.0,MID,Aston Villa,Hull City,0,2026-09-05T16:30:00Z,21,0.0,0.0
559,Bamba,3,0,0.0,0.0,0.0,0.0,0.0,0.0,0.0,0.0,0.0,0.0,0.0,0.0,0.0,0.0,0.0,0.0,0.0,0.0,0.0,523.0,1550.0,-1027.0,0.1,49.0,3,0.0,0.0,0.0,0.0,0.0,0.0,MID,Newcastle,Bournemouth,1,2026-09-05T11:30:00Z,24,2.0,2.0
567,Horníček,3,2,90.0,0.0,0.0,0.0,2.0,0.0,0.0,0.0,0.0,0.0,4.0,0.0,12.0,3.3000000000000007,0.0,0.0,0.0,1.37,1.0,53283.0,26383.0,26900.0,1.4,50.0,3,33.400000000000006,0.0,0.0,0.0,6.0,0.0,GK,Newcastle,Bournemouth,1,2026-09-05T11:30:00Z,24,2.0,2.0
593,Dedić,3,1,90.0,0.0,0.0,0.0,2.0,0.0,0.0,0.0,0.0,0.0,0.0,0.0,3.0,1.700000000000001,0.11,0.02,0.13,1.37,1.0,110173.0,107469.0,2704.0,3.0,45.0,3,0.6000000000000014,6.399999999999999,10.0,1.0,4.0,0.0,DEF,Newcastle,Bournemouth,1,2026-09-05T11:30:00Z,24,2.0,2.0
634,Fernandez-Pardo,3,1,27.0,0.0,0.0,0.0,0.0,0.0,0.0,0.0,0.0,0.0,0.0,0.0,4.0,0.7,0.0,0.0,0.0,0.04,0.0,5923.0,1841.0,4082.0,0.1,60.0,3,0.0,0.8,6.0,0.0,1.0,0.0,FWD,Newcastle,Bournemouth,1,2026-09-05T11:30:00Z,24,2.0,2.0
167,Delap,3,2,73.0,0.0,0.0,1.0,0.0,0.0,0.0,0.0,0.0,0.0,0.0,0.0,6.0,2.8000000000000003,0.06,0.06,0.12,0.8899999999999999,1.0,19060.0,11769.0,7291.0,0.9,55.0,3,2.4000000000000004,20.8,5.0,2.0,3.0,0.0,FWD,Nott'm Forest,Spurs,1,2026-09-05T14:00:00Z,23,0.0,0.0
201,Muñoz,3,1,31.0,0.0,0.0,0.0,0.0,0.0,0.0,0.0,0.0,0.0,0.0,0.0,5.0,0.7000000000000002,0.03,0.0,0.03,0.2600000000000001,0.0,10632.0,88483.0,-77851.0,5.6,54.0,3,2.4000000000000004,0.8,4.0,0.0,0.0,1.0,DEF,Nott'm Forest,Spurs,1,2026-09-05T14:00:00Z,23,0.0,0.0
467,Sels,3,6,90.0,0.0,0.0,1.0,0.0,0.0,0.0,0.0,0.0,0.0,0.0,0.0,21.0,0.1999999999999997,0.0,0.0,0.0,1.0599999999999996,1.0,13728.0,11964.0,1764.0,1.4,50.0,3,2.400000000000002,0.0,0.0,1.0,11.0,0.0,GK,Nott'm Forest,Spurs,1,2026-09-05T14:00:00Z,23,0.0,0.0
468,John,3,0,0.0,0.0,0.0,0.0,0.0,0.0,0.0,0.0,0.0,0.0,0.0,0.0,0.0,0.0,0.0,0.0,0.0,0.0,0.0,163.0,396.0,-233.0,0.1,45.0,3,0.0,0.0,0.0,0.0,0.0,0.0,GK,Nott'm Forest,Spurs,1,2026-09-05T14:00:00Z,23,0.0,0.0
469,N.Williams,3,7,90.0,0.0,0.0,1.0,0.0,0.0,0.0,0.0,0.0,0.0,0.0,1.0,28.0,2.6,0.0,0.0699999999999999,0.07,1.0599999999999996,1.0,84736.0,78342.0,6394.0,8.1,50.0,3,11.4,10.9,4.0,3.0,8.0,3.0,DEF,Nott'm Forest,Spurs,1,2026-09-05T14:00:00Z,23,0.0,0.0
470,Morato,3,0,0.0,0.0,0.0,0.0,0.0,0.0,0.0,0.0,0.0,0.0,0.0,0.0,0.0,0.0,0.0,0.0,0.0,0.0,0.0,0.0,1090.0,-1090.0,0.0,50.0,3,0.0,0.0,0.0,0.0,0.0,0.0,DEF,Nott'm Forest,Spurs,1,2026-09-05T14:00:00Z,23,0.0,0.0
471,Milenković,3,7,90.0,0.0,0.0,1.0,0.0,0.0,0.0,0.0,1.0,0.0,0.0,0.0,27.0,3.1,0.0,0.0099999999999999,0.01,1.0599999999999996,1.0,8677.0,9209.0,-532.0,1.6,55.0,3,28.6,0.7999999999999999,2.0,9.0,3.0,2.0,DEF,Nott'm Forest,Spurs,1,2026-09-05T14:00:00Z,23,0.0,0.0
472,Murillo,3,8,89.0,0.0,0.0,1.0,0.0,0.0,0.0,0.0,0.0,0.0,0.0,0.0,25.0,2.8999999999999995,0.1699999999999999,0.0,0.1699999999999999,1.0599999999999996,1.0,14300.0,9213.0,5087.0,1.6,55.0,3,17.800000000000004,1.1999999999999993,10.0,6.0,4.0,4.0,DEF,Nott'm Forest,Spurs,1,2026-09-05T14:00:00Z,23,0.0,0.0
473,Aina,3,1,58.0,0.0,0.0,0.0,0.0,0.0,0.0,0.0,0.0,0.0,0.0,0.0,8.0,1.4000000000000004,0.0,0.0,0.0,0.81,1.0,7813.0,47602.0,-39789.0,2.6,45.0,3,12.999999999999996,0.5,0.0,2.0,4.0,5.0,DEF,Nott'm Forest,Spurs,1,2026-09-05T14:00:00Z,23,0.0,0.0
27,G.Jesus,3,0,0.0,0.0,0.0,0.0,0.0,0.0,0.0,0.0,0.0,0.0,0.0,0.0,0.0,0.0,0.0,0.0,0.0,0.0,0.0,0.0,7565.0,-7565.0,0.2,59.0,3,0.0,0.0,0.0,0.0,0.0,0.0,FWD,Arsenal,Chelsea,1,2026-09-06T15:30:00Z,30,2.0,1.0
474,Jair Cunha,3,8,90.0,0.0,0.0,1.0,0.0,0.0,0.0,0.0,0.0,0.0,0.0,0.0,24.0,2.2,0.03,0.01,0.04,1.0599999999999996,1.0,7266.0,3835.0,3431.0,0.2,45.0,3,20.0,0.7,1.0,10.0,2.0,2.0,DEF,Nott'm Forest,Spurs,1,2026-09-05T14:00:00Z,23,0.0,0.0
475,Savona,3,0,0.0,0.0,0.0,0.0,0.0,0.0,0.0,0.0,0.0,0.0,0.0,0.0,0.0,0.0,0.0,0.0,0.0,0.0,0.0,50.0,34.0,16.0,0.0,45.0,3,0.0,0.0,0.0,0.0,0.0,0.0,DEF,Nott'm Forest,Spurs,1,2026-09-05T14:00:00Z,23,0.0,0.0
477,Abbott,3,0,0.0,0.0,0.0,0.0,0.0,0.0,0.0,0.0,0.0,0.0,0.0,0.0,0.0,0.0,0.0,0.0,0.0,0.0,0.0,0.0,4140.0,-4140.0,0.2,40.0,3,0.0,0.0,0.0,0.0,0.0,0.0,DEF,Nott'm Forest,Spurs,1,2026-09-05T14:00:00Z,23,0.0,0.0
478,Netz,3,0,0.0,0.0,0.0,0.0,0.0,0.0,0.0,0.0,0.0,0.0,0.0,0.0,0.0,0.0,0.0,0.0,0.0,0.0,0.0,99.0,355.0,-256.0,0.0,45.0,3,0.0,0.0,0.0,0.0,0.0,0.0,DEF,Nott'm Forest,Spurs,1,2026-09-05T14:00:00Z,23,0.0,0.0
479,Bindon,3,0,0.0,0.0,0.0,0.0,0.0,0.0,0.0,0.0,0.0,0.0,0.0,0.0,0.0,0.0,0.0,0.0,0.0,0.0,0.0,0.0,2260.0,-2260.0,0.1,40.0,3,0.0,0.0,0.0,0.0,0.0,0.0,DEF,Nott'm Forest,Spurs,1,2026-09-05T14:00:00Z,23,0.0,0.0
480,Gibbs-White,3,3,90.0,0.0,0.0,1.0,0.0,0.0,0.0,0.0,0.0,0.0,0.0,0.0,3.0,2.1999999999999997,0.4799999999999998,0.0099999999999999,0.49,1.0599999999999996,1.0,159257.0,135977.0,23280.0,9.4,79.0,3,5.600000000000001,3.0,13.0,0.0,5.0,2.0,MID,Nott'm Forest,Spurs,1,2026-09-05T14:00:00Z,23,0.0,0.0
482,Hudson-Odoi,3,0,0.0,0.0,0.0,0.0,0.0,0.0,0.0,0.0,0.0,0.0,0.0,0.0,0.0,0.0,0.0,0.0,0.0,0.0,0.0,745.0,3155.0,-2410.0,0.2,59.0,3,0.0,0.0,0.0,0.0,0.0,0.0,MID,Nott'm Forest,Spurs,1,2026-09-05T14:00:00Z,23,0.0,0.0
5,J.Timber,3,0,0.0,0.0,0.0,0.0,0.0,0.0,0.0,0.0,0.0,0.0,0.0,0.0,0.0,0.0,0.0,0.0,0.0,0.0,0.0,603.0,1346.0,-743.0,0.1,65.0,3,0.0,0.0,0.0,0.0,0.0,0.0,DEF,Arsenal,Chelsea,1,2026-09-06T15:30:00Z,30,2.0,1.0
483,Ndoye,3,1,58.0,0.0,0.0,0.0,0.0,0.0,0.0,0.0,0.0,0.0,0.0,0.0,5.0,0.0999999999999996,0.0,0.0,0.0,0.81,1.0,9414.0,12159.0,-2745.0,0.6,55.0,3,0.3999999999999986,0.3000000000000007,0.0,0.0,4.0,1.0,MID,Nott'm Forest,Spurs,1,2026-09-05T14:00:00Z,23,0.0,0.0
484,Hutchinson,3,0,0.0,0.0,0.0,0.0,0.0,0.0,0.0,0.0,0.0,0.0,0.0,0.0,0.0,0.0,0.0,0.0,0.0,0.0,0.0,0.0,2559.0,-2559.0,0.1,54.0,3,0.0,0.0,0.0,0.0,0.0,0.0,MID,Nott'm Forest,Spurs,1,2026-09-05T14:00:00Z,23,0.0,0.0
485,Bakwa,3,0,0.0,0.0,0.0,0.0,0.0,0.0,0.0,0.0,0.0,0.0,0.0,0.0,0.0,0.0,0.0,0.0,0.0,0.0,0.0,0.0,142.0,-142.0,0.0,55.0,3,0.0,0.0,0.0,0.0,0.0,0.0,MID,Nott'm Forest,Spurs,1,2026-09-05T14:00:00Z,23,0.0,0.0
486,McAtee,3,2,90.0,0.0,0.0,1.0,0.0,0.0,0.0,0.0,1.0,0.0,0.0,0.0,22.0,8.4,0.13,0.22,0.35,1.06,1.0,1845.0,1322.0,523.0,0.1,55.0,3,14.2,59.5,10.0,0.0,4.0,3.0,MID,Nott'm Forest,Spurs,1,2026-09-05T14:00:00Z,23,0.0,0.0
487,Dominguez,3,0,0.0,0.0,0.0,0.0,0.0,0.0,0.0,0.0,0.0,0.0,0.0,0.0,0.0,0.0,0.0,0.0,0.0,0.0,0.0,303.0,819.0,-516.0,0.1,49.0,3,0.0,0.0,0.0,0.0,0.0,0.0,MID,Nott'm Forest,Spurs,1,2026-09-05T14:00:00Z,23,0.0,0.0
3,Meslier,3,0,0.0,0.0,0.0,0.0,0.0,0.0,0.0,0.0,0.0,0.0,0.0,0.0,0.0,0.0,0.0,0.0,0.0,0.0,0.0,107.0,299.0,-192.0,0.0,49.0,3,0.0,0.0,0.0,0.0,0.0,0.0,GK,Arsenal,Chelsea,1,2026-09-06T15:30:00Z,30,2.0,1.0
31,Konsa,3,4,90.0,0.0,0.0,0.0,1.0,0.0,0.0,0.0,0.0,0.0,0.0,0.0,15.0,2.5,0.0,0.01,0.01,0.39,1.0,643871.0,91234.0,552637.0,16.7,45.0,3,19.4,1.4,4.0,7.0,5.0,3.0,DEF,Arsenal,Chelsea,1,2026-09-06T15:30:00Z,30,2.0,1.0
54,Gomes,3,0,0.0,0.0,0.0,0.0,0.0,0.0,0.0,0.0,0.0,0.0,0.0,0.0,0.0,0.0,0.0,0.0,0.0,0.0,0.0,126.0,500.0,-374.0,0.0,55.0,3,0.0,0.0,0.0,0.0,0.0,0.0,MID,Aston Villa,Hull City,0,2026-09-05T16:30:00Z,21,0.0,0.0
597,Suzuki,3,10,90.0,0.0,0.0,1.0,0.0,0.0,0.0,0.0,0.0,0.0,4.0,3.0,38.0,2.7,0.0,0.0,0.0,0.5700000000000001,1.0,77486.0,17352.0,60134.0,1.9,50.0,3,27.2,0.0,0.0,1.0,13.0,0.0,GK,Aston Villa,Hull City,0,2026-09-05T16:30:00Z,21,0.0,0.0
6,Saliba,3,0,0.0,0.0,0.0,0.0,0.0,0.0,0.0,0.0,0.0,0.0,0.0,0.0,0.0,0.0,0.0,0.0,0.0,0.0,0.0,724.0,3171.0,-2447.0,0.2,59.0,3,0.0,0.0,0.0,0.0,0.0,0.0,DEF,Arsenal,Chelsea,1,2026-09-06T15:30:00Z,30,2.0,1.0
488,I.Sangaré,3,0,0.0,0.0,0.0,0.0,0.0,0.0,0.0,0.0,0.0,0.0,0.0,0.0,0.0,0.0,0.0,0.0,0.0,0.0,0.0,2536.0,10959.0,-8423.0,0.5,49.0,3,0.0,0.0,0.0,0.0,0.0,0.0,MID,Nott'm Forest,Spurs,1,2026-09-05T14:00:00Z,23,0.0,0.0
490,Wood,3,1,16.0,0.0,0.0,0.0,0.0,0.0,0.0,0.0,0.0,0.0,0.0,0.0,3.0,0.0,0.0,0.0,0.0,0.18,0.0,4429.0,20667.0,-16238.0,1.0,59.0,3,0.2,0.1,0.0,0.0,0.0,0.0,FWD,Nott'm Forest,Spurs,1,2026-09-05T14:00:00Z,23,0.0,0.0
491,Igor Jesus,3,1,31.0,0.0,0.0,0.0,0.0,0.0,0.0,0.0,0.0,0.0,0.0,0.0,3.0,0.1999999999999993,0.0,0.0,0.0,0.2599999999999998,0.0,12305.0,68995.0,-56690.0,2.4,59.0,3,1.1999999999999993,0.3999999999999986,0.0,0.0,0.0,1.0,FWD,Nott'm Forest,Spurs,1,2026-09-05T14:00:00Z,23,0.0,0.0
558,Schlager,3,3,90.0,0.0,0.0,1.0,0.0,0.0,0.0,0.0,0.0,0.0,0.0,0.0,18.0,1.5,0.03,0.06,0.09,1.06,1.0,967.0,1179.0,-212.0,0.1,50.0,3,11.2,2.3,1.0,3.0,3.0,4.0,MID,Nott'm Forest,Spurs,1,2026-09-05T14:00:00Z,23,0.0,0.0
581,Diomande,3,1,1.0,0.0,0.0,0.0,0.0,0.0,0.0,0.0,0.0,0.0,0.0,0.0,3.0,0.0,0.0,0.0,0.0,0.0,0.0,1430.0,7609.0,-6179.0,0.5,54.0,3,0.0,0.0,0.0,0.0,0.0,0.0,DEF,Nott'm Forest,Spurs,1,2026-09-05T14:00:00Z,23,0.0,0.0
112,Van Hecke,3,8,90.0,0.0,0.0,1.0,0.0,0.0,0.0,0.0,0.0,0.0,0.0,2.0,29.0,4.0,0.09,0.01,0.1,0.92,1.0,32982.0,78245.0,-45263.0,6.7,49.0,3,16.60000000000001,12.8,11.0,3.0,4.0,1.0,DEF,Spurs,Nott'm Forest,0,2026-09-05T14:00:00Z,23,0.0,0.0
147,Tosin,3,0,0.0,0.0,0.0,0.0,0.0,0.0,0.0,0.0,0.0,0.0,0.0,0.0,0.0,0.0,0.0,0.0,0.0,0.0,0.0,607.0,1549.0,-942.0,0.2,44.0,3,0.0,0.0,0.0,0.0,0.0,0.0,DEF,Spurs,Nott'm Forest,0,2026-09-05T14:00:00Z,23,0.0,0.0
401,Marmoush,3,2,83.0,0.0,0.0,1.0,0.0,0.0,0.0,0.0,0.0,0.0,0.0,0.0,6.0,0.9999999999999992,0.17,0.0099999999999999,0.18,0.8800000000000001,1.0,43309.0,38787.0,4522.0,2.3,70.0,3,0.0,2.3999999999999986,10.0,0.0,0.0,0.0,FWD,Spurs,Nott'm Forest,0,2026-09-05T14:00:00Z,23,0.0,0.0
403,Sávio,3,3,60.0,0.0,0.0,1.0,0.0,0.0,0.0,0.0,0.0,0.0,0.0,0.0,15.0,3.9,0.02,0.27,0.29,0.49,1.0,12065.0,12840.0,-775.0,0.7,65.0,3,6.2,17.3,15.0,0.0,0.0,0.0,MID,Spurs,Nott'm Forest,0,2026-09-05T14:00:00Z,23,0.0,0.0
590,Benda,3,0,0.0,0.0,0.0,0.0,0.0,0.0,0.0,0.0,0.0,0.0,0.0,0.0,0.0,0.0,0.0,0.0,0.0,0.0,0.0,513.0,593.0,-80.0,0.1,45.0,3,0.0,0.0,0.0,0.0,0.0,0.0,GK,Nott'm Forest,Spurs,1,2026-09-05T14:00:00Z,23,0.0,0.0
493,Kalimuendo,3,0,0.0,0.0,0.0,0.0,0.0,0.0,0.0,0.0,0.0,0.0,0.0,0.0,0.0,0.0,0.0,0.0,0.0,0.0,0.0,1138.0,824.0,314.0,0.1,54.0,3,0.0,0.0,0.0,0.0,0.0,0.0,FWD,Nott'm Forest,Spurs,1,2026-09-05T14:00:00Z,23,0.0,0.0
455,Tonali,3,5,90.0,0.0,0.0,1.0,0.0,0.0,0.0,0.0,0.0,0.0,0.0,0.0,22.0,3.1,0.0,0.0099999999999999,0.0099999999999999,0.92,1.0,12229.0,41486.0,-29257.0,2.5,54.0,3,22.8,8.0,0.0,4.0,4.0,4.0,MID,Spurs,Nott'm Forest,0,2026-09-05T14:00:00Z,23,0.0,0.0
452,Bruno G.,3,0,0.0,0.0,0.0,0.0,0.0,0.0,0.0,0.0,0.0,0.0,0.0,0.0,0.0,0.0,0.0,0.0,0.0,0.0,0.0,2234.0,36460.0,-34226.0,1.7,68.0,3,0.0,0.0,0.0,0.0,0.0,0.0,MID,Arsenal,Chelsea,1,2026-09-06T15:30:00Z,30,2.0,1.0
494,Vicario,3,0,0.0,0.0,0.0,0.0,0.0,0.0,0.0,0.0,0.0,0.0,0.0,0.0,0.0,0.0,0.0,0.0,0.0,0.0,0.0,0.0,2387.0,-2387.0,0.2,45.0,3,0.0,0.0,0.0,0.0,0.0,0.0,GK,Spurs,Nott'm Forest,0,2026-09-05T14:00:00Z,23,0.0,0.0
495,Austin,3,0,0.0,0.0,0.0,0.0,0.0,0.0,0.0,0.0,0.0,0.0,0.0,0.0,0.0,0.0,0.0,0.0,0.0,0.0,0.0,8120.0,5275.0,2845.0,1.0,40.0,3,0.0,0.0,0.0,0.0,0.0,0.0,GK,Spurs,Nott'm Forest,0,2026-09-05T14:00:00Z,23,0.0,0.0
496,Kinsky,3,6,90.0,0.0,0.0,1.0,0.0,0.0,0.0,0.0,0.0,0.0,1.0,0.0,24.0,2.0,0.0,0.0,0.0,0.92,1.0,130648.0,214837.0,-84189.0,18.1,45.0,3,10.4,10.0,0.0,2.0,8.0,0.0,GK,Spurs,Nott'm Forest,0,2026-09-05T14:00:00Z,23,0.0,0.0
498,Senesi,3,0,0.0,0.0,0.0,0.0,0.0,0.0,0.0,0.0,0.0,0.0,0.0,0.0,0.0,0.0,0.0,0.0,0.0,0.0,0.0,4021.0,102817.0,-98796.0,4.5,59.0,3,0.0,0.0,0.0,0.0,0.0,0.0,DEF,Spurs,Nott'm Forest,0,2026-09-05T14:00:00Z,23,0.0,0.0
499,Pedro Porro,3,7,90.0,0.0,0.0,1.0,0.0,0.0,0.0,0.0,0.0,0.0,0.0,1.0,28.0,5.500000000000001,0.0299999999999999,0.06,0.09,0.92,1.0,48271.0,108994.0,-60723.0,10.8,55.0,3,13.2,35.800000000000004,6.0,3.0,3.0,1.0,DEF,Spurs,Nott'm Forest,0,2026-09-05T14:00:00Z,23,0.0,0.0
500,Romero,3,0,0.0,0.0,0.0,0.0,0.0,0.0,0.0,0.0,0.0,0.0,0.0,0.0,0.0,0.0,0.0,0.0,0.0,0.0,0.0,0.0,1316.0,-1316.0,0.1,50.0,3,0.0,0.0,0.0,0.0,0.0,0.0,DEF,Spurs,Nott'm Forest,0,2026-09-05T14:00:00Z,23,0.0,0.0
502,Robertson,3,1,29.0,0.0,0.0,0.0,0.0,0.0,0.0,0.0,0.0,0.0,0.0,0.0,3.0,0.5999999999999996,0.0,0.0,0.0,0.4300000000000006,0.0,4836.0,59431.0,-54595.0,2.6,44.0,3,6.0,0.2999999999999971,0.0,1.0,1.0,0.0,DEF,Spurs,Nott'm Forest,0,2026-09-05T14:00:00Z,23,0.0,0.0
503,Van de Ven,3,9,90.0,0.0,0.0,1.0,0.0,0.0,0.0,0.0,0.0,0.0,0.0,3.0,30.0,3.7,0.57,0.0,0.57,0.92,1.0,31386.0,22591.0,8795.0,3.9,50.0,3,21.4,1.1999999999999995,14.0,6.0,4.0,3.0,DEF,Spurs,Nott'm Forest,0,2026-09-05T14:00:00Z,23,0.0,0.0
505,Spence,3,0,0.0,0.0,0.0,0.0,0.0,0.0,0.0,0.0,0.0,0.0,0.0,0.0,0.0,0.0,0.0,0.0,0.0,0.0,0.0,0.0,5159.0,-5159.0,0.3,45.0,3,0.0,0.0,0.0,0.0,0.0,0.0,DEF,Spurs,Nott'm Forest,0,2026-09-05T14:00:00Z,23,0.0,0.0
506,Udogie,3,5,60.0,0.0,0.0,1.0,0.0,0.0,0.0,0.0,1.0,0.0,0.0,0.0,16.0,0.8000000000000003,0.0,0.02,0.02,0.4899999999999999,1.0,1473.0,3863.0,-2390.0,0.4,45.0,3,4.6000000000000005,1.3000000000000007,2.0,3.0,1.0,0.0,DEF,Spurs,Nott'm Forest,0,2026-09-05T14:00:00Z,23,0.0,0.0
507,Phillips,3,0,0.0,0.0,0.0,0.0,0.0,0.0,0.0,0.0,0.0,0.0,0.0,0.0,0.0,0.0,0.0,0.0,0.0,0.0,0.0,0.0,133.0,-133.0,0.0,45.0,3,0.0,0.0,0.0,0.0,0.0,0.0,DEF,Spurs,Nott'm Forest,0,2026-09-05T14:00:00Z,23,0.0,0.0
509,Byfield,3,0,0.0,0.0,0.0,0.0,0.0,0.0,0.0,0.0,0.0,0.0,0.0,0.0,0.0,0.0,0.0,0.0,0.0,0.0,0.0,571.0,541.0,30.0,0.1,40.0,3,0.0,0.0,0.0,0.0,0.0,0.0,DEF,Spurs,Nott'm Forest,0,2026-09-05T14:00:00Z,23,0.0,0.0
510,Rowswell,3,0,0.0,0.0,0.0,0.0,0.0,0.0,0.0,0.0,0.0,0.0,0.0,0.0,0.0,0.0,0.0,0.0,0.0,0.0,0.0,767.0,717.0,50.0,0.1,40.0,3,0.0,0.0,0.0,0.0,0.0,0.0,DEF,Spurs,Nott'm Forest,0,2026-09-05T14:00:00Z,23,0.0,0.0
511,Souza,3,0,0.0,0.0,0.0,0.0,0.0,0.0,0.0,0.0,0.0,0.0,0.0,0.0,0.0,0.0,0.0,0.0,0.0,0.0,0.0,0.0,4589.0,-4589.0,0.2,40.0,3,0.0,0.0,0.0,0.0,0.0,0.0,DEF,Spurs,Nott'm Forest,0,2026-09-05T14:00:00Z,23,0.0,0.0
512,Kudus,3,1,29.0,0.0,0.0,0.0,0.0,0.0,0.0,0.0,0.0,0.0,0.0,0.0,13.0,2.2,0.0,0.16,0.1599999999999999,0.43,0.0,2986.0,2499.0,487.0,0.1,65.0,3,5.2,15.099999999999998,2.0,0.0,3.0,0.0,MID,Spurs,Nott'm Forest,0,2026-09-05T14:00:00Z,23,0.0,0.0
513,Xavi,3,0,0.0,0.0,0.0,0.0,0.0,0.0,0.0,0.0,0.0,0.0,0.0,0.0,0.0,0.0,0.0,0.0,0.0,0.0,0.0,85.0,192.0,-107.0,0.0,59.0,3,0.0,0.0,0.0,0.0,0.0,0.0,MID,Spurs,Nott'm Forest,0,2026-09-05T14:00:00Z,23,0.0,0.0
514,Tel,3,3,73.0,0.0,0.0,1.0,0.0,0.0,0.0,0.0,0.0,0.0,0.0,0.0,11.0,4.700000000000001,0.0,0.05,0.05,0.7600000000000007,1.0,1644.0,7869.0,-6225.0,0.3,58.0,3,6.800000000000001,20.2,20.0,0.0,2.0,0.0,MID,Spurs,Nott'm Forest,0,2026-09-05T14:00:00Z,23,0.0,0.0
515,Maddison,3,0,0.0,0.0,0.0,0.0,0.0,0.0,0.0,0.0,0.0,0.0,0.0,0.0,0.0,0.0,0.0,0.0,0.0,0.0,0.0,365.0,13122.0,-12757.0,0.4,63.0,3,0.0,0.0,0.0,0.0,0.0,0.0,MID,Spurs,Nott'm Forest,0,2026-09-05T14:00:00Z,23,0.0,0.0
516,Bentancur,3,5,90.0,0.0,0.0,1.0,0.0,0.0,0.0,0.0,0.0,0.0,0.0,0.0,14.0,2.8,0.02,0.01,0.03,0.92,1.0,1152.0,1324.0,-172.0,0.2,55.0,3,18.4,3.3000000000000007,6.0,11.0,5.0,1.0,MID,Spurs,Nott'm Forest,0,2026-09-05T14:00:00Z,23,0.0,0.0
518,P.M.Sarr,3,0,0.0,0.0,0.0,0.0,0.0,0.0,0.0,0.0,0.0,0.0,0.0,0.0,0.0,0.0,0.0,0.0,0.0,0.0,0.0,0.0,4451.0,-4451.0,0.1,49.0,3,0.0,0.0,0.0,0.0,0.0,0.0,MID,Spurs,Nott'm Forest,0,2026-09-05T14:00:00Z,23,0.0,0.0
520,Bergvall,3,0,0.0,0.0,0.0,0.0,0.0,0.0,0.0,0.0,0.0,0.0,0.0,0.0,0.0,0.0,0.0,0.0,0.0,0.0,0.0,303.0,1892.0,-1589.0,0.2,54.0,3,0.0,0.0,0.0,0.0,0.0,0.0,MID,Spurs,Nott'm Forest,0,2026-09-05T14:00:00Z,23,0.0,0.0
525,Fernandes,3,0,7.0,0.0,0.0,0.0,0.0,0.0,0.0,0.0,1.0,0.0,0.0,0.0,-1.0,0.0,0.0,0.0,0.0,0.04,0.0,1749.0,28339.0,-26590.0,0.9,58.0,3,0.0,0.4000000000000057,0.0,0.0,0.0,0.0,MID,Spurs,Nott'm Forest,0,2026-09-05T14:00:00Z,23,0.0,0.0
526,Solanke,3,1,6.0,0.0,0.0,0.0,0.0,0.0,0.0,0.0,0.0,0.0,0.0,0.0,-1.0,0.3999999999999999,0.1699999999999999,0.0,0.1699999999999999,0.04,0.0,5518.0,18688.0,-13170.0,0.9,59.0,3,0.0,0.3,4.0,1.0,0.0,0.0,FWD,Spurs,Nott'm Forest,0,2026-09-05T14:00:00Z,23,0.0,0.0
160,Garnacho,3,1,15.0,0.0,0.0,0.0,0.0,0.0,0.0,0.0,0.0,0.0,0.0,0.0,4.0,0.3,0.0,0.0,0.0,0.35,0.0,1477.0,8309.0,-6832.0,0.4,59.0,3,1.0,1.6,0.0,0.0,0.0,0.0,MID,Aston Villa,Hull City,0,2026-09-05T16:30:00Z,21,0.0,0.0
166,N.Jackson,3,2,84.0,0.0,0.0,1.0,0.0,0.0,0.0,0.0,0.0,0.0,0.0,0.0,10.0,3.9,0.24,0.44,0.68,0.2199999999999999,1.0,43312.0,17270.0,26042.0,1.3,65.0,3,1.2000000000000002,17.5,20.0,0.0,2.0,0.0,FWD,Aston Villa,Hull City,0,2026-09-05T16:30:00Z,21,0.0,0.0
582,Madjo,3,0,0.0,0.0,0.0,0.0,0.0,0.0,0.0,0.0,0.0,0.0,0.0,0.0,0.0,0.0,0.0,0.0,0.0,0.0,0.0,349.0,5524.0,-5175.0,0.3,55.0,3,0.0,0.0,0.0,0.0,0.0,0.0,FWD,Aston Villa,Hull City,0,2026-09-05T16:30:00Z,21,0.0,0.0
596,Ruggeri,3,1,15.0,0.0,0.0,0.0,0.0,0.0,0.0,0.0,0.0,0.0,0.0,0.0,3.0,0.5,0.0,0.01,0.01,0.35,0.0,262.0,1182.0,-920.0,0.1,45.0,3,2.6,2.6,0.0,1.0,2.0,0.0,DEF,Aston Villa,Hull City,0,2026-09-05T16:30:00Z,21,0.0,0.0
531,Ellborg,3,0,0.0,0.0,0.0,0.0,0.0,0.0,0.0,0.0,0.0,0.0,0.0,0.0,0.0,0.0,0.0,0.0,0.0,0.0,0.0,223.0,680.0,-457.0,0.1,45.0,3,0.0,0.0,0.0,0.0,0.0,0.0,GK,Sunderland,Brentford,0,2026-09-05T14:00:00Z,25,1.0,1.0
557,Tzolis,3,5,90.0,0.0,1.0,0.0,1.0,0.0,0.0,0.0,1.0,0.0,0.0,1.0,31.0,8.5,0.0,0.1999999999999999,0.2,0.39,1.0,76493.0,388704.0,-312211.0,15.9,64.0,3,30.6,49.99999999999999,4.0,2.0,5.0,1.0,MID,Arsenal,Chelsea,1,2026-09-06T15:30:00Z,30,2.0,1.0
48,Onana,3,0,0.0,0.0,0.0,0.0,0.0,0.0,0.0,0.0,0.0,0.0,0.0,0.0,0.0,0.0,0.0,0.0,0.0,0.0,0.0,105.0,257.0,-152.0,0.0,50.0,3,0.0,0.0,0.0,0.0,0.0,0.0,MID,Aston Villa,Hull City,0,2026-09-05T16:30:00Z,21,0.0,0.0
49,Iling Jr,3,0,0.0,0.0,0.0,0.0,0.0,0.0,0.0,0.0,0.0,0.0,0.0,0.0,0.0,0.0,0.0,0.0,0.0,0.0,0.0,0.0,21.0,-21.0,0.0,50.0,3,0.0,0.0,0.0,0.0,0.0,0.0,MID,Aston Villa,Hull City,0,2026-09-05T16:30:00Z,21,0.0,0.0
22,Nwaneri,3,0,0.0,0.0,0.0,0.0,0.0,0.0,0.0,0.0,0.0,0.0,0.0,0.0,0.0,0.0,0.0,0.0,0.0,0.0,0.0,0.0,334.0,-334.0,0.0,54.0,3,0.0,0.0,0.0,0.0,0.0,0.0,MID,Arsenal,Chelsea,1,2026-09-06T15:30:00Z,30,2.0,1.0
23,Fábio Vieira,3,0,0.0,0.0,0.0,0.0,0.0,0.0,0.0,0.0,0.0,0.0,0.0,0.0,0.0,0.0,0.0,0.0,0.0,0.0,0.0,0.0,258.0,-258.0,0.0,55.0,3,0.0,0.0,0.0,0.0,0.0,0.0,MID,Arsenal,Chelsea,1,2026-09-06T15:30:00Z,30,2.0,1.0
24,Nelson,3,0,0.0,0.0,0.0,0.0,0.0,0.0,0.0,0.0,0.0,0.0,0.0,0.0,0.0,0.0,0.0,0.0,0.0,0.0,0.0,0.0,109.0,-109.0,0.0,55.0,3,0.0,0.0,0.0,0.0,0.0,0.0,MID,Arsenal,Chelsea,1,2026-09-06T15:30:00Z,30,2.0,1.0
29,M.Bizot,3,0,0.0,0.0,0.0,0.0,0.0,0.0,0.0,0.0,0.0,0.0,0.0,0.0,0.0,0.0,0.0,0.0,0.0,0.0,0.0,978.0,1557.0,-579.0,0.1,45.0,3,0.0,0.0,0.0,0.0,0.0,0.0,GK,Aston Villa,Hull City,0,2026-09-05T16:30:00Z,21,0.0,0.0
13,Rice,3,5,90.0,0.0,1.0,0.0,1.0,0.0,0.0,0.0,0.0,0.0,0.0,0.0,22.0,5.6000000000000005,0.03,0.08,0.1099999999999999,0.39,1.0,24634.0,143864.0,-119230.0,13.0,74.0,3,33.8,19.9,2.0,5.0,1.0,0.0,MID,Arsenal,Chelsea,1,2026-09-06T15:30:00Z,30,2.0,1.0
14,Eze,3,0,0.0,0.0,0.0,0.0,0.0,0.0,0.0,0.0,0.0,0.0,0.0,0.0,0.0,0.0,0.0,0.0,0.0,0.0,0.0,3808.0,28338.0,-24530.0,1.2,63.0,3,0.0,0.0,0.0,0.0,0.0,0.0,MID,Arsenal,Chelsea,1,2026-09-06T15:30:00Z,30,2.0,1.0
15,Ødegaard,3,10,76.0,1.0,0.0,0.0,1.0,0.0,0.0,0.0,0.0,0.0,0.0,3.0,47.0,12.900000000000002,0.72,0.88,1.6,0.27,1.0,739497.0,108024.0,631473.0,18.3,67.0,3,45.00000000000001,54.2,30.0,0.0,3.0,0.0,MID,Arsenal,Chelsea,1,2026-09-06T15:30:00Z,30,2.0,1.0
16,Madueke,3,1,1.0,0.0,0.0,0.0,0.0,0.0,0.0,0.0,0.0,0.0,0.0,0.0,3.0,0.2999999999999998,0.0,0.01,0.01,0.0,0.0,1375.0,4285.0,-2910.0,0.2,63.0,3,2.1999999999999997,0.7999999999999972,0.0,0.0,0.0,1.0,MID,Arsenal,Chelsea,1,2026-09-06T15:30:00Z,30,2.0,1.0
57,Petrović,3,1,90.0,0.0,0.0,0.0,2.0,0.0,0.0,0.0,0.0,0.0,0.0,0.0,0.0,0.3000000000000007,0.0,0.0,0.0,0.71,1.0,25769.0,34663.0,-8894.0,3.2,45.0,3,3.4000000000000057,0.0,0.0,1.0,8.0,0.0,GK,Bournemouth,Newcastle,0,2026-09-05T11:30:00Z,24,2.0,2.0
20,Dowman,3,0,0.0,0.0,0.0,0.0,0.0,0.0,0.0,0.0,0.0,0.0,0.0,0.0,0.0,0.0,0.0,0.0,0.0,0.0,0.0,601.0,1302.0,-701.0,0.1,53.0,3,0.0,0.0,0.0,0.0,0.0,0.0,MID,Arsenal,Chelsea,1,2026-09-06T15:30:00Z,30,2.0,1.0
38,A.García,3,0,0.0,0.0,0.0,0.0,0.0,0.0,0.0,0.0,0.0,0.0,0.0,0.0,0.0,0.0,0.0,0.0,0.0,0.0,0.0,12090.0,16330.0,-4240.0,1.7,40.0,3,0.0,0.0,0.0,0.0,0.0,0.0,DEF,Aston Villa,Hull City,0,2026-09-05T16:30:00Z,21,0.0,0.0
62,Diakité,3,0,0.0,0.0,0.0,0.0,0.0,0.0,0.0,0.0,0.0,0.0,0.0,0.0,0.0,0.0,0.0,0.0,0.0,0.0,0.0,1221.0,2546.0,-1325.0,0.2,50.0,3,0.0,0.0,0.0,0.0,0.0,0.0,DEF,Bournemouth,Newcastle,0,2026-09-05T11:30:00Z,24,2.0,2.0
92,Ji-soo,3,0,0.0,0.0,0.0,0.0,0.0,0.0,0.0,0.0,0.0,0.0,0.0,0.0,0.0,0.0,0.0,0.0,0.0,0.0,0.0,101.0,223.0,-122.0,0.0,45.0,3,0.0,0.0,0.0,0.0,0.0,0.0,DEF,Brentford,Sunderland,1,2026-09-05T14:00:00Z,25,1.0,1.0
58,Forster,3,0,0.0,0.0,0.0,0.0,0.0,0.0,0.0,0.0,0.0,0.0,0.0,0.0,0.0,0.0,0.0,0.0,0.0,0.0,0.0,36528.0,19607.0,16921.0,3.6,40.0,3,0.0,0.0,0.0,0.0,0.0,0.0,GK,Bournemouth,Newcastle,0,2026-09-05T11:30:00Z,24,2.0,2.0
78,Kroupi.Jr,3,0,0.0,0.0,0.0,0.0,0.0,0.0,0.0,0.0,0.0,0.0,0.0,0.0,0.0,0.0,0.0,0.0,0.0,0.0,0.0,190.0,3187.0,-2997.0,0.2,74.0,3,0.0,0.0,0.0,0.0,0.0,0.0,MID,Bournemouth,Newcastle,0,2026-09-05T11:30:00Z,24,2.0,2.0
89,Henry,3,0,0.0,0.0,0.0,0.0,0.0,0.0,0.0,0.0,0.0,0.0,0.0,0.0,0.0,0.0,0.0,0.0,0.0,0.0,0.0,291.0,1874.0,-1583.0,0.2,45.0,3,0.0,0.0,0.0,0.0,0.0,0.0,DEF,Brentford,Sunderland,1,2026-09-05T14:00:00Z,25,1.0,1.0
108,Wilson,3,1,4.0,0.0,0.0,0.0,0.0,0.0,0.0,0.0,0.0,0.0,0.0,0.0,2.0,0.1,0.0,0.0,0.0,0.0799999999999999,0.0,2670.0,5628.0,-2958.0,0.3,55.0,3,1.0,0.0,0.0,1.0,0.0,0.0,FWD,Brentford,Sunderland,1,2026-09-05T14:00:00Z,25,1.0,1.0
107,Furo,3,0,0.0,0.0,0.0,0.0,0.0,0.0,0.0,0.0,0.0,0.0,0.0,0.0,0.0,0.0,0.0,0.0,0.0,0.0,0.0,18152.0,13668.0,4484.0,1.1,45.0,3,0.0,0.0,0.0,0.0,0.0,0.0,FWD,Brentford,Sunderland,1,2026-09-05T14:00:00Z,25,1.0,1.0
134,Oriola,3,0,0.0,0.0,0.0,0.0,0.0,0.0,0.0,0.0,0.0,0.0,0.0,0.0,0.0,0.0,0.0,0.0,0.0,0.0,0.0,2128.0,3107.0,-979.0,0.3,45.0,3,0.0,0.0,0.0,0.0,0.0,0.0,MID,Brighton,Leeds,1,2026-09-05T14:00:00Z,29,1.0,1.0
137,Tzimas,3,0,0.0,0.0,0.0,0.0,0.0,0.0,0.0,0.0,0.0,0.0,0.0,0.0,0.0,0.0,0.0,0.0,0.0,0.0,0.0,68.0,145.0,-77.0,0.0,55.0,3,0.0,0.0,0.0,0.0,0.0,0.0,FWD,Brighton,Leeds,1,2026-09-05T14:00:00Z,29,1.0,1.0
200,Lacroix,3,2,90.0,0.0,0.0,0.0,2.0,0.0,0.0,0.0,1.0,0.0,0.0,0.0,3.0,2.9000000000000004,0.0,0.0099999999999999,0.01,2.05,1.0,55010.0,75774.0,-20764.0,8.1,60.0,3,26.0,1.299999999999999,2.0,9.0,2.0,2.0,DEF,Chelsea,Arsenal,0,2026-09-06T15:30:00Z,30,2.0,1.0
158,Gittens,3,0,0.0,0.0,0.0,0.0,0.0,0.0,0.0,0.0,0.0,0.0,0.0,0.0,0.0,0.0,0.0,0.0,0.0,0.0,0.0,244.0,459.0,-215.0,0.0,59.0,3,0.0,0.0,0.0,0.0,0.0,0.0,MID,Chelsea,Arsenal,0,2026-09-06T15:30:00Z,30,2.0,1.0
178,Bidwell,3,0,0.0,0.0,0.0,0.0,0.0,0.0,0.0,0.0,0.0,0.0,0.0,0.0,0.0,0.0,0.0,0.0,0.0,0.0,0.0,619.0,762.0,-143.0,0.1,40.0,3,0.0,0.0,0.0,0.0,0.0,0.0,DEF,Coventry City,Man City,0,2026-09-05T14:00:00Z,28,1.0,0.0
187,Eccles,3,0,0.0,0.0,0.0,0.0,0.0,0.0,0.0,0.0,0.0,0.0,0.0,0.0,0.0,0.0,0.0,0.0,0.0,0.0,0.0,84.0,307.0,-223.0,0.0,49.0,3,0.0,0.0,0.0,0.0,0.0,0.0,MID,Coventry City,Man City,0,2026-09-05T14:00:00Z,28,1.0,0.0
104,Onyeka,3,2,62.0,0.0,0.0,0.0,1.0,0.0,0.0,0.0,0.0,0.0,0.0,0.0,5.0,0.0999999999999999,0.0,0.0,0.0,1.17,1.0,596.0,1618.0,-1022.0,0.1,49.0,3,0.3999999999999999,0.3999999999999999,0.0,0.0,2.0,1.0,MID,Coventry City,Man City,0,2026-09-05T14:00:00Z,28,1.0,0.0
189,Shepherd,3,0,0.0,0.0,0.0,0.0,0.0,0.0,0.0,0.0,0.0,0.0,0.0,0.0,0.0,0.0,0.0,0.0,0.0,0.0,0.0,1247.0,2817.0,-1570.0,0.2,45.0,3,0.0,0.0,0.0,0.0,0.0,0.0,MID,Coventry City,Man City,0,2026-09-05T14:00:00Z,28,1.0,0.0
623,Bentley,3,0,0.0,0.0,0.0,0.0,0.0,0.0,0.0,0.0,0.0,0.0,0.0,0.0,0.0,0.0,0.0,0.0,0.0,0.0,0.0,34776.0,9134.0,25642.0,0.5,40.0,3,0.0,0.0,0.0,0.0,0.0,0.0,GK,Coventry City,Man City,0,2026-09-05T14:00:00Z,28,1.0,0.0
251,Lecomte,3,0,0.0,0.0,0.0,0.0,0.0,0.0,0.0,0.0,0.0,0.0,0.0,0.0,0.0,0.0,0.0,0.0,0.0,0.0,0.0,7810.0,6639.0,1171.0,1.2,40.0,3,0.0,0.0,0.0,0.0,0.0,0.0,GK,Fulham,Crystal Palace,1,2026-09-05T14:00:00Z,27,2.0,3.0
256,Tete,3,0,0.0,0.0,0.0,0.0,0.0,0.0,0.0,0.0,0.0,0.0,0.0,0.0,0.0,0.0,0.0,0.0,0.0,0.0,0.0,224.0,2155.0,-1931.0,0.2,44.0,3,0.0,0.0,0.0,0.0,0.0,0.0,DEF,Fulham,Crystal Palace,1,2026-09-05T14:00:00Z,27,2.0,3.0
270,Reed,3,0,0.0,0.0,0.0,0.0,0.0,0.0,0.0,0.0,0.0,0.0,0.0,0.0,0.0,0.0,0.0,0.0,0.0,0.0,0.0,3485.0,14838.0,-11353.0,1.1,45.0,3,0.0,0.0,0.0,0.0,0.0,0.0,MID,Fulham,Crystal Palace,1,2026-09-05T14:00:00Z,27,2.0,3.0
636,Ángel,3,0,0.0,0.0,0.0,0.0,0.0,0.0,0.0,0.0,0.0,0.0,0.0,0.0,0.0,0.0,0.0,0.0,0.0,0.0,0.0,128.0,53.0,75.0,0.0,50.0,3,0.0,0.0,0.0,0.0,0.0,0.0,MID,Fulham,Crystal Palace,1,2026-09-05T14:00:00Z,27,2.0,3.0
626,Zepa,3,0,0.0,0.0,0.0,0.0,0.0,0.0,0.0,0.0,0.0,0.0,0.0,0.0,0.0,0.0,0.0,0.0,0.0,0.0,0.0,11156.0,6275.0,4881.0,0.4,45.0,3,0.0,0.0,0.0,0.0,0.0,0.0,MID,Fulham,Crystal Palace,1,2026-09-05T14:00:00Z,27,2.0,3.0
273,Phillips,3,0,0.0,0.0,0.0,0.0,0.0,0.0,0.0,0.0,0.0,0.0,0.0,0.0,0.0,0.0,0.0,0.0,0.0,0.0,0.0,8176.0,9188.0,-1012.0,1.4,40.0,3,0.0,0.0,0.0,0.0,0.0,0.0,GK,Hull City,Aston Villa,1,2026-09-05T16:30:00Z,21,0.0,0.0
282,Giles,3,8,90.0,0.0,0.0,1.0,0.0,0.0,0.0,0.0,0.0,0.0,0.0,2.0,30.0,4.1,0.0,0.0399999999999999,0.04,1.9300000000000008,1.0,65844.0,15142.0,50702.0,1.7,40.0,3,14.800000000000004,26.40000000000001,0.0,3.0,5.0,1.0,DEF,Hull City,Aston Villa,1,2026-09-05T16:30:00Z,21,0.0,0.0
284,McCarthy,3,0,0.0,0.0,0.0,0.0,0.0,0.0,0.0,0.0,0.0,0.0,0.0,0.0,0.0,0.0,0.0,0.0,0.0,0.0,0.0,903.0,982.0,-79.0,0.1,40.0,3,0.0,0.0,0.0,0.0,0.0,0.0,DEF,Hull City,Aston Villa,1,2026-09-05T16:30:00Z,21,0.0,0.0
303,Kipré,3,0,0.0,0.0,0.0,0.0,0.0,0.0,0.0,0.0,0.0,0.0,0.0,0.0,0.0,0.0,0.0,0.0,0.0,0.0,0.0,561.0,3870.0,-3309.0,0.5,40.0,3,0.0,0.0,0.0,0.0,0.0,0.0,DEF,Ipswich Town,Liverpool,1,2026-09-04T19:00:00Z,26,0.0,2.0
299,Burstow,3,0,0.0,0.0,0.0,0.0,0.0,0.0,0.0,0.0,0.0,0.0,0.0,0.0,0.0,0.0,0.0,0.0,0.0,0.0,0.0,0.0,473.0,-473.0,0.0,45.0,3,0.0,0.0,0.0,0.0,0.0,0.0,FWD,Hull City,Aston Villa,1,2026-09-05T16:30:00Z,21,0.0,0.0
301,Palmer,3,0,0.0,0.0,0.0,0.0,0.0,0.0,0.0,0.0,0.0,0.0,0.0,0.0,0.0,0.0,0.0,0.0,0.0,0.0,0.0,22681.0,30531.0,-7850.0,4.2,40.0,3,0.0,0.0,0.0,0.0,0.0,0.0,GK,Ipswich Town,Liverpool,1,2026-09-04T19:00:00Z,26,0.0,2.0
308,Furlong,3,0,0.0,0.0,0.0,0.0,0.0,0.0,0.0,0.0,0.0,0.0,0.0,0.0,0.0,0.0,0.0,0.0,0.0,0.0,0.0,404.0,3495.0,-3091.0,0.5,40.0,3,0.0,0.0,0.0,0.0,0.0,0.0,DEF,Ipswich Town,Liverpool,1,2026-09-04T19:00:00Z,26,0.0,2.0
625,Cairns,3,0,0.0,0.0,0.0,0.0,0.0,0.0,0.0,0.0,0.0,0.0,0.0,0.0,0.0,0.0,0.0,0.0,0.0,0.0,0.0,5808.0,2123.0,3685.0,0.2,40.0,3,0.0,0.0,0.0,0.0,0.0,0.0,GK,Leeds,Brighton,0,2026-09-05T14:00:00Z,29,1.0,1.0
378,McConnell,3,0,0.0,0.0,0.0,0.0,0.0,0.0,0.0,0.0,0.0,0.0,0.0,0.0,0.0,0.0,0.0,0.0,0.0,0.0,0.0,856.0,2477.0,-1621.0,0.2,45.0,3,0.0,0.0,0.0,0.0,0.0,0.0,MID,Liverpool,Ipswich Town,0,2026-09-04T19:00:00Z,26,0.0,2.0
374,Endo,3,0,0.0,0.0,0.0,0.0,0.0,0.0,0.0,0.0,0.0,0.0,0.0,0.0,0.0,0.0,0.0,0.0,0.0,0.0,0.0,516.0,1065.0,-549.0,0.1,49.0,3,0.0,0.0,0.0,0.0,0.0,0.0,MID,Liverpool,Ipswich Town,0,2026-09-04T19:00:00Z,26,0.0,2.0
621,McAidoo,3,1,3.0,0.0,0.0,0.0,0.0,0.0,0.0,0.0,0.0,0.0,0.0,0.0,5.0,0.7000000000000001,0.0,0.0,0.0,0.02,0.0,3463.0,2144.0,1319.0,0.1,45.0,3,5.2,0.0,2.0,0.0,2.0,2.0,MID,Man City,Coventry City,1,2026-09-05T14:00:00Z,28,1.0,0.0
628,Allan,3,0,0.0,0.0,0.0,0.0,0.0,0.0,0.0,0.0,0.0,0.0,0.0,0.0,0.0,0.0,0.0,0.0,0.0,0.0,0.0,296.0,186.0,110.0,0.0,60.0,3,0.0,0.0,0.0,0.0,0.0,0.0,MID,Man City,Coventry City,1,2026-09-05T14:00:00Z,28,1.0,0.0
587,Rulli,3,0,0.0,0.0,0.0,0.0,0.0,0.0,0.0,0.0,0.0,0.0,0.0,0.0,0.0,0.0,0.0,0.0,0.0,0.0,0.0,127.0,248.0,-121.0,0.0,50.0,3,0.0,0.0,0.0,0.0,0.0,0.0,GK,Man City,Coventry City,1,2026-09-05T14:00:00Z,28,1.0,0.0
412,Lammens,3,2,90.0,0.0,0.0,0.0,2.0,0.0,0.0,0.0,0.0,0.0,4.0,0.0,13.0,3.2,0.0,0.0,0.0,1.0100000000000002,1.0,10991.0,221922.0,-210931.0,11.2,50.0,3,31.8,0.0,0.0,1.0,14.0,0.0,GK,Man Utd,Everton,0,2026-09-06T13:00:00Z,22,2.0,2.0
414,Heaton,3,0,0.0,0.0,0.0,0.0,0.0,0.0,0.0,0.0,0.0,0.0,0.0,0.0,0.0,0.0,0.0,0.0,0.0,0.0,0.0,678.0,766.0,-88.0,0.1,40.0,3,0.0,0.0,0.0,0.0,0.0,0.0,GK,Man Utd,Everton,0,2026-09-06T13:00:00Z,22,2.0,2.0
415,Dorgu,3,1,20.0,0.0,0.0,0.0,2.0,0.0,0.0,0.0,0.0,0.0,0.0,0.0,3.0,0.7999999999999998,0.0,0.01,0.01,0.3599999999999999,0.0,2000.0,18062.0,-16062.0,0.6,58.0,3,4.199999999999999,1.299999999999999,2.0,1.0,1.0,1.0,MID,Man Utd,Everton,0,2026-09-06T13:00:00Z,22,2.0,2.0
424,Amass,3,0,0.0,0.0,0.0,0.0,0.0,0.0,0.0,0.0,0.0,0.0,0.0,0.0,0.0,0.0,0.0,0.0,0.0,0.0,0.0,1587.0,1891.0,-304.0,0.2,40.0,3,0.0,0.0,0.0,0.0,0.0,0.0,DEF,Man Utd,Everton,0,2026-09-06T13:00:00Z,22,2.0,2.0
436,Collyer,3,0,0.0,0.0,0.0,0.0,0.0,0.0,0.0,0.0,0.0,0.0,0.0,0.0,0.0,0.0,0.0,0.0,0.0,0.0,0.0,0.0,248.0,-248.0,0.0,50.0,3,0.0,0.0,0.0,0.0,0.0,0.0,MID,Man Utd,Everton,0,2026-09-06T13:00:00Z,22,2.0,2.0
450,Livramento,3,1,1.0,0.0,0.0,0.0,0.0,0.0,0.0,0.0,0.0,0.0,0.0,0.0,3.0,0.0,0.0,0.0,0.0,0.02,0.0,3235.0,961.0,2274.0,0.1,49.0,3,0.2,0.0,0.0,0.0,0.0,0.0,DEF,Newcastle,Bournemouth,1,2026-09-05T11:30:00Z,24,2.0,2.0
609,Shahar,3,0,0.0,0.0,0.0,0.0,0.0,0.0,0.0,0.0,0.0,0.0,0.0,0.0,0.0,0.0,0.0,0.0,0.0,0.0,0.0,3404.0,4007.0,-603.0,0.3,40.0,3,0.0,0.0,0.0,0.0,0.0,0.0,DEF,Newcastle,Bournemouth,1,2026-09-05T11:30:00Z,24,2.0,2.0
476,O.Richards,3,0,0.0,0.0,0.0,0.0,0.0,0.0,0.0,0.0,0.0,0.0,0.0,0.0,0.0,0.0,0.0,0.0,0.0,0.0,0.0,872.0,1663.0,-791.0,0.2,40.0,3,0.0,0.0,0.0,0.0,0.0,0.0,DEF,Nott'm Forest,Spurs,1,2026-09-05T14:00:00Z,23,0.0,0.0
489,Yates,3,0,0.0,0.0,0.0,0.0,0.0,0.0,0.0,0.0,0.0,0.0,0.0,0.0,0.0,0.0,0.0,0.0,0.0,0.0,0.0,7424.0,15198.0,-7774.0,1.4,45.0,3,0.0,0.0,0.0,0.0,0.0,0.0,MID,Nott'm Forest,Spurs,1,2026-09-05T14:00:00Z,23,0.0,0.0
508,Davies,3,0,0.0,0.0,0.0,0.0,0.0,0.0,0.0,0.0,0.0,0.0,0.0,0.0,0.0,0.0,0.0,0.0,0.0,0.0,0.0,2420.0,8443.0,-6023.0,0.9,40.0,3,0.0,0.0,0.0,0.0,0.0,0.0,DEF,Spurs,Nott'm Forest,0,2026-09-05T14:00:00Z,23,0.0,0.0
497,Dubravka,3,0,0.0,0.0,0.0,0.0,0.0,0.0,0.0,0.0,0.0,0.0,0.0,0.0,0.0,0.0,0.0,0.0,0.0,0.0,0.0,130603.0,116170.0,14433.0,18.0,40.0,3,0.0,0.0,0.0,0.0,0.0,0.0,GK,Spurs,Nott'm Forest,0,2026-09-05T14:00:00Z,23,0.0,0.0
519,Gallagher,3,3,83.0,0.0,0.0,1.0,0.0,0.0,0.0,0.0,0.0,0.0,0.0,0.0,23.0,1.7000000000000002,0.0,0.06,0.06,0.8800000000000001,1.0,772.0,2376.0,-1604.0,0.2,54.0,3,10.2,4.4,2.0,1.0,6.0,4.0,MID,Spurs,Nott'm Forest,0,2026-09-05T14:00:00Z,23,0.0,0.0
521,Kulusevski,3,0,0.0,0.0,0.0,0.0,0.0,0.0,0.0,0.0,0.0,0.0,0.0,0.0,0.0,0.0,0.0,0.0,0.0,0.0,0.0,77.0,145.0,-68.0,0.0,65.0,3,0.0,0.0,0.0,0.0,0.0,0.0,MID,Spurs,Nott'm Forest,0,2026-09-05T14:00:00Z,23,0.0,0.0
522,Gray,3,0,0.0,0.0,0.0,0.0,0.0,0.0,0.0,0.0,0.0,0.0,0.0,0.0,0.0,0.0,0.0,0.0,0.0,0.0,0.0,847.0,3158.0,-2311.0,0.2,50.0,3,0.0,0.0,0.0,0.0,0.0,0.0,MID,Spurs,Nott'm Forest,0,2026-09-05T14:00:00Z,23,0.0,0.0
523,Moore,3,0,0.0,0.0,0.0,0.0,0.0,0.0,0.0,0.0,0.0,0.0,0.0,0.0,0.0,0.0,0.0,0.0,0.0,0.0,0.0,0.0,5290.0,-5290.0,0.1,50.0,3,0.0,0.0,0.0,0.0,0.0,0.0,MID,Spurs,Nott'm Forest,0,2026-09-05T14:00:00Z,23,0.0,0.0
527,Richarlison,3,0,0.0,0.0,0.0,0.0,0.0,0.0,0.0,0.0,0.0,0.0,0.0,0.0,0.0,0.0,0.0,0.0,0.0,0.0,0.0,0.0,65984.0,-65984.0,0.9,59.0,3,0.0,0.0,0.0,0.0,0.0,0.0,FWD,Spurs,Nott'm Forest,0,2026-09-05T14:00:00Z,23,0.0,0.0
528,Scarlett,3,0,0.0,0.0,0.0,0.0,0.0,0.0,0.0,0.0,0.0,0.0,0.0,0.0,0.0,0.0,0.0,0.0,0.0,0.0,0.0,0.0,29862.0,-29862.0,1.3,45.0,3,0.0,0.0,0.0,0.0,0.0,0.0,FWD,Spurs,Nott'm Forest,0,2026-09-05T14:00:00Z,23,0.0,0.0
517,Odobert,3,0,0.0,0.0,0.0,0.0,0.0,0.0,0.0,0.0,0.0,0.0,0.0,0.0,0.0,0.0,0.0,0.0,0.0,0.0,0.0,33.0,16.0,17.0,0.0,55.0,3,0.0,0.0,0.0,0.0,0.0,0.0,MID,Spurs,Nott'm Forest,0,2026-09-05T14:00:00Z,23,0.0,0.0
524,Olusesi,3,0,0.0,0.0,0.0,0.0,0.0,0.0,0.0,0.0,0.0,0.0,0.0,0.0,0.0,0.0,0.0,0.0,0.0,0.0,0.0,7757.0,6942.0,815.0,0.8,44.0,3,0.0,0.0,0.0,0.0,0.0,0.0,MID,Spurs,Nott'm Forest,0,2026-09-05T14:00:00Z,23,0.0,0.0
578,Mudryk,3,1,16.0,0.0,0.0,0.0,0.0,0.0,0.0,0.0,0.0,0.0,0.0,0.0,3.0,0.1,0.0,0.0,0.0,0.16,0.0,1644.0,2093.0,-449.0,0.1,54.0,3,0.0,0.1,2.0,0.0,0.0,0.0,MID,Spurs,Nott'm Forest,0,2026-09-05T14:00:00Z,23,0.0,0.0
601,Williams-Barnett,3,0,0.0,0.0,0.0,0.0,0.0,0.0,0.0,0.0,0.0,0.0,0.0,0.0,0.0,0.0,0.0,0.0,0.0,0.0,0.0,2271.0,1831.0,440.0,0.1,45.0,3,0.0,0.0,0.0,0.0,0.0,0.0,MID,Spurs,Nott'm Forest,0,2026-09-05T14:00:00Z,23,0.0,0.0
501,Danso,3,2,90.0,0.0,0.0,0.0,1.0,0.0,0.0,0.0,0.0,0.0,0.0,0.0,9.0,3.2,0.0,0.08,0.08,1.21,1.0,1489.0,1655.0,-166.0,0.2,50.0,3,20.8,10.9,0.0,7.0,3.0,1.0,DEF,Sunderland,Brentford,0,2026-09-05T14:00:00Z,25,1.0,1.0
529,Roefs,3,2,90.0,0.0,0.0,0.0,1.0,0.0,0.0,0.0,0.0,0.0,1.0,0.0,11.0,1.3000000000000005,0.0,0.0,0.0,1.21,1.0,2218.0,46422.0,-44204.0,2.9,50.0,3,12.6,0.0,0.0,1.0,13.0,0.0,GK,Sunderland,Brentford,0,2026-09-05T14:00:00Z,25,1.0,1.0
530,Patterson,3,0,0.0,0.0,0.0,0.0,0.0,0.0,0.0,0.0,0.0,0.0,0.0,0.0,0.0,0.0,0.0,0.0,0.0,0.0,0.0,0.0,960.0,-960.0,0.1,40.0,3,0.0,0.0,0.0,0.0,0.0,0.0,GK,Sunderland,Brentford,0,2026-09-05T14:00:00Z,25,1.0,1.0
532,Ballard,3,4,90.0,0.0,0.0,0.0,1.0,0.0,0.0,0.0,0.0,0.0,0.0,0.0,12.0,4.300000000000001,0.06,0.1399999999999999,0.1999999999999999,1.21,1.0,6860.0,95099.0,-88239.0,3.1,49.0,3,25.0,10.3,8.0,8.0,5.0,2.0,DEF,Sunderland,Brentford,0,2026-09-05T14:00:00Z,25,1.0,1.0
536,Reinildo,3,2,90.0,0.0,0.0,0.0,1.0,0.0,0.0,0.0,0.0,0.0,0.0,0.0,14.0,1.5999999999999996,0.0,0.01,0.01,1.21,1.0,752.0,4678.0,-3926.0,0.4,45.0,3,14.4,1.5,0.0,4.0,7.0,3.0,DEF,Sunderland,Brentford,0,2026-09-05T14:00:00Z,25,1.0,1.0
537,Seelt,3,0,0.0,0.0,0.0,0.0,0.0,0.0,0.0,0.0,0.0,0.0,0.0,0.0,0.0,0.0,0.0,0.0,0.0,0.0,0.0,0.0,99.0,-99.0,0.0,45.0,3,0.0,0.0,0.0,0.0,0.0,0.0,DEF,Sunderland,Brentford,0,2026-09-05T14:00:00Z,25,1.0,1.0
538,Hjelde,3,0,0.0,0.0,0.0,0.0,0.0,0.0,0.0,0.0,0.0,0.0,0.0,0.0,0.0,0.0,0.0,0.0,0.0,0.0,0.0,0.0,392.0,-392.0,0.0,40.0,3,0.0,0.0,0.0,0.0,0.0,0.0,DEF,Sunderland,Brentford,0,2026-09-05T14:00:00Z,25,1.0,1.0
533,Mukiele,3,4,90.0,0.0,0.0,0.0,1.0,0.0,0.0,0.0,0.0,0.0,0.0,0.0,16.0,3.7,0.0,0.0199999999999999,0.0199999999999999,1.2100000000000002,1.0,6643.0,25921.0,-19278.0,2.2,55.0,3,32.4,5.0,0.0,10.0,6.0,4.0,DEF,Sunderland,Brentford,0,2026-09-05T14:00:00Z,25,1.0,1.0
534,Hume,3,1,26.0,0.0,0.0,0.0,0.0,0.0,0.0,0.0,0.0,0.0,0.0,0.0,8.0,0.4000000000000003,0.0,0.0,0.0,0.4499999999999997,0.0,3402.0,142793.0,-139391.0,3.8,44.0,3,3.8000000000000007,0.1000000000000014,0.0,0.0,2.0,2.0,DEF,Sunderland,Brentford,0,2026-09-05T14:00:00Z,25,1.0,1.0
535,Alderete,3,0,0.0,0.0,0.0,0.0,0.0,0.0,0.0,0.0,0.0,0.0,0.0,0.0,0.0,0.0,0.0,0.0,0.0,0.0,0.0,387.0,6235.0,-5848.0,0.3,49.0,3,0.0,0.0,0.0,0.0,0.0,0.0,DEF,Sunderland,Brentford,0,2026-09-05T14:00:00Z,25,1.0,1.0
539,O'Nien,3,0,0.0,0.0,0.0,0.0,0.0,0.0,0.0,0.0,0.0,0.0,0.0,0.0,0.0,0.0,0.0,0.0,0.0,0.0,0.0,2448.0,31838.0,-29390.0,2.6,40.0,3,0.0,0.0,0.0,0.0,0.0,0.0,DEF,Sunderland,Brentford,0,2026-09-05T14:00:00Z,25,1.0,1.0
540,Masuaku,3,0,0.0,0.0,0.0,0.0,0.0,0.0,0.0,0.0,0.0,0.0,0.0,0.0,0.0,0.0,0.0,0.0,0.0,0.0,0.0,0.0,1662.0,-1662.0,0.1,40.0,3,0.0,0.0,0.0,0.0,0.0,0.0,DEF,Sunderland,Brentford,0,2026-09-05T14:00:00Z,25,1.0,1.0
541,Meunier,3,2,63.0,0.0,0.0,0.0,1.0,0.0,0.0,0.0,0.0,0.0,0.0,0.0,0.0,1.3000000000000007,0.1099999999999999,0.0,0.11,0.7599999999999998,1.0,746.0,2331.0,-1585.0,0.3,45.0,3,5.200000000000003,1.5,6.0,2.0,0.0,0.0,DEF,Sunderland,Brentford,0,2026-09-05T14:00:00Z,25,1.0,1.0
542,E.Le Fée,3,8,90.0,1.0,0.0,0.0,1.0,0.0,0.0,0.0,0.0,0.0,0.0,1.0,25.0,6.800000000000001,0.84,0.03,0.87,1.21,1.0,8653.0,136131.0,-127478.0,4.3,58.0,3,40.0,3.699999999999996,24.0,0.0,2.0,4.0,MID,Sunderland,Brentford,0,2026-09-05T14:00:00Z,25,1.0,1.0
543,Diarra,3,0,0.0,0.0,0.0,0.0,0.0,0.0,0.0,0.0,0.0,0.0,0.0,0.0,0.0,0.0,0.0,0.0,0.0,0.0,0.0,26.0,1458.0,-1432.0,0.0,54.0,3,0.0,0.0,0.0,0.0,0.0,0.0,MID,Sunderland,Brentford,0,2026-09-05T14:00:00Z,25,1.0,1.0
544,Xhaka,3,3,90.0,0.0,0.0,0.0,1.0,0.0,0.0,0.0,1.0,0.0,0.0,0.0,12.0,3.899999999999999,0.06,0.1199999999999999,0.18,1.21,1.0,22607.0,56635.0,-34028.0,4.2,55.0,3,15.199999999999996,20.5,3.0,4.0,9.0,2.0,MID,Sunderland,Brentford,0,2026-09-05T14:00:00Z,25,1.0,1.0
545,Sadiki,3,1,73.0,0.0,0.0,0.0,1.0,0.0,0.0,0.0,1.0,0.0,0.0,0.0,16.0,7.200000000000001,0.2799999999999999,0.18,0.4599999999999999,0.8199999999999998,1.0,1000.0,4559.0,-3559.0,0.2,49.0,3,8.799999999999997,15.0,48.0,0.0,3.0,0.0,MID,Sunderland,Brentford,0,2026-09-05T14:00:00Z,25,1.0,1.0
546,Adingra,3,0,0.0,0.0,0.0,0.0,0.0,0.0,0.0,0.0,0.0,0.0,0.0,0.0,0.0,0.0,0.0,0.0,0.0,0.0,0.0,0.0,1044.0,-1044.0,0.0,49.0,3,0.0,0.0,0.0,0.0,0.0,0.0,MID,Sunderland,Brentford,0,2026-09-05T14:00:00Z,25,1.0,1.0
547,Mundle,3,0,0.0,0.0,0.0,0.0,0.0,0.0,0.0,0.0,0.0,0.0,0.0,0.0,0.0,0.0,0.0,0.0,0.0,0.0,0.0,53.0,190.0,-137.0,0.0,49.0,3,0.0,0.0,0.0,0.0,0.0,0.0,MID,Sunderland,Brentford,0,2026-09-05T14:00:00Z,25,1.0,1.0
548,Rigg,3,0,0.0,0.0,0.0,0.0,0.0,0.0,0.0,0.0,0.0,0.0,0.0,0.0,0.0,0.0,0.0,0.0,0.0,0.0,0.0,124.0,596.0,-472.0,0.1,49.0,3,0.0,0.0,0.0,0.0,0.0,0.0,MID,Sunderland,Brentford,0,2026-09-05T14:00:00Z,25,1.0,1.0
549,Talbi,3,0,0.0,0.0,0.0,0.0,0.0,0.0,0.0,0.0,0.0,0.0,0.0,0.0,0.0,0.0,0.0,0.0,0.0,0.0,0.0,201.0,2382.0,-2181.0,0.1,54.0,3,0.0,0.0,0.0,0.0,0.0,0.0,MID,Sunderland,Brentford,0,2026-09-05T14:00:00Z,25,1.0,1.0
550,Jocelin.T,3,0,0.0,0.0,0.0,0.0,0.0,0.0,0.0,0.0,0.0,0.0,0.0,0.0,0.0,0.0,0.0,0.0,0.0,0.0,0.0,70.0,86.0,-16.0,0.0,50.0,3,0.0,0.0,0.0,0.0,0.0,0.0,MID,Sunderland,Brentford,0,2026-09-05T14:00:00Z,25,1.0,1.0
551,N.Angulo,3,2,63.0,0.0,0.0,0.0,1.0,0.0,0.0,0.0,0.0,0.0,0.0,0.0,11.0,3.0,0.0,0.0699999999999999,0.07,0.7599999999999998,1.0,1384.0,2922.0,-1538.0,0.1,50.0,3,8.600000000000001,5.699999999999999,16.0,1.0,3.0,1.0,MID,Sunderland,Brentford,0,2026-09-05T14:00:00Z,25,1.0,1.0
552,Brobbey,3,2,90.0,0.0,0.0,0.0,1.0,0.0,0.0,0.0,0.0,0.0,0.0,0.0,11.0,7.1000000000000005,0.2599999999999999,0.06,0.32,1.21,1.0,13425.0,242775.0,-229350.0,6.8,58.0,3,4.4,37.1,29.0,0.0,3.0,0.0,FWD,Sunderland,Brentford,0,2026-09-05T14:00:00Z,25,1.0,1.0
553,Isidor,3,4,26.0,0.0,1.0,0.0,0.0,0.0,0.0,0.0,0.0,0.0,0.0,0.0,15.0,1.0999999999999996,0.1,0.01,0.1100000000000001,0.45,0.0,45262.0,20581.0,24681.0,1.5,55.0,3,0.1999999999999993,0.3,10.0,0.0,2.0,0.0,FWD,Sunderland,Brentford,0,2026-09-05T14:00:00Z,25,1.0,1.0
612,Methalie,3,0,0.0,0.0,0.0,0.0,0.0,0.0,0.0,0.0,0.0,0.0,0.0,0.0,0.0,0.0,0.0,0.0,0.0,0.0,0.0,170.0,190.0,-20.0,0.0,45.0,3,0.0,0.0,0.0,0.0,0.0,0.0,DEF,Sunderland,Brentford,0,2026-09-05T14:00:00Z,25,1.0,1.0
613,Ahoka,3,0,0.0,0.0,0.0,0.0,0.0,0.0,0.0,0.0,0.0,0.0,0.0,0.0,0.0,0.0,0.0,0.0,0.0,0.0,0.0,6735.0,4186.0,2549.0,0.3,45.0,3,0.0,0.0,0.0,0.0,0.0,0.0,MID,Sunderland,Brentford,0,2026-09-05T14:00:00Z,25,1.0,1.0
10,White,4,1,45.0,0.0,0.0,0.0,0.0,0.0,0.0,0.0,0.0,0.0,0.0,0.0,4.0,1.0999999999999996,0.0,0.0,0.0,0.2299999999999998,1.0,27126.0,210253.0,-183127.0,5.7,55.0,4,4.199999999999989,0.7999999999999972,6.0,1.0,0.0,2.0,DEF,Arsenal,Sunderland,0,2026-09-12T19:00:00Z,36,0.0,2.0
13,Rice,4,6,80.0,0.0,1.0,1.0,0.0,0.0,0.0,0.0,0.0,0.0,0.0,0.0,27.0,8.099999999999998,0.0,0.37,0.37,1.41,1.0,25897.0,79771.0,-53874.0,12.5,74.0,4,45.0,36.4,0.0,6.0,2.0,2.0,MID,Arsenal,Sunderland,0,2026-09-12T19:00:00Z,36,0.0,2.0
16,Madueke,4,0,0.0,0.0,0.0,0.0,0.0,0.0,0.0,0.0,0.0,0.0,0.0,0.0,0.0,0.0,0.0,0.0,0.0,0.0,0.0,1056.0,3420.0,-2364.0,0.2,62.0,4,0.0,0.0,0.0,0.0,0.0,0.0,MID,Arsenal,Sunderland,0,2026-09-12T19:00:00Z,36,0.0,2.0
50,Burrowes,4,0,0.0,0.0,0.0,0.0,0.0,0.0,0.0,0.0,0.0,0.0,0.0,0.0,0.0,0.0,0.0,0.0,0.0,0.0,0.0,1968.0,6618.0,-4650.0,0.6,45.0,4,0.0,0.0,0.0,0.0,0.0,0.0,MID,Aston Villa,Nott'm Forest,1,2026-09-12T14:00:00Z,32,1.0,2.0
66,Soler,4,0,0.0,0.0,0.0,0.0,0.0,0.0,0.0,0.0,0.0,0.0,0.0,0.0,0.0,0.0,0.0,0.0,0.0,0.0,0.0,2374.0,2189.0,185.0,0.3,40.0,4,0.0,0.0,0.0,0.0,0.0,0.0,DEF,Bournemouth,Brentford,1,2026-09-12T14:00:00Z,31,2.0,2.0
26,Havertz,4,1,90.0,0.0,0.0,1.0,0.0,0.0,0.0,0.0,1.0,0.0,0.0,0.0,0.0,4.599999999999998,0.3399999999999999,0.0199999999999999,0.36,1.8,1.0,116884.0,90414.0,26470.0,8.2,76.0,4,1.6000000000000083,12.4,32.0,1.0,1.0,0.0,FWD,Arsenal,Sunderland,0,2026-09-12T19:00:00Z,36,0.0,2.0
25,Gyökeres,4,0,0.0,0.0,0.0,0.0,0.0,0.0,0.0,0.0,0.0,0.0,0.0,0.0,0.0,0.0,0.0,0.0,0.0,0.0,0.0,4374.0,54141.0,-49767.0,3.2,72.0,4,0.0,0.0,0.0,0.0,0.0,0.0,FWD,Arsenal,Sunderland,0,2026-09-12T19:00:00Z,36,0.0,2.0
45,McGinn,4,6,90.0,0.0,1.0,0.0,2.0,0.0,0.0,0.0,0.0,0.0,0.0,1.0,30.0,5.8,0.0,0.11,0.1099999999999999,2.28,1.0,17156.0,21475.0,-4319.0,2.2,54.0,4,26.4,31.4,0.0,2.0,6.0,1.0,MID,Aston Villa,Nott'm Forest,1,2026-09-12T14:00:00Z,32,1.0,2.0
11,Mosquera,4,0,0.0,0.0,0.0,0.0,0.0,0.0,0.0,0.0,0.0,0.0,0.0,0.0,0.0,0.0,0.0,0.0,0.0,0.0,0.0,190.0,90889.0,-90699.0,1.8,53.0,4,0.0,0.0,0.0,0.0,0.0,0.0,DEF,Arsenal,Sunderland,0,2026-09-12T19:00:00Z,36,0.0,2.0
17,Merino,4,1,5.0,0.0,0.0,0.0,0.0,0.0,0.0,0.0,0.0,0.0,0.0,0.0,3.0,0.0,0.0,0.0,0.0,0.0,0.0,1286.0,6052.0,-4766.0,0.4,58.0,4,0.1999999999999993,0.1,0.0,0.0,0.0,0.0,MID,Arsenal,Sunderland,0,2026-09-12T19:00:00Z,36,0.0,2.0
27,G.Jesus,4,0,0.0,0.0,0.0,0.0,0.0,0.0,0.0,0.0,0.0,0.0,0.0,0.0,0.0,0.0,0.0,0.0,0.0,0.0,0.0,0.0,2261.0,-2261.0,0.2,59.0,4,0.0,0.0,0.0,0.0,0.0,0.0,FWD,Arsenal,Sunderland,0,2026-09-12T19:00:00Z,36,0.0,2.0
33,Mings,4,0,65.0,0.0,0.0,0.0,2.0,0.0,0.0,0.0,1.0,0.0,0.0,0.0,0.0,2.0000000000000004,0.09,0.0,0.09,2.08,0.0,3320.0,4427.0,-1107.0,0.4,45.0,4,15.599999999999998,0.5999999999999996,4.0,4.0,2.0,1.0,DEF,Aston Villa,Nott'm Forest,1,2026-09-12T14:00:00Z,32,1.0,2.0
37,Lindelöf,4,1,90.0,0.0,0.0,0.0,2.0,0.0,0.0,0.0,0.0,0.0,0.0,0.0,2.0,5.3,0.44,0.01,0.4499999999999999,2.28,1.0,3322.0,3235.0,87.0,0.3,45.0,4,16.4,1.1000000000000014,35.0,2.0,0.0,0.0,DEF,Aston Villa,Nott'm Forest,1,2026-09-12T14:00:00Z,32,1.0,2.0
7,Lewis-Skelly,4,1,45.0,0.0,0.0,0.0,0.0,0.0,0.0,0.0,0.0,0.0,0.0,0.0,2.0,0.0,0.0,0.0,0.0,0.2299999999999999,1.0,3116.0,10109.0,-6993.0,0.6,55.0,4,0.0,1.4000000000000057,0.0,0.0,0.0,0.0,MID,Arsenal,Sunderland,0,2026-09-12T19:00:00Z,36,0.0,2.0
8,Calafiori,4,6,90.0,0.0,0.0,1.0,0.0,0.0,0.0,0.0,0.0,0.0,0.0,0.0,18.0,1.799999999999999,0.0599999999999999,0.01,0.0699999999999998,1.8000000000000005,1.0,259312.0,74386.0,184926.0,50.2,58.0,4,8.799999999999997,1.6999999999999993,7.0,4.0,2.0,0.0,DEF,Arsenal,Sunderland,0,2026-09-12T19:00:00Z,36,0.0,2.0
18,Martinelli,4,0,0.0,0.0,0.0,0.0,0.0,0.0,0.0,0.0,0.0,0.0,0.0,0.0,0.0,0.0,0.0,0.0,0.0,0.0,0.0,0.0,1506.0,-1506.0,0.1,63.0,4,0.0,0.0,0.0,0.0,0.0,0.0,MID,Arsenal,Sunderland,0,2026-09-12T19:00:00Z,36,0.0,2.0
34,Pau,4,1,24.0,0.0,0.0,0.0,0.0,0.0,0.0,0.0,0.0,0.0,0.0,0.0,4.0,0.3,0.0,0.0,0.0,0.2000000000000001,1.0,616.0,7616.0,-7000.0,0.3,45.0,4,0.1999999999999993,0.3999999999999999,2.0,0.0,0.0,0.0,DEF,Aston Villa,Nott'm Forest,1,2026-09-12T14:00:00Z,32,1.0,2.0
452,Bruno G.,4,7,45.0,1.0,0.0,0.0,0.0,0.0,0.0,0.0,0.0,0.0,0.0,1.0,29.0,5.0,0.09,0.1399999999999999,0.2299999999999999,1.57,0.0,14263.0,10201.0,4062.0,1.8,67.0,4,35.4,3.9,11.0,1.0,1.0,1.0,MID,Arsenal,Sunderland,0,2026-09-12T19:00:00Z,36,0.0,2.0
31,Konsa,4,6,90.0,0.0,0.0,1.0,0.0,0.0,0.0,0.0,0.0,0.0,0.0,0.0,16.0,1.2000000000000002,0.0,0.0,0.0,1.7999999999999998,1.0,347616.0,59586.0,288030.0,18.6,45.0,4,11.799999999999995,0.1999999999999999,0.0,6.0,1.0,2.0,DEF,Arsenal,Sunderland,0,2026-09-12T19:00:00Z,36,0.0,2.0
9,Hincapie,4,0,0.0,0.0,0.0,0.0,0.0,0.0,0.0,0.0,0.0,0.0,0.0,0.0,0.0,0.0,0.0,0.0,0.0,0.0,0.0,2572.0,14969.0,-12397.0,0.9,53.0,4,0.0,0.0,0.0,0.0,0.0,0.0,DEF,Arsenal,Sunderland,0,2026-09-12T19:00:00Z,36,0.0,2.0
19,Zubimendi,4,1,9.0,0.0,0.0,0.0,0.0,0.0,0.0,0.0,0.0,0.0,0.0,0.0,5.0,0.3999999999999999,0.0,0.0,0.0,0.4,0.0,1372.0,8839.0,-7467.0,0.6,53.0,4,3.4000000000000004,0.2000000000000001,0.0,0.0,1.0,1.0,MID,Arsenal,Sunderland,0,2026-09-12T19:00:00Z,36,0.0,2.0
228,King,4,0,0.0,0.0,0.0,0.0,0.0,0.0,0.0,0.0,0.0,0.0,0.0,0.0,0.0,0.0,0.0,0.0,0.0,0.0,0.0,204.0,266.0,-62.0,0.0,45.0,4,0.0,0.0,0.0,0.0,0.0,0.0,GK,Everton,Spurs,0,2026-09-12T16:30:00Z,40,0.0,0.0
20,Dowman,4,0,0.0,0.0,0.0,0.0,0.0,0.0,0.0,0.0,0.0,0.0,0.0,0.0,0.0,0.0,0.0,0.0,0.0,0.0,0.0,815.0,1002.0,-187.0,0.1,53.0,4,0.0,0.0,0.0,0.0,0.0,0.0,MID,Arsenal,Sunderland,0,2026-09-12T19:00:00Z,36,0.0,2.0
22,Nwaneri,4,0,0.0,0.0,0.0,0.0,0.0,0.0,0.0,0.0,0.0,0.0,0.0,0.0,0.0,0.0,0.0,0.0,0.0,0.0,0.0,0.0,109.0,-109.0,0.0,54.0,4,0.0,0.0,0.0,0.0,0.0,0.0,MID,Arsenal,Sunderland,0,2026-09-12T19:00:00Z,36,0.0,2.0
603,Lienou,4,0,0.0,0.0,0.0,0.0,0.0,0.0,0.0,0.0,0.0,0.0,0.0,0.0,0.0,0.0,0.0,0.0,0.0,0.0,0.0,1160.0,901.0,259.0,0.1,40.0,4,0.0,0.0,0.0,0.0,0.0,0.0,DEF,Leeds,Newcastle,1,2026-09-14T19:00:00Z,39,4.0,1.0
23,Fábio Vieira,4,0,0.0,0.0,0.0,0.0,0.0,0.0,0.0,0.0,0.0,0.0,0.0,0.0,0.0,0.0,0.0,0.0,0.0,0.0,0.0,0.0,91.0,-91.0,0.0,55.0,4,0.0,0.0,0.0,0.0,0.0,0.0,MID,Arsenal,Sunderland,0,2026-09-12T19:00:00Z,36,0.0,2.0
36,Maatsen,4,1,90.0,0.0,0.0,0.0,2.0,0.0,0.0,0.0,0.0,0.0,0.0,0.0,7.0,3.799999999999999,0.18,0.03,0.2099999999999999,1.66,1.0,2441.0,24659.0,-22218.0,0.6,45.0,4,10.199999999999996,3.3999999999999986,24.0,3.0,6.0,1.0,DEF,Aston Villa,Nott'm Forest,1,2026-09-12T14:00:00Z,32,1.0,2.0
38,A.García,4,0,0.0,0.0,0.0,0.0,0.0,0.0,0.0,0.0,0.0,0.0,0.0,0.0,0.0,0.0,0.0,0.0,0.0,0.0,0.0,7233.0,12873.0,-5640.0,1.6,40.0,4,0.0,0.0,0.0,0.0,0.0,0.0,DEF,Aston Villa,Nott'm Forest,1,2026-09-12T14:00:00Z,32,1.0,2.0
12,Saka,4,8,90.0,1.0,0.0,1.0,0.0,0.0,0.0,0.0,0.0,0.0,0.0,0.0,28.0,11.900000000000002,1.38,0.08,1.46,1.8,1.0,188597.0,64080.0,124517.0,12.9,95.0,4,45.400000000000006,16.9,57.0,2.0,4.0,1.0,MID,Arsenal,Sunderland,0,2026-09-12T19:00:00Z,36,0.0,2.0
46,Barkley,4,2,62.0,0.0,0.0,0.0,1.0,0.0,0.0,0.0,0.0,0.0,0.0,0.0,14.0,1.5999999999999996,0.03,0.01,0.04,1.42,1.0,2552.0,3543.0,-991.0,0.3,50.0,4,6.0,2.700000000000003,7.0,0.0,3.0,4.0,MID,Aston Villa,Nott'm Forest,1,2026-09-12T14:00:00Z,32,1.0,2.0
557,Tzolis,4,3,80.0,0.0,0.0,1.0,0.0,0.0,0.0,0.0,0.0,0.0,0.0,0.0,10.0,1.3000000000000007,0.0,0.13,0.13,1.41,1.0,38523.0,264964.0,-226441.0,13.8,64.0,4,3.799999999999997,7.300000000000011,2.0,1.0,1.0,1.0,MID,Arsenal,Sunderland,0,2026-09-12T19:00:00Z,36,0.0,2.0
495,Austin,4,0,0.0,0.0,0.0,0.0,0.0,0.0,0.0,0.0,0.0,0.0,0.0,0.0,0.0,0.0,0.0,0.0,0.0,0.0,0.0,5730.0,4264.0,1466.0,1.0,40.0,4,0.0,0.0,0.0,0.0,0.0,0.0,GK,Spurs,Everton,1,2026-09-12T16:30:00Z,40,0.0,0.0
47,Kamara,4,2,90.0,0.0,0.0,0.0,2.0,0.0,0.0,0.0,0.0,0.0,0.0,0.0,17.0,2.6,0.0,0.0499999999999999,0.0499999999999999,2.28,1.0,1955.0,4248.0,-2293.0,0.3,50.0,4,11.6,12.4,2.0,1.0,1.0,3.0,MID,Aston Villa,Nott'm Forest,1,2026-09-12T14:00:00Z,32,1.0,2.0
39,Nedeljkovic,4,0,0.0,0.0,0.0,0.0,0.0,0.0,0.0,0.0,0.0,0.0,0.0,0.0,0.0,0.0,0.0,0.0,0.0,0.0,0.0,0.0,1162.0,-1162.0,0.1,40.0,4,0.0,0.0,0.0,0.0,0.0,0.0,DEF,Aston Villa,Nott'm Forest,1,2026-09-12T14:00:00Z,32,1.0,2.0
41,Buendía,4,2,62.0,0.0,0.0,0.0,1.0,0.0,0.0,0.0,0.0,0.0,0.0,0.0,8.0,0.1000000000000005,0.0,0.01,0.01,1.42,1.0,6704.0,19596.0,-12892.0,0.9,59.0,4,0.0,3.9000000000000057,0.0,0.0,5.0,0.0,MID,Aston Villa,Nott'm Forest,1,2026-09-12T14:00:00Z,32,1.0,2.0
44,Bailey,4,0,0.0,0.0,0.0,0.0,0.0,0.0,0.0,0.0,0.0,0.0,0.0,0.0,0.0,0.0,0.0,0.0,0.0,0.0,0.0,0.0,1585.0,-1585.0,0.1,54.0,4,0.0,0.0,0.0,0.0,0.0,0.0,MID,Aston Villa,Nott'm Forest,1,2026-09-12T14:00:00Z,32,1.0,2.0
14,Eze,4,1,9.0,0.0,0.0,0.0,0.0,0.0,0.0,0.0,0.0,0.0,0.0,0.0,3.0,0.2,0.0,0.0,0.0,0.4,0.0,2842.0,17138.0,-14296.0,1.1,63.0,4,0.1999999999999999,0.0,2.0,0.0,0.0,0.0,MID,Arsenal,Sunderland,0,2026-09-12T19:00:00Z,36,0.0,2.0
29,M.Bizot,4,0,0.0,0.0,0.0,0.0,0.0,0.0,0.0,0.0,0.0,0.0,0.0,0.0,0.0,0.0,0.0,0.0,0.0,0.0,0.0,454.0,1251.0,-797.0,0.1,45.0,4,0.0,0.0,0.0,0.0,0.0,0.0,GK,Aston Villa,Nott'm Forest,1,2026-09-12T14:00:00Z,32,1.0,2.0
30,Digne,4,0,0.0,0.0,0.0,0.0,0.0,0.0,0.0,0.0,0.0,0.0,0.0,0.0,0.0,0.0,0.0,0.0,0.0,0.0,0.0,0.0,417.0,-417.0,0.1,45.0,4,0.0,0.0,0.0,0.0,0.0,0.0,DEF,Aston Villa,Nott'm Forest,1,2026-09-12T14:00:00Z,32,1.0,2.0
32,Cash,4,0,0.0,0.0,0.0,0.0,0.0,0.0,0.0,0.0,0.0,0.0,0.0,0.0,0.0,0.0,0.0,0.0,0.0,0.0,0.0,3328.0,111041.0,-107713.0,5.1,44.0,4,0.0,0.0,0.0,0.0,0.0,0.0,DEF,Aston Villa,Nott'm Forest,1,2026-09-12T14:00:00Z,32,1.0,2.0
1,Raya,4,14,90.0,0.0,0.0,1.0,0.0,0.0,1.0,0.0,0.0,0.0,2.0,3.0,38.0,3.8,0.0,0.0,0.0,1.8000000000000005,1.0,255234.0,68935.0,186299.0,41.1,60.0,4,37.8,0.2,0.0,2.0,14.0,0.0,GK,Arsenal,Sunderland,0,2026-09-12T19:00:00Z,36,0.0,2.0
2,Arrizabalaga,4,0,0.0,0.0,0.0,0.0,0.0,0.0,0.0,0.0,0.0,0.0,0.0,0.0,0.0,0.0,0.0,0.0,0.0,0.0,0.0,166.0,538.0,-372.0,0.1,49.0,4,0.0,0.0,0.0,0.0,0.0,0.0,GK,Arsenal,Sunderland,0,2026-09-12T19:00:00Z,36,0.0,2.0
3,Meslier,4,0,0.0,0.0,0.0,0.0,0.0,0.0,0.0,0.0,0.0,0.0,0.0,0.0,0.0,0.0,0.0,0.0,0.0,0.0,0.0,71.0,196.0,-125.0,0.0,49.0,4,0.0,0.0,0.0,0.0,0.0,0.0,GK,Arsenal,Sunderland,0,2026-09-12T19:00:00Z,36,0.0,2.0
4,Gabriel,4,9,90.0,0.0,0.0,1.0,0.0,0.0,0.0,0.0,1.0,0.0,0.0,2.0,30.0,2.3000000000000007,0.02,0.0099999999999999,0.0299999999999999,1.8000000000000005,1.0,45581.0,114328.0,-68747.0,23.2,80.0,4,20.6,1.5,1.0,10.0,2.0,1.0,DEF,Arsenal,Sunderland,0,2026-09-12T19:00:00Z,36,0.0,2.0
5,J.Timber,4,1,45.0,0.0,0.0,0.0,0.0,0.0,0.0,0.0,0.0,0.0,0.0,0.0,3.0,0.8,0.0,0.01,0.01,1.57,0.0,17035.0,3189.0,13846.0,0.3,65.0,4,6.0,1.9,0.0,2.0,5.0,1.0,DEF,Arsenal,Sunderland,0,2026-09-12T19:00:00Z,36,0.0,2.0
6,Saliba,4,0,0.0,0.0,0.0,0.0,0.0,0.0,0.0,0.0,0.0,0.0,0.0,0.0,0.0,0.0,0.0,0.0,0.0,0.0,0.0,385.0,1928.0,-1543.0,0.2,59.0,4,0.0,0.0,0.0,0.0,0.0,0.0,DEF,Arsenal,Sunderland,0,2026-09-12T19:00:00Z,36,0.0,2.0
15,Ødegaard,4,3,84.0,0.0,0.0,1.0,0.0,0.0,0.0,0.0,0.0,0.0,0.0,0.0,26.0,8.0,0.0,0.25,0.25,1.7999999999999998,1.0,353346.0,116586.0,236760.0,19.8,68.0,4,19.39999999999999,58.19999999999999,2.0,1.0,3.0,1.0,MID,Arsenal,Sunderland,0,2026-09-12T19:00:00Z,36,0.0,2.0
24,Nelson,4,0,0.0,0.0,0.0,0.0,0.0,0.0,0.0,0.0,0.0,0.0,0.0,0.0,0.0,0.0,0.0,0.0,0.0,0.0,0.0,0.0,62.0,-62.0,0.0,55.0,4,0.0,0.0,0.0,0.0,0.0,0.0,MID,Arsenal,Sunderland,0,2026-09-12T19:00:00Z,36,0.0,2.0
35,Bogarde,4,0,0.0,0.0,0.0,0.0,0.0,0.0,0.0,0.0,0.0,0.0,0.0,0.0,0.0,0.0,0.0,0.0,0.0,0.0,0.0,455.0,915.0,-460.0,0.1,50.0,4,0.0,0.0,0.0,0.0,0.0,0.0,MID,Aston Villa,Nott'm Forest,1,2026-09-12T14:00:00Z,32,1.0,2.0
49,Iling Jr,4,0,0.0,0.0,0.0,0.0,0.0,0.0,0.0,0.0,0.0,0.0,0.0,0.0,0.0,0.0,0.0,0.0,0.0,0.0,0.0,0.0,20.0,-20.0,0.0,50.0,4,0.0,0.0,0.0,0.0,0.0,0.0,MID,Aston Villa,Nott'm Forest,1,2026-09-12T14:00:00Z,32,1.0,2.0
646,Fofana,4,1,14.0,0.0,0.0,0.0,1.0,0.0,0.0,0.0,0.0,0.0,0.0,0.0,2.0,0.6,0.0,0.0,0.0,0.7899999999999999,0.0,463.0,581.0,-118.0,0.0,55.0,4,0.0,0.8,6.0,0.0,0.0,0.0,MID,Sunderland,Arsenal,1,2026-09-12T19:00:00Z,36,0.0,2.0
51,George Hemmings,4,1,45.0,0.0,0.0,0.0,0.0,0.0,0.0,0.0,0.0,0.0,0.0,0.0,3.0,1.5999999999999996,0.0,0.01,0.01,0.3899999999999997,1.0,16033.0,15616.0,417.0,1.3,45.0,4,2.0,11.5,2.0,1.0,0.0,0.0,MID,Aston Villa,Nott'm Forest,1,2026-09-12T14:00:00Z,32,1.0,2.0
52,Alysson,4,6,45.0,1.0,0.0,0.0,2.0,0.0,0.0,0.0,0.0,0.0,0.0,0.0,24.0,6.0,0.06,0.0,0.06,1.89,0.0,1392.0,557.0,835.0,0.1,50.0,4,34.4,2.3000000000000003,23.0,1.0,1.0,0.0,MID,Aston Villa,Nott'm Forest,1,2026-09-12T14:00:00Z,32,1.0,2.0
53,Manzambi,4,1,27.0,0.0,0.0,0.0,1.0,0.0,0.0,0.0,0.0,0.0,0.0,0.0,3.0,0.7,0.0,0.08,0.08,0.86,0.0,1651.0,929.0,722.0,0.1,59.0,4,2.6,4.0,0.0,0.0,1.0,1.0,MID,Aston Villa,Nott'm Forest,1,2026-09-12T14:00:00Z,32,1.0,2.0
54,Gomes,4,0,0.0,0.0,0.0,0.0,0.0,0.0,0.0,0.0,0.0,0.0,0.0,0.0,0.0,0.0,0.0,0.0,0.0,0.0,0.0,398.0,299.0,99.0,0.0,55.0,4,0.0,0.0,0.0,0.0,0.0,0.0,MID,Aston Villa,Nott'm Forest,1,2026-09-12T14:00:00Z,32,1.0,2.0
55,Watkins,4,0,0.0,0.0,0.0,0.0,0.0,0.0,0.0,0.0,0.0,0.0,0.0,0.0,0.0,0.0,0.0,0.0,0.0,0.0,0.0,0.0,35834.0,-35834.0,2.7,78.0,4,0.0,0.0,0.0,0.0,0.0,0.0,FWD,Aston Villa,Nott'm Forest,1,2026-09-12T14:00:00Z,32,1.0,2.0
56,Abraham,4,1,45.0,0.0,0.0,0.0,2.0,0.0,0.0,0.0,0.0,0.0,0.0,0.0,4.0,0.5,0.0,0.0,0.0,1.89,0.0,3402.0,2576.0,826.0,0.2,55.0,4,1.2000000000000002,1.5,2.0,0.0,1.0,0.0,FWD,Aston Villa,Nott'm Forest,1,2026-09-12T14:00:00Z,32,1.0,2.0
160,Garnacho,4,0,0.0,0.0,0.0,0.0,0.0,0.0,0.0,0.0,0.0,0.0,0.0,0.0,0.0,0.0,0.0,0.0,0.0,0.0,0.0,822.0,6605.0,-5783.0,0.3,58.0,4,0.0,0.0,0.0,0.0,0.0,0.0,MID,Aston Villa,Nott'm Forest,1,2026-09-12T14:00:00Z,32,1.0,2.0
166,N.Jackson,4,0,45.0,0.0,0.0,0.0,0.0,0.0,0.0,0.0,1.0,0.0,0.0,0.0,0.0,0.2000000000000001,0.0,0.0399999999999999,0.0399999999999999,0.3900000000000001,1.0,18506.0,30036.0,-11530.0,1.2,65.0,4,0.0,2.0,2.0,0.0,0.0,0.0,FWD,Aston Villa,Nott'm Forest,1,2026-09-12T14:00:00Z,32,1.0,2.0
582,Madjo,4,0,0.0,0.0,0.0,0.0,0.0,0.0,0.0,0.0,0.0,0.0,0.0,0.0,0.0,0.0,0.0,0.0,0.0,0.0,0.0,243.0,4102.0,-3859.0,0.2,54.0,4,0.0,0.0,0.0,0.0,0.0,0.0,FWD,Aston Villa,Nott'm Forest,1,2026-09-12T14:00:00Z,32,1.0,2.0
596,Ruggeri,4,0,0.0,0.0,0.0,0.0,0.0,0.0,0.0,0.0,0.0,0.0,0.0,0.0,0.0,0.0,0.0,0.0,0.0,0.0,0.0,600.0,1074.0,-474.0,0.1,45.0,4,0.0,0.0,0.0,0.0,0.0,0.0,DEF,Aston Villa,Nott'm Forest,1,2026-09-12T14:00:00Z,32,1.0,2.0
597,Suzuki,4,2,90.0,0.0,0.0,0.0,2.0,0.0,0.0,0.0,0.0,0.0,5.0,0.0,17.0,3.9,0.0,0.01,0.01,2.28,1.0,20172.0,17024.0,3148.0,1.8,50.0,4,38.60000000000001,0.0,0.0,2.0,9.0,0.0,GK,Aston Villa,Nott'm Forest,1,2026-09-12T14:00:00Z,32,1.0,2.0
606,Rowe,4,0,0.0,0.0,0.0,0.0,0.0,0.0,0.0,0.0,0.0,0.0,0.0,0.0,0.0,0.0,0.0,0.0,0.0,0.0,0.0,1760.0,1490.0,270.0,0.2,40.0,4,0.0,0.0,0.0,0.0,0.0,0.0,DEF,Aston Villa,Nott'm Forest,1,2026-09-12T14:00:00Z,32,1.0,2.0
607,Lynch,4,0,0.0,0.0,0.0,0.0,0.0,0.0,0.0,0.0,0.0,0.0,0.0,0.0,0.0,0.0,0.0,0.0,0.0,0.0,0.0,0.0,1330.0,-1330.0,0.1,45.0,4,0.0,0.0,0.0,0.0,0.0,0.0,MID,Aston Villa,Nott'm Forest,1,2026-09-12T14:00:00Z,32,1.0,2.0
611,Wan-Bissaka,4,3,90.0,0.0,0.0,0.0,2.0,0.0,0.0,0.0,0.0,0.0,0.0,0.0,11.0,3.9,0.0,0.06,0.06,2.28,1.0,4279.0,2049.0,2230.0,0.2,45.0,4,26.0,13.3,0.0,7.0,1.0,5.0,DEF,Aston Villa,Nott'm Forest,1,2026-09-12T14:00:00Z,32,1.0,2.0
618,Goretzka,4,0,0.0,0.0,0.0,0.0,0.0,0.0,0.0,0.0,0.0,0.0,0.0,0.0,0.0,0.0,0.0,0.0,0.0,0.0,0.0,53.0,1343.0,-1290.0,0.0,59.0,4,0.0,0.0,0.0,0.0,0.0,0.0,MID,Aston Villa,Nott'm Forest,1,2026-09-12T14:00:00Z,32,1.0,2.0
630,Harwood-Bellis,4,0,0.0,0.0,0.0,0.0,0.0,0.0,0.0,0.0,0.0,0.0,0.0,0.0,0.0,0.0,0.0,0.0,0.0,0.0,0.0,334.0,314.0,20.0,0.0,45.0,4,0.0,0.0,0.0,0.0,0.0,0.0,DEF,Aston Villa,Nott'm Forest,1,2026-09-12T14:00:00Z,32,1.0,2.0
57,Petrović,4,1,90.0,0.0,0.0,0.0,2.0,0.0,0.0,0.0,0.0,0.0,0.0,0.0,0.0,0.0,0.0,0.0,0.0,0.5,1.0,7895.0,24459.0,-16564.0,3.0,45.0,4,0.0,0.0,0.0,0.0,10.0,0.0,GK,Bournemouth,Brentford,1,2026-09-12T14:00:00Z,31,2.0,2.0
58,Forster,4,0,0.0,0.0,0.0,0.0,0.0,0.0,0.0,0.0,0.0,0.0,0.0,0.0,0.0,0.0,0.0,0.0,0.0,0.0,0.0,21305.0,17201.0,4104.0,3.5,40.0,4,0.0,0.0,0.0,0.0,0.0,0.0,GK,Bournemouth,Brentford,1,2026-09-12T14:00:00Z,31,2.0,2.0
59,Dennis,4,0,0.0,0.0,0.0,0.0,0.0,0.0,0.0,0.0,0.0,0.0,0.0,0.0,0.0,0.0,0.0,0.0,0.0,0.0,0.0,0.0,970.0,-970.0,0.1,40.0,4,0.0,0.0,0.0,0.0,0.0,0.0,GK,Bournemouth,Brentford,1,2026-09-12T14:00:00Z,31,2.0,2.0
48,Onana,4,0,0.0,0.0,0.0,0.0,0.0,0.0,0.0,0.0,0.0,0.0,0.0,0.0,0.0,0.0,0.0,0.0,0.0,0.0,0.0,58.0,197.0,-139.0,0.0,49.0,4,0.0,0.0,0.0,0.0,0.0,0.0,MID,Aston Villa,Nott'm Forest,1,2026-09-12T14:00:00Z,32,1.0,2.0
60,Hill,4,2,90.0,0.0,0.0,0.0,2.0,0.0,0.0,0.0,1.0,0.0,0.0,0.0,5.0,3.299999999999999,0.0,0.01,0.01,0.5,1.0,3585.0,9975.0,-6390.0,0.8,55.0,4,22.0,11.400000000000006,0.0,10.0,3.0,1.0,DEF,Bournemouth,Brentford,1,2026-09-12T14:00:00Z,31,2.0,2.0
61,Truffert,4,3,90.0,0.0,0.0,0.0,2.0,0.0,0.0,0.0,0.0,0.0,0.0,0.0,23.0,8.500000000000002,0.08,0.1,0.18,0.5,1.0,6522.0,30326.0,-23804.0,3.1,55.0,4,38.6,18.0,28.0,8.0,3.0,8.0,DEF,Bournemouth,Brentford,1,2026-09-12T14:00:00Z,31,2.0,2.0
62,Diakité,4,0,0.0,0.0,0.0,0.0,0.0,0.0,0.0,0.0,0.0,0.0,0.0,0.0,0.0,0.0,0.0,0.0,0.0,0.0,0.0,884.0,2073.0,-1189.0,0.2,50.0,4,0.0,0.0,0.0,0.0,0.0,0.0,DEF,Bournemouth,Brentford,1,2026-09-12T14:00:00Z,31,2.0,2.0
63,Milosavljević,4,0,0.0,0.0,0.0,0.0,0.0,0.0,0.0,0.0,0.0,0.0,0.0,0.0,0.0,0.0,0.0,0.0,0.0,0.0,0.0,54.0,94.0,-40.0,0.0,49.0,4,0.0,0.0,0.0,0.0,0.0,0.0,DEF,Bournemouth,Brentford,1,2026-09-12T14:00:00Z,31,2.0,2.0
64,Smith,4,0,90.0,0.0,0.0,0.0,2.0,0.0,0.0,0.0,1.0,0.0,0.0,0.0,-1.0,1.2999999999999998,0.0,0.01,0.0099999999999999,0.5,1.0,811.0,1724.0,-913.0,0.1,45.0,4,11.4,2.0,0.0,5.0,4.0,1.0,DEF,Bournemouth,Brentford,1,2026-09-12T14:00:00Z,31,2.0,2.0
65,J.Araujo,4,0,0.0,0.0,0.0,0.0,0.0,0.0,0.0,0.0,0.0,0.0,0.0,0.0,0.0,0.0,0.0,0.0,0.0,0.0,0.0,84.0,134.0,-50.0,0.0,44.0,4,0.0,0.0,0.0,0.0,0.0,0.0,DEF,Bournemouth,Brentford,1,2026-09-12T14:00:00Z,31,2.0,2.0
67,Rayan,4,2,81.0,0.0,0.0,0.0,2.0,0.0,0.0,0.0,0.0,0.0,0.0,0.0,7.0,4.299999999999999,0.39,0.02,0.4099999999999999,0.3900000000000005,1.0,4235.0,31982.0,-27747.0,1.6,64.0,4,5.600000000000001,17.8,20.0,2.0,0.0,1.0,MID,Bournemouth,Brentford,1,2026-09-12T14:00:00Z,31,2.0,2.0
68,Tavernier,4,8,82.0,1.0,0.0,0.0,2.0,0.0,0.0,0.0,1.0,0.0,0.0,2.0,44.0,14.5,0.1999999999999999,0.47,0.6699999999999997,0.3899999999999997,1.0,279282.0,51374.0,227908.0,6.1,61.0,4,49.400000000000006,58.3,37.0,2.0,5.0,1.0,MID,Bournemouth,Brentford,1,2026-09-12T14:00:00Z,31,2.0,2.0
69,Scott,4,4,90.0,0.0,0.0,0.0,2.0,0.0,0.0,0.0,0.0,0.0,0.0,0.0,19.0,7.800000000000001,0.19,0.0499999999999999,0.24,0.5,1.0,88197.0,71511.0,16686.0,5.8,61.0,4,22.19999999999999,46.10000000000001,10.0,6.0,7.0,2.0,MID,Bournemouth,Brentford,1,2026-09-12T14:00:00Z,31,2.0,2.0
70,Kluivert,4,8,65.0,1.0,0.0,0.0,2.0,0.0,0.0,0.0,0.0,0.0,0.0,1.0,31.0,8.6,0.2099999999999999,0.02,0.2300000000000001,0.3900000000000005,1.0,12318.0,10032.0,2286.0,1.0,60.0,4,40.0,3.299999999999997,43.0,1.0,3.0,0.0,MID,Bournemouth,Brentford,1,2026-09-12T14:00:00Z,31,2.0,2.0
71,Cook,4,0,8.0,0.0,0.0,0.0,0.0,0.0,0.0,0.0,1.0,0.0,0.0,0.0,-1.0,0.1,0.0,0.0,0.0,0.1100000000000003,0.0,833.0,3360.0,-2527.0,0.2,50.0,4,0.5999999999999996,0.3000000000000007,0.0,2.0,0.0,0.0,MID,Bournemouth,Brentford,1,2026-09-12T14:00:00Z,31,2.0,2.0
72,Gannon-Doak,4,1,8.0,0.0,0.0,0.0,0.0,0.0,0.0,0.0,0.0,0.0,0.0,0.0,6.0,1.0,0.0999999999999999,0.03,0.13,0.1099999999999999,0.0,321.0,738.0,-417.0,0.1,49.0,4,1.5999999999999996,1.5,7.0,0.0,3.0,1.0,MID,Bournemouth,Brentford,1,2026-09-12T14:00:00Z,31,2.0,2.0
73,Adams,4,2,81.0,0.0,0.0,0.0,2.0,0.0,0.0,0.0,0.0,0.0,0.0,0.0,16.0,2.6,0.03,0.0199999999999999,0.0499999999999999,0.3900000000000001,1.0,2887.0,3606.0,-719.0,0.3,50.0,4,13.0,5.9,7.0,3.0,5.0,2.0,MID,Bournemouth,Brentford,1,2026-09-12T14:00:00Z,31,2.0,2.0
74,Brooks,4,0,7.0,0.0,0.0,0.0,0.0,0.0,0.0,0.0,1.0,0.0,0.0,0.0,-1.0,0.7000000000000001,0.0,0.0,0.0,0.1099999999999999,0.0,485.0,817.0,-332.0,0.1,50.0,4,4.2,0.2999999999999998,2.0,2.0,1.0,0.0,MID,Bournemouth,Brentford,1,2026-09-12T14:00:00Z,31,2.0,2.0
75,Christie,4,1,24.0,0.0,0.0,0.0,0.0,0.0,0.0,0.0,0.0,0.0,0.0,0.0,7.0,2.5,0.0,0.12,0.12,0.1099999999999999,0.0,577.0,590.0,-13.0,0.0,50.0,4,6.6000000000000005,14.4,4.0,3.0,4.0,0.0,MID,Bournemouth,Brentford,1,2026-09-12T14:00:00Z,31,2.0,2.0
76,Tóth.A,4,0,0.0,0.0,0.0,0.0,0.0,0.0,0.0,0.0,0.0,0.0,0.0,0.0,0.0,0.0,0.0,0.0,0.0,0.0,0.0,57.0,132.0,-75.0,0.0,49.0,4,0.0,0.0,0.0,0.0,0.0,0.0,MID,Bournemouth,Brentford,1,2026-09-12T14:00:00Z,31,2.0,2.0
77,Adli,4,0,0.0,0.0,0.0,0.0,0.0,0.0,0.0,0.0,0.0,0.0,0.0,0.0,0.0,0.0,0.0,0.0,0.0,0.0,0.0,27.0,201.0,-174.0,0.0,49.0,4,0.0,0.0,0.0,0.0,0.0,0.0,MID,Bournemouth,Brentford,1,2026-09-12T14:00:00Z,31,2.0,2.0
631,Mbaye,4,1,27.0,0.0,0.0,0.0,1.0,0.0,0.0,0.0,0.0,0.0,0.0,0.0,6.0,4.3,0.02,0.13,0.15,0.86,0.0,2246.0,1297.0,949.0,0.1,60.0,4,9.0,15.2,19.0,0.0,1.0,1.0,MID,Aston Villa,Nott'm Forest,1,2026-09-12T14:00:00Z,32,1.0,2.0
78,Kroupi.Jr,4,0,0.0,0.0,0.0,0.0,0.0,0.0,0.0,0.0,0.0,0.0,0.0,0.0,0.0,0.0,0.0,0.0,0.0,0.0,0.0,131.0,1721.0,-1590.0,0.2,74.0,4,0.0,0.0,0.0,0.0,0.0,0.0,MID,Bournemouth,Brentford,1,2026-09-12T14:00:00Z,31,2.0,2.0
79,Evanilson,4,5,90.0,0.0,1.0,0.0,2.0,0.0,0.0,0.0,0.0,0.0,0.0,0.0,22.0,6.700000000000001,0.0,0.25,0.25,0.4799999999999995,1.0,39856.0,40200.0,-344.0,3.2,60.0,4,22.8,40.0,4.0,1.0,3.0,0.0,FWD,Bournemouth,Brentford,1,2026-09-12T14:00:00Z,31,2.0,2.0
80,Enes Ünal,4,0,0.0,0.0,0.0,0.0,0.0,0.0,0.0,0.0,0.0,0.0,0.0,0.0,0.0,0.0,0.0,0.0,0.0,0.0,0.0,0.0,112.0,-112.0,0.0,55.0,4,0.0,0.0,0.0,0.0,0.0,0.0,FWD,Bournemouth,Brentford,1,2026-09-12T14:00:00Z,31,2.0,2.0
566,Silva,4,3,90.0,0.0,0.0,0.0,2.0,0.0,0.0,0.0,0.0,0.0,0.0,0.0,-2.0,3.4000000000000004,0.58,0.23,0.81,0.5,1.0,2465.0,5487.0,-3022.0,0.4,50.0,4,18.0,5.3,11.0,10.0,5.0,0.0,DEF,Bournemouth,Brentford,1,2026-09-12T14:00:00Z,31,2.0,2.0
573,Sanchez,4,0,0.0,0.0,0.0,0.0,0.0,0.0,0.0,0.0,0.0,0.0,0.0,0.0,0.0,0.0,0.0,0.0,0.0,0.0,0.0,286.0,1191.0,-905.0,0.2,44.0,4,0.0,0.0,0.0,0.0,0.0,0.0,DEF,Bournemouth,Brentford,1,2026-09-12T14:00:00Z,31,2.0,2.0
608,Jebbison,4,0,0.0,0.0,0.0,0.0,0.0,0.0,0.0,0.0,0.0,0.0,0.0,0.0,0.0,0.0,0.0,0.0,0.0,0.0,0.0,1911.0,1869.0,42.0,0.1,50.0,4,0.0,0.0,0.0,0.0,0.0,0.0,FWD,Bournemouth,Brentford,1,2026-09-12T14:00:00Z,31,2.0,2.0
615,Di Gregorio,4,0,0.0,0.0,0.0,0.0,0.0,0.0,0.0,0.0,0.0,0.0,0.0,0.0,0.0,0.0,0.0,0.0,0.0,0.0,0.0,342.0,501.0,-159.0,0.0,45.0,4,0.0,0.0,0.0,0.0,0.0,0.0,GK,Bournemouth,Brentford,1,2026-09-12T14:00:00Z,31,2.0,2.0
82,Kelleher,4,3,90.0,0.0,0.0,0.0,2.0,0.0,0.0,0.0,0.0,0.0,8.0,0.0,19.0,4.4,0.0,0.0,0.0,1.75,1.0,9920.0,55973.0,-46053.0,6.1,50.0,4,43.99999999999999,0.0,0.0,1.0,11.0,0.0,GK,Brentford,Bournemouth,0,2026-09-12T14:00:00Z,31,2.0,2.0
83,Valdimarsson,4,0,0.0,0.0,0.0,0.0,0.0,0.0,0.0,0.0,0.0,0.0,0.0,0.0,0.0,0.0,0.0,0.0,0.0,0.0,0.0,313.0,796.0,-483.0,0.1,45.0,4,0.0,0.0,0.0,0.0,0.0,0.0,GK,Brentford,Bournemouth,0,2026-09-12T14:00:00Z,31,2.0,2.0
84,Collins,4,0,0.0,0.0,0.0,0.0,0.0,0.0,0.0,0.0,0.0,0.0,0.0,0.0,0.0,0.0,0.0,0.0,0.0,0.0,0.0,99.0,38455.0,-38356.0,1.1,54.0,4,0.0,0.0,0.0,0.0,0.0,0.0,DEF,Brentford,Bournemouth,0,2026-09-12T14:00:00Z,31,2.0,2.0
85,Van den Berg,4,0,0.0,0.0,0.0,0.0,0.0,0.0,0.0,0.0,0.0,0.0,0.0,0.0,0.0,0.0,0.0,0.0,0.0,0.0,0.0,35.0,724.0,-689.0,0.1,49.0,4,0.0,0.0,0.0,0.0,0.0,0.0,DEF,Brentford,Bournemouth,0,2026-09-12T14:00:00Z,31,2.0,2.0
86,Lewis-Potter,4,1,59.0,0.0,0.0,0.0,2.0,0.0,0.0,0.0,0.0,0.0,0.0,0.0,0.0,0.8000000000000007,0.03,0.13,0.1600000000000001,1.25,1.0,6805.0,37262.0,-30457.0,1.8,55.0,4,0.7999999999999972,1.6000000000000083,6.0,1.0,0.0,1.0,MID,Brentford,Bournemouth,0,2026-09-12T14:00:00Z,31,2.0,2.0
87,Ajer,4,1,90.0,0.0,0.0,0.0,2.0,0.0,0.0,0.0,0.0,0.0,0.0,0.0,0.0,2.4000000000000004,0.02,0.0,0.0199999999999999,1.75,1.0,11291.0,62301.0,-51010.0,4.1,45.0,4,15.200000000000005,0.5,8.0,7.0,1.0,2.0,DEF,Brentford,Bournemouth,0,2026-09-12T14:00:00Z,31,2.0,2.0
88,Kayode,4,1,19.0,0.0,0.0,0.0,0.0,0.0,0.0,0.0,0.0,0.0,0.0,0.0,5.0,2.0,0.0,0.15,0.15,0.4100000000000001,0.0,19747.0,120474.0,-100727.0,7.8,46.0,4,5.400000000000006,14.099999999999998,0.0,1.0,1.0,0.0,DEF,Brentford,Bournemouth,0,2026-09-12T14:00:00Z,31,2.0,2.0
89,Henry,4,0,0.0,0.0,0.0,0.0,0.0,0.0,0.0,0.0,0.0,0.0,0.0,0.0,0.0,0.0,0.0,0.0,0.0,0.0,0.0,363.0,1514.0,-1151.0,0.2,44.0,4,0.0,0.0,0.0,0.0,0.0,0.0,DEF,Brentford,Bournemouth,0,2026-09-12T14:00:00Z,31,2.0,2.0
90,Hickey,4,1,70.0,0.0,0.0,0.0,2.0,0.0,0.0,0.0,0.0,0.0,0.0,0.0,4.0,1.8,0.03,0.03,0.06,1.33,1.0,288.0,543.0,-255.0,0.1,45.0,4,10.000000000000002,2.1,6.0,5.0,4.0,2.0,DEF,Brentford,Bournemouth,0,2026-09-12T14:00:00Z,31,2.0,2.0
92,Ji-soo,4,0,0.0,0.0,0.0,0.0,0.0,0.0,0.0,0.0,0.0,0.0,0.0,0.0,0.0,0.0,0.0,0.0,0.0,0.0,0.0,59.0,148.0,-89.0,0.0,45.0,4,0.0,0.0,0.0,0.0,0.0,0.0,DEF,Brentford,Bournemouth,0,2026-09-12T14:00:00Z,31,2.0,2.0
81,Rodríguez,4,1,1.0,0.0,0.0,0.0,0.0,0.0,0.0,0.0,0.0,0.0,0.0,0.0,3.0,0.1,0.0,0.0,0.0,0.0199999999999999,0.0,815.0,1247.0,-432.0,0.1,60.0,4,0.0,0.5,0.0,0.0,0.0,0.0,FWD,Bournemouth,Brentford,1,2026-09-12T14:00:00Z,31,2.0,2.0
93,Schuster,4,3,90.0,0.0,0.0,0.0,2.0,0.0,0.0,0.0,0.0,0.0,0.0,0.0,5.0,3.1,0.0,0.01,0.0099999999999999,1.7499999999999998,1.0,392.0,846.0,-454.0,0.1,45.0,4,22.2,0.4999999999999999,8.0,10.0,3.0,2.0,DEF,Brentford,Bournemouth,0,2026-09-12T14:00:00Z,31,2.0,2.0
94,Schade,4,15,90.0,2.0,0.0,0.0,2.0,0.0,0.0,0.0,0.0,0.0,0.0,3.0,49.0,10.7,0.2099999999999999,0.0999999999999999,0.31,1.75,1.0,346800.0,53394.0,293406.0,7.1,61.0,4,70.80000000000001,8.299999999999997,28.0,0.0,3.0,1.0,MID,Brentford,Bournemouth,0,2026-09-12T14:00:00Z,31,2.0,2.0
95,O.Dango,4,1,30.0,0.0,0.0,0.0,0.0,0.0,0.0,0.0,0.0,0.0,0.0,0.0,4.0,1.0,0.0199999999999999,0.01,0.0299999999999999,0.5,0.0,811.0,13599.0,-12788.0,0.5,63.0,4,2.0,1.6999999999999955,6.0,1.0,3.0,0.0,MID,Brentford,Bournemouth,0,2026-09-12T14:00:00Z,31,2.0,2.0
96,Damsgaard,4,1,30.0,0.0,0.0,0.0,0.0,0.0,0.0,0.0,0.0,0.0,0.0,0.0,3.0,1.3000000000000007,0.1,0.0,0.0999999999999999,0.4999999999999998,0.0,1601.0,6853.0,-5252.0,0.4,54.0,4,0.0,7.799999999999997,6.0,1.0,3.0,0.0,MID,Brentford,Bournemouth,0,2026-09-12T14:00:00Z,31,2.0,2.0
97,Jensen,4,0,0.0,0.0,0.0,0.0,0.0,0.0,0.0,0.0,0.0,0.0,0.0,0.0,0.0,0.0,0.0,0.0,0.0,0.0,0.0,17.0,1767.0,-1750.0,0.1,54.0,4,0.0,0.0,0.0,0.0,0.0,0.0,MID,Brentford,Bournemouth,0,2026-09-12T14:00:00Z,31,2.0,2.0
98,Janelt,4,4,90.0,0.0,0.0,0.0,2.0,0.0,0.0,0.0,0.0,0.0,0.0,0.0,20.0,4.300000000000001,0.0,0.08,0.08,1.75,1.0,52573.0,30614.0,21959.0,2.5,50.0,4,28.40000000000001,14.400000000000006,0.0,11.0,6.0,3.0,MID,Brentford,Bournemouth,0,2026-09-12T14:00:00Z,31,2.0,2.0
99,Milambo,4,0,0.0,0.0,0.0,0.0,0.0,0.0,0.0,0.0,0.0,0.0,0.0,0.0,0.0,0.0,0.0,0.0,0.0,0.0,0.0,16.0,30.0,-14.0,0.0,50.0,4,0.0,0.0,0.0,0.0,0.0,0.0,MID,Brentford,Bournemouth,0,2026-09-12T14:00:00Z,31,2.0,2.0
100,Carvalho,4,0,0.0,0.0,0.0,0.0,0.0,0.0,0.0,0.0,0.0,0.0,0.0,0.0,0.0,0.0,0.0,0.0,0.0,0.0,0.0,244.0,317.0,-73.0,0.0,50.0,4,0.0,0.0,0.0,0.0,0.0,0.0,MID,Brentford,Bournemouth,0,2026-09-12T14:00:00Z,31,2.0,2.0
102,Yarmoliuk,4,4,59.0,0.0,1.0,0.0,2.0,0.0,0.0,0.0,0.0,0.0,0.0,0.0,19.0,4.9,0.0,0.21,0.21,1.2500000000000004,1.0,1541.0,8673.0,-7132.0,0.7,48.0,4,22.0,22.8,4.0,2.0,3.0,0.0,MID,Brentford,Bournemouth,0,2026-09-12T14:00:00Z,31,2.0,2.0
103,Dasilva,4,0,0.0,0.0,0.0,0.0,0.0,0.0,0.0,0.0,0.0,0.0,0.0,0.0,0.0,0.0,0.0,0.0,0.0,0.0,0.0,8.0,284.0,-276.0,0.0,49.0,4,0.0,0.0,0.0,0.0,0.0,0.0,MID,Brentford,Bournemouth,0,2026-09-12T14:00:00Z,31,2.0,2.0
106,Thiago,4,1,90.0,0.0,0.0,0.0,2.0,0.0,0.0,0.0,1.0,0.0,0.0,0.0,3.0,2.3999999999999986,0.1100000000000003,0.03,0.1400000000000001,1.75,1.0,19285.0,204041.0,-184756.0,9.1,78.0,4,0.0,16.0,10.0,0.0,1.0,0.0,FWD,Brentford,Bournemouth,0,2026-09-12T14:00:00Z,31,2.0,2.0
107,Furo,4,0,0.0,0.0,0.0,0.0,0.0,0.0,0.0,0.0,0.0,0.0,0.0,0.0,0.0,0.0,0.0,0.0,0.0,0.0,0.0,7387.0,17798.0,-10411.0,1.0,45.0,4,0.0,0.0,0.0,0.0,0.0,0.0,FWD,Brentford,Bournemouth,0,2026-09-12T14:00:00Z,31,2.0,2.0
565,M.Sangaré,4,4,90.0,0.0,0.0,0.0,2.0,0.0,0.0,0.0,0.0,0.0,0.0,0.0,19.0,2.799999999999999,0.0,0.28,0.28,1.7500000000000004,1.0,29686.0,189779.0,-160093.0,11.4,57.0,4,18.200000000000003,9.4,0.0,1.0,6.0,6.0,MID,Brentford,Bournemouth,0,2026-09-12T14:00:00Z,31,2.0,2.0
620,Diouf,4,1,30.0,0.0,0.0,0.0,0.0,0.0,0.0,0.0,0.0,0.0,0.0,0.0,4.0,0.4,0.0,0.01,0.01,0.5,0.0,1041.0,1548.0,-507.0,0.1,45.0,4,3.4,1.0,0.0,1.0,1.0,0.0,DEF,Brentford,Bournemouth,0,2026-09-12T14:00:00Z,31,2.0,2.0
657,Nunes,4,0,0.0,0.0,0.0,0.0,0.0,0.0,0.0,0.0,0.0,0.0,0.0,0.0,0.0,0.0,0.0,0.0,0.0,0.0,0.0,1608.0,371.0,1237.0,0.0,45.0,4,0.0,0.0,0.0,0.0,0.0,0.0,MID,Brentford,Bournemouth,0,2026-09-12T14:00:00Z,31,2.0,2.0
109,Verbruggen,4,8,90.0,0.0,0.0,1.0,0.0,0.0,0.0,0.0,0.0,0.0,6.0,0.0,39.0,4.799999999999999,0.0,0.0,0.0,1.33,1.0,96598.0,126336.0,-29738.0,21.5,45.0,4,47.8,0.0,0.0,3.0,7.0,0.0,GK,Brighton,Coventry City,0,2026-09-13T13:00:00Z,35,0.0,5.0
111,Steele,4,0,0.0,0.0,0.0,0.0,0.0,0.0,0.0,0.0,0.0,0.0,0.0,0.0,0.0,0.0,0.0,0.0,0.0,0.0,0.0,19662.0,22003.0,-2341.0,4.2,40.0,4,0.0,0.0,0.0,0.0,0.0,0.0,GK,Brighton,Coventry City,0,2026-09-13T13:00:00Z,35,0.0,5.0
108,Wilson,4,0,0.0,0.0,0.0,0.0,0.0,0.0,0.0,0.0,0.0,0.0,0.0,0.0,0.0,0.0,0.0,0.0,0.0,0.0,0.0,1486.0,5444.0,-3958.0,0.3,55.0,4,0.0,0.0,0.0,0.0,0.0,0.0,FWD,Brentford,Bournemouth,0,2026-09-12T14:00:00Z,31,2.0,2.0
113,F.Kadıoğlu,4,6,90.0,0.0,0.0,1.0,0.0,0.0,0.0,0.0,0.0,0.0,0.0,0.0,24.0,2.2,0.0,0.09,0.09,1.33,1.0,4285.0,16047.0,-11762.0,1.6,44.0,4,6.4,15.400000000000002,0.0,2.0,1.0,0.0,DEF,Brighton,Coventry City,0,2026-09-13T13:00:00Z,35,0.0,5.0
114,Boscagli,4,6,77.0,0.0,0.0,1.0,0.0,0.0,0.0,0.0,0.0,0.0,0.0,0.0,25.0,2.799999999999997,0.0099999999999999,0.03,0.0399999999999999,1.1100000000000003,1.0,1397.0,2225.0,-828.0,0.3,45.0,4,11.6,14.299999999999995,2.0,8.0,5.0,1.0,DEF,Brighton,Coventry City,0,2026-09-13T13:00:00Z,35,0.0,5.0
115,De Cuyper,4,11,90.0,0.0,1.0,1.0,0.0,0.0,0.0,0.0,0.0,0.0,0.0,2.0,41.0,7.5,0.03,0.0399999999999999,0.07,1.33,1.0,415660.0,108067.0,307593.0,24.3,49.0,4,24.8,46.900000000000006,3.0,1.0,4.0,0.0,DEF,Brighton,Coventry City,0,2026-09-13T13:00:00Z,35,0.0,5.0
116,Dunk,4,12,90.0,1.0,0.0,1.0,0.0,0.0,0.0,0.0,0.0,0.0,0.0,0.0,39.0,6.9,0.03,0.03,0.06,1.33,1.0,25676.0,10127.0,15549.0,1.5,45.0,4,57.2,4.299999999999999,7.0,5.0,2.0,1.0,DEF,Brighton,Coventry City,0,2026-09-13T13:00:00Z,35,0.0,5.0
117,Coppola,4,0,0.0,0.0,0.0,0.0,0.0,0.0,0.0,0.0,0.0,0.0,0.0,0.0,0.0,0.0,0.0,0.0,0.0,0.0,0.0,172.0,206.0,-34.0,0.0,45.0,4,0.0,0.0,0.0,0.0,0.0,0.0,DEF,Brighton,Coventry City,0,2026-09-13T13:00:00Z,35,0.0,5.0
118,Igor,4,0,0.0,0.0,0.0,0.0,0.0,0.0,0.0,0.0,0.0,0.0,0.0,0.0,0.0,0.0,0.0,0.0,0.0,0.0,0.0,0.0,835.0,-835.0,0.0,45.0,4,0.0,0.0,0.0,0.0,0.0,0.0,DEF,Brighton,Coventry City,0,2026-09-13T13:00:00Z,35,0.0,5.0
119,Costinha,4,1,6.0,0.0,0.0,0.0,0.0,0.0,0.0,0.0,0.0,0.0,0.0,0.0,3.0,0.2000000000000001,0.0,0.0,0.0,0.04,0.0,202.0,283.0,-81.0,0.0,45.0,4,1.1999999999999993,0.3000000000000007,0.0,1.0,1.0,0.0,DEF,Brighton,Coventry City,0,2026-09-13T13:00:00Z,35,0.0,5.0
120,Svoboda,4,0,0.0,0.0,0.0,0.0,0.0,0.0,0.0,0.0,0.0,0.0,0.0,0.0,0.0,0.0,0.0,0.0,0.0,0.0,0.0,627.0,867.0,-240.0,0.1,50.0,4,0.0,0.0,0.0,0.0,0.0,0.0,DEF,Brighton,Coventry City,0,2026-09-13T13:00:00Z,35,0.0,5.0
121,Mitoma,4,0,0.0,0.0,0.0,0.0,0.0,0.0,0.0,0.0,0.0,0.0,0.0,0.0,0.0,0.0,0.0,0.0,0.0,0.0,0.0,55.0,271.0,-216.0,0.0,59.0,4,0.0,0.0,0.0,0.0,0.0,0.0,MID,Brighton,Coventry City,0,2026-09-13T13:00:00Z,35,0.0,5.0
122,Minteh,4,0,0.0,0.0,0.0,0.0,0.0,0.0,0.0,0.0,0.0,0.0,0.0,0.0,0.0,0.0,0.0,0.0,0.0,0.0,0.0,26.0,457.0,-431.0,0.0,59.0,4,0.0,0.0,0.0,0.0,0.0,0.0,MID,Brighton,Coventry City,0,2026-09-13T13:00:00Z,35,0.0,5.0
123,Hinshelwood,4,0,0.0,0.0,0.0,0.0,0.0,0.0,0.0,0.0,0.0,0.0,0.0,0.0,0.0,0.0,0.0,0.0,0.0,0.0,0.0,130.0,26975.0,-26845.0,0.6,59.0,4,0.0,0.0,0.0,0.0,0.0,0.0,MID,Brighton,Coventry City,0,2026-09-13T13:00:00Z,35,0.0,5.0
124,Groß,4,17,90.0,1.0,2.0,1.0,0.0,0.0,0.0,0.0,0.0,0.0,0.0,3.0,56.0,18.1,0.82,0.19,1.01,1.33,1.0,520474.0,105376.0,415098.0,20.2,57.0,4,83.8,79.1,18.0,2.0,2.0,2.0,MID,Brighton,Coventry City,0,2026-09-13T13:00:00Z,35,0.0,5.0
125,Georginio,4,0,0.0,0.0,0.0,0.0,0.0,0.0,0.0,0.0,0.0,0.0,0.0,0.0,0.0,0.0,0.0,0.0,0.0,0.0,0.0,1898.0,11440.0,-9542.0,0.5,54.0,4,0.0,0.0,0.0,0.0,0.0,0.0,FWD,Brighton,Coventry City,0,2026-09-13T13:00:00Z,35,0.0,5.0
126,O'Riley,4,1,6.0,0.0,0.0,0.0,0.0,0.0,0.0,0.0,0.0,0.0,0.0,0.0,4.0,1.3,0.0,0.01,0.01,0.04,0.0,554.0,1166.0,-612.0,0.1,54.0,4,2.2,10.5,0.0,0.0,1.0,0.0,MID,Brighton,Coventry City,0,2026-09-13T13:00:00Z,35,0.0,5.0
127,Gomez,4,3,83.0,0.0,0.0,1.0,0.0,0.0,0.0,0.0,0.0,0.0,0.0,0.0,6.0,2.0,0.14,0.06,0.1999999999999999,1.2999999999999998,1.0,21973.0,70294.0,-48321.0,4.3,50.0,4,2.4000000000000057,9.0,9.0,1.0,2.0,0.0,MID,Brighton,Coventry City,0,2026-09-13T13:00:00Z,35,0.0,5.0
128,Buonanotte,4,0,0.0,0.0,0.0,0.0,0.0,0.0,0.0,0.0,0.0,0.0,0.0,0.0,0.0,0.0,0.0,0.0,0.0,0.0,0.0,0.0,17.0,-17.0,0.0,50.0,4,0.0,0.0,0.0,0.0,0.0,0.0,MID,Brighton,Coventry City,0,2026-09-13T13:00:00Z,35,0.0,5.0
129,Ayari,4,8,90.0,1.0,0.0,1.0,0.0,0.0,0.0,0.0,0.0,0.0,0.0,0.0,38.0,7.300000000000001,0.3099999999999999,0.03,0.3399999999999999,1.3299999999999996,1.0,3165.0,3925.0,-760.0,0.4,54.0,4,39.0,6.800000000000001,27.0,0.0,6.0,1.0,MID,Brighton,Coventry City,0,2026-09-13T13:00:00Z,35,0.0,5.0
105,Anthony,4,1,59.0,0.0,0.0,0.0,2.0,0.0,0.0,0.0,0.0,0.0,0.0,0.0,12.0,3.1999999999999997,0.0,0.1,0.0999999999999999,1.2499999999999998,1.0,536.0,1941.0,-1405.0,0.1,59.0,4,14.599999999999998,15.299999999999995,2.0,5.0,4.0,2.0,MID,Brentford,Bournemouth,0,2026-09-12T14:00:00Z,31,2.0,2.0
130,Wieffer,4,0,0.0,0.0,0.0,0.0,0.0,0.0,0.0,0.0,0.0,0.0,0.0,0.0,0.0,0.0,0.0,0.0,0.0,0.0,0.0,50.0,6786.0,-6736.0,0.2,49.0,4,0.0,0.0,0.0,0.0,0.0,0.0,DEF,Brighton,Coventry City,0,2026-09-13T13:00:00Z,35,0.0,5.0
132,Howell,4,0,0.0,0.0,0.0,0.0,0.0,0.0,0.0,0.0,0.0,0.0,0.0,0.0,0.0,0.0,0.0,0.0,0.0,0.0,0.0,0.0,369.0,-369.0,0.0,45.0,4,0.0,0.0,0.0,0.0,0.0,0.0,MID,Brighton,Coventry City,0,2026-09-13T13:00:00Z,35,0.0,5.0
133,Watson,4,0,0.0,0.0,0.0,0.0,0.0,0.0,0.0,0.0,0.0,0.0,0.0,0.0,0.0,0.0,0.0,0.0,0.0,0.0,0.0,0.0,9.0,-9.0,0.0,50.0,4,0.0,0.0,0.0,0.0,0.0,0.0,MID,Brighton,Coventry City,0,2026-09-13T13:00:00Z,35,0.0,5.0
135,Yohanna,4,0,0.0,0.0,0.0,0.0,0.0,0.0,0.0,0.0,0.0,0.0,0.0,0.0,0.0,0.0,0.0,0.0,0.0,0.0,0.0,29.0,1128.0,-1099.0,0.0,49.0,4,0.0,0.0,0.0,0.0,0.0,0.0,MID,Brighton,Coventry City,0,2026-09-13T13:00:00Z,35,0.0,5.0
138,Kostoulas,4,10,83.0,1.0,1.0,1.0,0.0,0.0,0.0,0.0,0.0,0.0,0.0,1.0,40.0,7.800000000000001,0.3899999999999999,0.01,0.4,1.2999999999999998,1.0,46535.0,12661.0,33874.0,0.9,55.0,4,33.0,7.0,38.0,2.0,4.0,1.0,FWD,Brighton,Coventry City,0,2026-09-13T13:00:00Z,35,0.0,5.0
139,Ferguson,4,0,0.0,0.0,0.0,0.0,0.0,0.0,0.0,0.0,0.0,0.0,0.0,0.0,0.0,0.0,0.0,0.0,0.0,0.0,0.0,225.0,382.0,-157.0,0.0,50.0,4,0.0,0.0,0.0,0.0,0.0,0.0,FWD,Brighton,Coventry City,0,2026-09-13T13:00:00Z,35,0.0,5.0
328,Struijk,4,1,12.0,0.0,0.0,0.0,0.0,0.0,0.0,0.0,0.0,0.0,0.0,0.0,4.0,1.2,0.0,0.01,0.01,0.22,0.0,642.0,2286.0,-1644.0,0.2,49.0,4,11.2,0.8,0.0,4.0,0.0,0.0,DEF,Brighton,Coventry City,0,2026-09-13T13:00:00Z,35,0.0,5.0
504,Vuskovic,4,6,77.0,0.0,0.0,1.0,0.0,0.0,0.0,0.0,0.0,0.0,0.0,0.0,27.0,3.099999999999998,0.11,0.01,0.12,1.1100000000000003,1.0,35479.0,32201.0,3278.0,3.1,50.0,4,16.19999999999999,1.799999999999999,13.0,8.0,4.0,1.0,DEF,Brighton,Coventry City,0,2026-09-13T13:00:00Z,35,0.0,5.0
594,David,4,0,0.0,0.0,0.0,0.0,0.0,0.0,0.0,0.0,0.0,0.0,0.0,0.0,0.0,0.0,0.0,0.0,0.0,0.0,0.0,1973.0,4662.0,-2689.0,0.2,60.0,4,0.0,0.0,0.0,0.0,0.0,0.0,FWD,Brighton,Coventry City,0,2026-09-13T13:00:00Z,35,0.0,5.0
600,Osman,4,1,12.0,0.0,0.0,0.0,0.0,0.0,0.0,0.0,0.0,0.0,0.0,0.0,2.0,1.2000000000000002,0.05,0.01,0.06,0.22,0.0,150.0,214.0,-64.0,0.0,50.0,4,0.0,1.1000000000000014,13.0,0.0,1.0,0.0,MID,Brighton,Coventry City,0,2026-09-13T13:00:00Z,35,0.0,5.0
605,Yalcouyé,4,8,64.0,1.0,0.0,1.0,0.0,0.0,0.0,0.0,0.0,0.0,0.0,0.0,29.0,10.3,0.6699999999999999,0.01,0.6799999999999999,1.1099999999999994,1.0,120309.0,39761.0,80548.0,4.0,45.0,4,47.4,12.799999999999995,43.0,2.0,2.0,2.0,MID,Brighton,Coventry City,0,2026-09-13T13:00:00Z,35,0.0,5.0
624,Cozier-Duberry,4,0,0.0,0.0,0.0,0.0,0.0,0.0,0.0,0.0,0.0,0.0,0.0,0.0,0.0,0.0,0.0,0.0,0.0,0.0,0.0,0.0,10.0,-10.0,0.0,50.0,4,0.0,0.0,0.0,0.0,0.0,0.0,MID,Brighton,Coventry City,0,2026-09-13T13:00:00Z,35,0.0,5.0
639,Andrés,4,4,25.0,0.0,1.0,0.0,0.0,0.0,0.0,0.0,0.0,0.0,0.0,0.0,10.0,3.4,0.24,0.01,0.25,0.22,0.0,430.0,218.0,212.0,0.0,55.0,4,18.8,13.1,2.0,2.0,1.0,1.0,MID,Brighton,Coventry City,0,2026-09-13T13:00:00Z,35,0.0,5.0
652,Azeez,4,0,0.0,0.0,0.0,0.0,0.0,0.0,0.0,0.0,0.0,0.0,0.0,0.0,0.0,0.0,0.0,0.0,0.0,0.0,0.0,63.0,49.0,14.0,0.0,55.0,4,0.0,0.0,0.0,0.0,0.0,0.0,MID,Brighton,Coventry City,0,2026-09-13T13:00:00Z,35,0.0,5.0
658,Ibrahim,4,0,0.0,0.0,0.0,0.0,0.0,0.0,0.0,0.0,0.0,0.0,0.0,0.0,0.0,0.0,0.0,0.0,0.0,0.0,0.0,1062.0,230.0,832.0,0.0,45.0,4,0.0,0.0,0.0,0.0,0.0,0.0,MID,Brighton,Coventry City,0,2026-09-13T13:00:00Z,35,0.0,5.0
28,Martinez,4,2,90.0,0.0,0.0,0.0,2.0,0.0,0.0,0.0,0.0,0.0,3.0,0.0,10.0,2.0,0.0,0.0,0.0,1.38,1.0,26321.0,49540.0,-23219.0,4.9,50.0,4,19.599999999999994,0.0,0.0,0.0,10.0,0.0,GK,Chelsea,Hull City,1,2026-09-12T14:00:00Z,34,2.0,2.0
40,Rogers,4,8,90.0,1.0,0.0,0.0,2.0,0.0,0.0,0.0,0.0,0.0,0.0,1.0,31.0,9.099999999999998,0.2099999999999999,0.02,0.2299999999999999,1.38,1.0,700186.0,62432.0,637754.0,39.2,77.0,4,43.2,5.900000000000006,42.0,0.0,4.0,2.0,MID,Chelsea,Hull City,1,2026-09-12T14:00:00Z,34,2.0,2.0
134,Oriola,4,0,0.0,0.0,0.0,0.0,0.0,0.0,0.0,0.0,0.0,0.0,0.0,0.0,0.0,0.0,0.0,0.0,0.0,0.0,0.0,913.0,2719.0,-1806.0,0.2,45.0,4,0.0,0.0,0.0,0.0,0.0,0.0,MID,Brighton,Coventry City,0,2026-09-13T13:00:00Z,35,0.0,5.0
137,Tzimas,4,0,0.0,0.0,0.0,0.0,0.0,0.0,0.0,0.0,0.0,0.0,0.0,0.0,0.0,0.0,0.0,0.0,0.0,0.0,0.0,51.0,84.0,-33.0,0.0,54.0,4,0.0,0.0,0.0,0.0,0.0,0.0,FWD,Brighton,Coventry City,0,2026-09-13T13:00:00Z,35,0.0,5.0
614,Hadjam,4,0,0.0,0.0,0.0,0.0,0.0,0.0,0.0,0.0,0.0,0.0,0.0,0.0,0.0,0.0,0.0,0.0,0.0,0.0,0.0,433.0,582.0,-149.0,0.0,45.0,4,0.0,0.0,0.0,0.0,0.0,0.0,DEF,Brighton,Coventry City,0,2026-09-13T13:00:00Z,35,0.0,5.0
101,Henderson,4,0,0.0,0.0,0.0,0.0,0.0,0.0,0.0,0.0,0.0,0.0,0.0,0.0,0.0,0.0,0.0,0.0,0.0,0.0,0.0,42.0,411.0,-369.0,0.0,49.0,4,0.0,0.0,0.0,0.0,0.0,0.0,MID,Chelsea,Hull City,1,2026-09-12T14:00:00Z,34,2.0,2.0
136,Welbeck,4,1,12.0,0.0,0.0,0.0,0.0,0.0,0.0,0.0,0.0,0.0,0.0,0.0,4.0,2.2,0.0,0.06,0.06,0.54,0.0,18279.0,11708.0,6571.0,0.9,59.0,4,7.2,10.6,4.0,1.0,0.0,0.0,FWD,Chelsea,Hull City,1,2026-09-12T14:00:00Z,34,2.0,2.0
140,Sánchez,4,0,0.0,0.0,0.0,0.0,0.0,0.0,0.0,0.0,0.0,0.0,0.0,0.0,0.0,0.0,0.0,0.0,0.0,0.0,0.0,0.0,15722.0,-15722.0,0.8,49.0,4,0.0,0.0,0.0,0.0,0.0,0.0,GK,Chelsea,Hull City,1,2026-09-12T14:00:00Z,34,2.0,2.0
141,Jörgensen,4,0,0.0,0.0,0.0,0.0,0.0,0.0,0.0,0.0,0.0,0.0,0.0,0.0,0.0,0.0,0.0,0.0,0.0,0.0,0.0,0.0,50.0,-50.0,0.0,50.0,4,0.0,0.0,0.0,0.0,0.0,0.0,GK,Chelsea,Hull City,1,2026-09-12T14:00:00Z,34,2.0,2.0
142,James,4,1,90.0,0.0,0.0,0.0,2.0,0.0,0.0,0.0,0.0,0.0,0.0,0.0,11.0,4.5,0.16,0.14,0.3,1.3800000000000003,1.0,24700.0,98620.0,-73920.0,7.0,54.0,4,19.800000000000004,10.4,15.0,2.0,4.0,2.0,DEF,Chelsea,Hull City,1,2026-09-12T14:00:00Z,34,2.0,2.0
143,Chalobah,4,0,0.0,0.0,0.0,0.0,0.0,0.0,0.0,0.0,0.0,0.0,0.0,0.0,0.0,0.0,0.0,0.0,0.0,0.0,0.0,0.0,670.0,-670.0,0.1,55.0,4,0.0,0.0,0.0,0.0,0.0,0.0,DEF,Chelsea,Hull City,1,2026-09-12T14:00:00Z,34,2.0,2.0
144,Gusto,4,1,77.0,0.0,0.0,0.0,2.0,0.0,0.0,0.0,0.0,0.0,0.0,0.0,7.0,4.299999999999999,0.04,0.0699999999999999,0.11,0.8399999999999999,1.0,4088.0,12715.0,-8627.0,1.0,50.0,4,14.0,23.300000000000004,6.0,5.0,4.0,0.0,DEF,Chelsea,Hull City,1,2026-09-12T14:00:00Z,34,2.0,2.0
145,Fofana,4,1,85.0,0.0,0.0,0.0,2.0,0.0,0.0,0.0,0.0,0.0,0.0,0.0,10.0,2.6999999999999997,0.0,0.03,0.03,0.8900000000000001,1.0,3901.0,3011.0,890.0,0.2,50.0,4,18.39999999999999,4.699999999999999,4.0,4.0,4.0,2.0,DEF,Chelsea,Hull City,1,2026-09-12T14:00:00Z,34,2.0,2.0
146,B.Badiashile,4,0,0.0,0.0,0.0,0.0,0.0,0.0,0.0,0.0,0.0,0.0,0.0,0.0,0.0,0.0,0.0,0.0,0.0,0.0,0.0,0.0,127.0,-127.0,0.0,45.0,4,0.0,0.0,0.0,0.0,0.0,0.0,DEF,Chelsea,Hull City,1,2026-09-12T14:00:00Z,34,2.0,2.0
148,Hato,4,0,45.0,0.0,0.0,0.0,2.0,0.0,0.0,0.0,0.0,0.0,0.0,0.0,-8.0,0.9000000000000004,0.0,0.0999999999999999,0.1,0.4399999999999995,1.0,10056.0,18847.0,-8791.0,0.9,45.0,4,3.799999999999997,2.8999999999999986,2.0,2.0,2.0,1.0,DEF,Chelsea,Hull City,1,2026-09-12T14:00:00Z,34,2.0,2.0
149,Colwill,4,1,90.0,0.0,0.0,0.0,2.0,0.0,0.0,0.0,0.0,0.0,0.0,0.0,8.0,4.300000000000001,0.0,0.01,0.01,1.3799999999999994,1.0,2191.0,17126.0,-14935.0,0.9,49.0,4,26.8,12.2,4.0,6.0,6.0,0.0,DEF,Chelsea,Hull City,1,2026-09-12T14:00:00Z,34,2.0,2.0
150,M.Sarr,4,0,0.0,0.0,0.0,0.0,0.0,0.0,0.0,0.0,0.0,0.0,0.0,0.0,0.0,0.0,0.0,0.0,0.0,0.0,0.0,0.0,441.0,-441.0,0.0,45.0,4,0.0,0.0,0.0,0.0,0.0,0.0,DEF,Chelsea,Hull City,1,2026-09-12T14:00:00Z,34,2.0,2.0
151,Acheampong,4,0,0.0,0.0,0.0,0.0,0.0,0.0,0.0,0.0,0.0,0.0,0.0,0.0,0.0,0.0,0.0,0.0,0.0,0.0,0.0,1823.0,5392.0,-3569.0,0.4,45.0,4,0.0,0.0,0.0,0.0,0.0,0.0,DEF,Chelsea,Hull City,1,2026-09-12T14:00:00Z,34,2.0,2.0
152,Palestra,4,0,0.0,0.0,0.0,0.0,0.0,0.0,0.0,0.0,0.0,0.0,0.0,0.0,0.0,0.0,0.0,0.0,0.0,0.0,0.0,209.0,22174.0,-21965.0,0.7,53.0,4,0.0,0.0,0.0,0.0,0.0,0.0,DEF,Chelsea,Hull City,1,2026-09-12T14:00:00Z,34,2.0,2.0
154,Palmer,4,5,90.0,0.0,1.0,0.0,2.0,0.0,0.0,0.0,0.0,0.0,0.0,0.0,28.0,6.800000000000001,0.1299999999999999,0.25,0.3800000000000001,1.38,1.0,260752.0,139641.0,121111.0,26.8,97.0,4,18.599999999999994,37.6,12.0,0.0,3.0,0.0,MID,Chelsea,Hull City,1,2026-09-12T14:00:00Z,34,2.0,2.0
156,Neto,4,2,85.0,0.0,0.0,0.0,2.0,0.0,0.0,0.0,0.0,0.0,0.0,0.0,17.0,7.399999999999999,0.05,0.1,0.15,0.8900000000000001,1.0,16061.0,19500.0,-3439.0,1.4,65.0,4,15.800000000000004,31.3,27.0,3.0,3.0,1.0,MID,Chelsea,Hull City,1,2026-09-12T14:00:00Z,34,2.0,2.0
157,Estêvão,4,1,4.0,0.0,0.0,0.0,0.0,0.0,0.0,0.0,0.0,0.0,0.0,0.0,6.0,2.7,0.03,0.07,0.1,0.49,0.0,2688.0,9690.0,-7002.0,0.7,63.0,4,5.0,0.5,21.0,0.0,0.0,1.0,MID,Chelsea,Hull City,1,2026-09-12T14:00:00Z,34,2.0,2.0
158,Gittens,4,0,0.0,0.0,0.0,0.0,0.0,0.0,0.0,0.0,0.0,0.0,0.0,0.0,0.0,0.0,0.0,0.0,0.0,0.0,0.0,172.0,385.0,-213.0,0.0,59.0,4,0.0,0.0,0.0,0.0,0.0,0.0,MID,Chelsea,Hull City,1,2026-09-12T14:00:00Z,34,2.0,2.0
159,Caicedo,4,0,0.0,0.0,0.0,0.0,0.0,0.0,0.0,0.0,0.0,0.0,0.0,0.0,0.0,0.0,0.0,0.0,0.0,0.0,0.0,541.0,31205.0,-30664.0,1.2,53.0,4,0.0,0.0,0.0,0.0,0.0,0.0,MID,Chelsea,Hull City,1,2026-09-12T14:00:00Z,34,2.0,2.0
161,Lavia,4,2,68.0,0.0,0.0,0.0,2.0,0.0,0.0,0.0,0.0,0.0,0.0,0.0,14.0,1.200000000000001,0.0,0.07,0.0699999999999999,0.8399999999999999,1.0,2824.0,4005.0,-1181.0,0.2,50.0,4,7.399999999999999,4.900000000000002,0.0,3.0,5.0,1.0,MID,Chelsea,Hull City,1,2026-09-12T14:00:00Z,34,2.0,2.0
163,D.Essugo,4,0,0.0,0.0,0.0,0.0,0.0,0.0,0.0,0.0,0.0,0.0,0.0,0.0,0.0,0.0,0.0,0.0,0.0,0.0,0.0,0.0,1956.0,-1956.0,0.1,45.0,4,0.0,0.0,0.0,0.0,0.0,0.0,MID,Chelsea,Hull City,1,2026-09-12T14:00:00Z,34,2.0,2.0
164,Quenda,4,0,0.0,0.0,0.0,0.0,0.0,0.0,0.0,0.0,0.0,0.0,0.0,0.0,0.0,0.0,0.0,0.0,0.0,0.0,0.0,143.0,513.0,-370.0,0.0,53.0,4,0.0,0.0,0.0,0.0,0.0,0.0,MID,Chelsea,Hull City,1,2026-09-12T14:00:00Z,34,2.0,2.0
165,João Pedro,4,12,90.0,1.0,1.0,0.0,2.0,0.0,0.0,0.0,0.0,0.0,0.0,3.0,44.0,10.1,0.29,0.04,0.33,1.38,1.0,277349.0,373083.0,-95734.0,71.4,78.0,4,54.400000000000006,15.700000000000005,31.0,2.0,0.0,0.0,FWD,Chelsea,Hull City,1,2026-09-12T14:00:00Z,34,2.0,2.0
168,Marc Guiu,4,0,0.0,0.0,0.0,0.0,0.0,0.0,0.0,0.0,0.0,0.0,0.0,0.0,0.0,0.0,0.0,0.0,0.0,0.0,0.0,0.0,3823.0,-3823.0,0.2,50.0,4,0.0,0.0,0.0,0.0,0.0,0.0,FWD,Chelsea,Hull City,1,2026-09-12T14:00:00Z,34,2.0,2.0
169,Mheuka,4,0,0.0,0.0,0.0,0.0,0.0,0.0,0.0,0.0,0.0,0.0,0.0,0.0,0.0,0.0,0.0,0.0,0.0,0.0,0.0,7822.0,5340.0,2482.0,0.5,45.0,4,0.0,0.0,0.0,0.0,0.0,0.0,FWD,Chelsea,Hull City,1,2026-09-12T14:00:00Z,34,2.0,2.0
170,Emegha,4,0,0.0,0.0,0.0,0.0,0.0,0.0,0.0,0.0,0.0,0.0,0.0,0.0,0.0,0.0,0.0,0.0,0.0,0.0,0.0,113.0,2662.0,-2549.0,0.1,50.0,4,0.0,0.0,0.0,0.0,0.0,0.0,FWD,Chelsea,Hull City,1,2026-09-12T14:00:00Z,34,2.0,2.0
200,Lacroix,4,1,4.0,0.0,0.0,0.0,0.0,0.0,0.0,0.0,0.0,0.0,0.0,0.0,4.0,0.4000000000000003,0.0,0.0,0.0,0.4900000000000002,0.0,13470.0,106791.0,-93321.0,7.1,60.0,4,3.5999999999999943,0.0,0.0,2.0,0.0,1.0,DEF,Chelsea,Hull City,1,2026-09-12T14:00:00Z,34,2.0,2.0
560,Penders,4,0,0.0,0.0,0.0,0.0,0.0,0.0,0.0,0.0,0.0,0.0,0.0,0.0,0.0,0.0,0.0,0.0,0.0,0.0,0.0,632.0,580.0,52.0,0.1,44.0,4,0.0,0.0,0.0,0.0,0.0,0.0,GK,Chelsea,Hull City,1,2026-09-12T14:00:00Z,34,2.0,2.0
568,Barco,4,0,21.0,0.0,0.0,0.0,0.0,0.0,0.0,0.0,1.0,0.0,0.0,0.0,7.0,0.7,0.0,0.09,0.09,0.54,0.0,472.0,1250.0,-778.0,0.1,54.0,4,1.6,2.9,2.0,1.0,1.0,0.0,MID,Chelsea,Hull City,1,2026-09-12T14:00:00Z,34,2.0,2.0
583,Chavarria,4,1,45.0,0.0,0.0,0.0,0.0,0.0,0.0,0.0,0.0,0.0,0.0,0.0,4.0,0.6000000000000001,0.0,0.0099999999999999,0.0099999999999999,0.94,0.0,451.0,1598.0,-1147.0,0.1,49.0,4,2.0,1.7000000000000002,2.0,1.0,1.0,0.0,DEF,Chelsea,Hull City,1,2026-09-12T14:00:00Z,34,2.0,2.0
91,Pinnock,4,2,90.0,0.0,0.0,0.0,5.0,0.0,0.0,0.0,0.0,0.0,0.0,0.0,-11.0,2.3000000000000003,0.0099999999999999,0.0,0.0099999999999999,2.81,1.0,402.0,644.0,-242.0,0.1,45.0,4,18.0,0.7,4.0,8.0,1.0,2.0,DEF,Coventry City,Brighton,1,2026-09-13T13:00:00Z,35,0.0,5.0
104,Onyeka,4,2,72.0,0.0,0.0,0.0,3.0,0.0,0.0,0.0,0.0,0.0,0.0,0.0,11.0,2.8,0.03,0.01,0.04,2.16,1.0,320.0,1448.0,-1128.0,0.1,49.0,4,6.199999999999999,0.8999999999999999,21.0,2.0,4.0,1.0,MID,Coventry City,Brighton,1,2026-09-13T13:00:00Z,35,0.0,5.0
561,Anselmino,4,0,0.0,0.0,0.0,0.0,0.0,0.0,0.0,0.0,0.0,0.0,0.0,0.0,0.0,0.0,0.0,0.0,0.0,0.0,0.0,179.0,198.0,-19.0,0.0,45.0,4,0.0,0.0,0.0,0.0,0.0,0.0,DEF,Chelsea,Hull City,1,2026-09-12T14:00:00Z,34,2.0,2.0
110,Rushworth,4,0,90.0,0.0,0.0,0.0,5.0,0.0,0.0,0.0,0.0,0.0,2.0,0.0,-5.0,1.7999999999999998,0.0,0.01,0.01,2.8100000000000005,1.0,1405.0,11272.0,-9867.0,0.8,45.0,4,18.0,0.0,0.0,1.0,11.0,0.0,GK,Coventry City,Brighton,1,2026-09-13T13:00:00Z,35,0.0,5.0
171,Dovin,4,0,0.0,0.0,0.0,0.0,0.0,0.0,0.0,0.0,0.0,0.0,0.0,0.0,0.0,0.0,0.0,0.0,0.0,0.0,0.0,0.0,9655.0,-9655.0,1.1,40.0,4,0.0,0.0,0.0,0.0,0.0,0.0,GK,Coventry City,Brighton,1,2026-09-13T13:00:00Z,35,0.0,5.0
172,Wilson,4,0,0.0,0.0,0.0,0.0,0.0,0.0,0.0,0.0,0.0,0.0,0.0,0.0,0.0,0.0,0.0,0.0,0.0,0.0,0.0,333.0,1632.0,-1299.0,0.4,44.0,4,0.0,0.0,0.0,0.0,0.0,0.0,GK,Coventry City,Brighton,1,2026-09-13T13:00:00Z,35,0.0,5.0
173,Thomas,4,0,90.0,0.0,0.0,0.0,5.0,0.0,0.0,0.0,0.0,0.0,0.0,0.0,-17.0,3.0,0.19,0.07,0.2599999999999999,2.8100000000000005,1.0,42147.0,67309.0,-25162.0,8.7,40.0,4,6.799999999999997,0.3999999999999986,23.0,8.0,2.0,0.0,DEF,Coventry City,Brighton,1,2026-09-13T13:00:00Z,35,0.0,5.0
174,Kitching,4,0,0.0,0.0,0.0,0.0,0.0,0.0,0.0,0.0,0.0,0.0,0.0,0.0,0.0,0.0,0.0,0.0,0.0,0.0,0.0,0.0,4841.0,-4841.0,0.4,40.0,4,0.0,0.0,0.0,0.0,0.0,0.0,DEF,Coventry City,Brighton,1,2026-09-13T13:00:00Z,35,0.0,5.0
175,van Ewijk,4,0,90.0,0.0,0.0,0.0,5.0,0.0,0.0,0.0,0.0,0.0,0.0,0.0,-5.0,3.4000000000000004,0.0,0.0399999999999999,0.0399999999999999,2.8100000000000005,1.0,14184.0,100995.0,-86811.0,9.7,40.0,4,18.800000000000004,11.6,4.0,6.0,3.0,1.0,DEF,Coventry City,Brighton,1,2026-09-13T13:00:00Z,35,0.0,5.0
176,Dasilva,4,0,90.0,0.0,0.0,0.0,5.0,0.0,0.0,0.0,0.0,0.0,0.0,0.0,-7.0,3.9,0.0,0.3299999999999999,0.33,2.8100000000000005,1.0,956.0,4301.0,-3345.0,0.7,40.0,4,12.800000000000004,26.0,0.0,3.0,3.0,0.0,DEF,Coventry City,Brighton,1,2026-09-13T13:00:00Z,35,0.0,5.0
177,Kesler-Hayden,4,0,0.0,0.0,0.0,0.0,0.0,0.0,0.0,0.0,0.0,0.0,0.0,0.0,0.0,0.0,0.0,0.0,0.0,0.0,0.0,148.0,455.0,-307.0,0.0,40.0,4,0.0,0.0,0.0,0.0,0.0,0.0,DEF,Coventry City,Brighton,1,2026-09-13T13:00:00Z,35,0.0,5.0
178,Bidwell,4,0,0.0,0.0,0.0,0.0,0.0,0.0,0.0,0.0,0.0,0.0,0.0,0.0,0.0,0.0,0.0,0.0,0.0,0.0,0.0,433.0,626.0,-193.0,0.1,40.0,4,0.0,0.0,0.0,0.0,0.0,0.0,DEF,Coventry City,Brighton,1,2026-09-13T13:00:00Z,35,0.0,5.0
179,Latibeaudiere,4,0,0.0,0.0,0.0,0.0,0.0,0.0,0.0,0.0,0.0,0.0,0.0,0.0,0.0,0.0,0.0,0.0,0.0,0.0,0.0,150.0,306.0,-156.0,0.0,40.0,4,0.0,0.0,0.0,0.0,0.0,0.0,DEF,Coventry City,Brighton,1,2026-09-13T13:00:00Z,35,0.0,5.0
180,Woolfenden,4,0,0.0,0.0,0.0,0.0,0.0,0.0,0.0,0.0,0.0,0.0,0.0,0.0,0.0,0.0,0.0,0.0,0.0,0.0,0.0,232.0,1132.0,-900.0,0.1,40.0,4,0.0,0.0,0.0,0.0,0.0,0.0,DEF,Coventry City,Brighton,1,2026-09-13T13:00:00Z,35,0.0,5.0
181,Brau,4,0,0.0,0.0,0.0,0.0,0.0,0.0,0.0,0.0,0.0,0.0,0.0,0.0,0.0,0.0,0.0,0.0,0.0,0.0,0.0,0.0,262.0,-262.0,0.0,40.0,4,0.0,0.0,0.0,0.0,0.0,0.0,DEF,Coventry City,Brighton,1,2026-09-13T13:00:00Z,35,0.0,5.0
182,Amenda,4,0,90.0,0.0,0.0,0.0,5.0,0.0,0.0,0.0,0.0,0.0,0.0,0.0,-12.0,3.3000000000000007,0.0,0.0,0.0,2.8100000000000005,1.0,1695.0,6446.0,-4751.0,0.7,40.0,4,18.2,10.3,4.0,8.0,0.0,0.0,DEF,Coventry City,Brighton,1,2026-09-13T13:00:00Z,35,0.0,5.0
183,Rudoni,4,2,72.0,0.0,0.0,0.0,3.0,0.0,0.0,0.0,0.0,0.0,0.0,0.0,11.0,9.1,0.3299999999999999,0.73,1.06,2.16,1.0,475.0,1467.0,-992.0,0.1,49.0,4,10.8,55.5,25.0,2.0,3.0,0.0,MID,Coventry City,Brighton,1,2026-09-13T13:00:00Z,35,0.0,5.0
184,Grimes,4,2,83.0,0.0,0.0,0.0,4.0,0.0,0.0,0.0,0.0,0.0,0.0,0.0,9.0,1.3000000000000007,0.05,0.02,0.07,2.6000000000000005,1.0,556.0,1963.0,-1407.0,0.1,49.0,4,5.599999999999994,5.800000000000004,2.0,1.0,1.0,1.0,MID,Coventry City,Brighton,1,2026-09-13T13:00:00Z,35,0.0,5.0
185,Sakamoto,4,0,0.0,0.0,0.0,0.0,0.0,0.0,0.0,0.0,0.0,0.0,0.0,0.0,0.0,0.0,0.0,0.0,0.0,0.0,0.0,94.0,867.0,-773.0,0.1,48.0,4,0.0,0.0,0.0,0.0,0.0,0.0,MID,Coventry City,Brighton,1,2026-09-13T13:00:00Z,35,0.0,5.0
186,Mason-Clark,4,1,59.0,0.0,0.0,0.0,2.0,0.0,0.0,0.0,0.0,0.0,0.0,0.0,5.0,5.1,0.49,0.01,0.5,1.37,1.0,99.0,815.0,-716.0,0.1,54.0,4,5.999999999999999,1.0,44.0,2.0,2.0,0.0,MID,Coventry City,Brighton,1,2026-09-13T13:00:00Z,35,0.0,5.0
187,Eccles,4,0,0.0,0.0,0.0,0.0,0.0,0.0,0.0,0.0,0.0,0.0,0.0,0.0,0.0,0.0,0.0,0.0,0.0,0.0,0.0,22.0,314.0,-292.0,0.0,49.0,4,0.0,0.0,0.0,0.0,0.0,0.0,MID,Coventry City,Brighton,1,2026-09-13T13:00:00Z,35,0.0,5.0
188,Torp,4,1,6.0,0.0,0.0,0.0,1.0,0.0,0.0,0.0,0.0,0.0,0.0,0.0,3.0,0.1,0.0,0.0,0.0,0.2099999999999999,0.0,42.0,1018.0,-976.0,0.1,54.0,4,0.4000000000000003,0.3999999999999986,0.0,0.0,0.0,0.0,MID,Coventry City,Brighton,1,2026-09-13T13:00:00Z,35,0.0,5.0
189,Shepherd,4,0,0.0,0.0,0.0,0.0,0.0,0.0,0.0,0.0,0.0,0.0,0.0,0.0,0.0,0.0,0.0,0.0,0.0,0.0,0.0,1034.0,2458.0,-1424.0,0.2,44.0,4,0.0,0.0,0.0,0.0,0.0,0.0,MID,Coventry City,Brighton,1,2026-09-13T13:00:00Z,35,0.0,5.0
190,Tchaouna,4,0,0.0,0.0,0.0,0.0,0.0,0.0,0.0,0.0,0.0,0.0,0.0,0.0,0.0,0.0,0.0,0.0,0.0,0.0,0.0,37.0,998.0,-961.0,0.1,54.0,4,0.0,0.0,0.0,0.0,0.0,0.0,MID,Coventry City,Brighton,1,2026-09-13T13:00:00Z,35,0.0,5.0
191,Borges Rodrigues,4,0,0.0,0.0,0.0,0.0,0.0,0.0,0.0,0.0,0.0,0.0,0.0,0.0,0.0,0.0,0.0,0.0,0.0,0.0,0.0,0.0,1744.0,-1744.0,0.1,45.0,4,0.0,0.0,0.0,0.0,0.0,0.0,MID,Coventry City,Brighton,1,2026-09-13T13:00:00Z,35,0.0,5.0
193,Wright,4,0,0.0,0.0,0.0,0.0,0.0,0.0,0.0,0.0,0.0,0.0,0.0,0.0,0.0,0.0,0.0,0.0,0.0,0.0,0.0,83.0,1170.0,-1087.0,0.1,54.0,4,0.0,0.0,0.0,0.0,0.0,0.0,FWD,Coventry City,Brighton,1,2026-09-13T13:00:00Z,35,0.0,5.0
194,Thomas-Asante,4,1,17.0,0.0,0.0,0.0,2.0,0.0,0.0,0.0,0.0,0.0,0.0,0.0,7.0,3.3000000000000003,0.21,0.03,0.24,0.6399999999999997,0.0,7710.0,11208.0,-3498.0,0.8,50.0,4,6.0,0.5,26.0,0.0,0.0,0.0,FWD,Coventry City,Brighton,1,2026-09-13T13:00:00Z,35,0.0,5.0
195,Simms,4,0,0.0,0.0,0.0,0.0,0.0,0.0,0.0,0.0,0.0,0.0,0.0,0.0,0.0,0.0,0.0,0.0,0.0,0.0,0.0,2724.0,11398.0,-8674.0,0.7,50.0,4,0.0,0.0,0.0,0.0,0.0,0.0,FWD,Coventry City,Brighton,1,2026-09-13T13:00:00Z,35,0.0,5.0
196,Markelo,4,0,0.0,0.0,0.0,0.0,0.0,0.0,0.0,0.0,0.0,0.0,0.0,0.0,0.0,0.0,0.0,0.0,0.0,0.0,0.0,0.0,102.0,-102.0,0.0,50.0,4,0.0,0.0,0.0,0.0,0.0,0.0,FWD,Coventry City,Brighton,1,2026-09-13T13:00:00Z,35,0.0,5.0
197,Bassette,4,0,0.0,0.0,0.0,0.0,0.0,0.0,0.0,0.0,0.0,0.0,0.0,0.0,0.0,0.0,0.0,0.0,0.0,0.0,0.0,0.0,257.0,-257.0,0.0,45.0,4,0.0,0.0,0.0,0.0,0.0,0.0,FWD,Coventry City,Brighton,1,2026-09-13T13:00:00Z,35,0.0,5.0
492,Awoniyi,4,-2,52.0,0.0,0.0,0.0,5.0,0.0,0.0,0.0,0.0,1.0,0.0,0.0,-5.0,1.9000000000000004,0.06,0.01,0.07,1.3699999999999997,1.0,1059.0,18101.0,-17042.0,0.5,55.0,4,0.0,10.900000000000006,10.0,0.0,1.0,1.0,FWD,Coventry City,Brighton,1,2026-09-13T13:00:00Z,35,0.0,5.0
584,Hamer,4,0,0.0,0.0,0.0,0.0,0.0,0.0,0.0,0.0,0.0,0.0,0.0,0.0,0.0,0.0,0.0,0.0,0.0,0.0,0.0,69.0,899.0,-830.0,0.1,54.0,4,0.0,0.0,0.0,0.0,0.0,0.0,MID,Coventry City,Brighton,1,2026-09-13T13:00:00Z,35,0.0,5.0
599,Cherif,4,1,30.0,0.0,0.0,0.0,3.0,0.0,0.0,0.0,0.0,0.0,0.0,0.0,3.0,0.1,0.0,0.0,0.0,1.43,0.0,1418.0,1304.0,114.0,0.1,50.0,4,1.0,0.2,0.0,1.0,0.0,0.0,FWD,Coventry City,Brighton,1,2026-09-13T13:00:00Z,35,0.0,5.0
623,Bentley,4,0,0.0,0.0,0.0,0.0,0.0,0.0,0.0,0.0,0.0,0.0,0.0,0.0,0.0,0.0,0.0,0.0,0.0,0.0,0.0,13638.0,4327.0,9311.0,0.6,40.0,4,0.0,0.0,0.0,0.0,0.0,0.0,GK,Coventry City,Brighton,1,2026-09-13T13:00:00Z,35,0.0,5.0
655,Gboho,4,0,0.0,0.0,0.0,0.0,0.0,0.0,0.0,0.0,0.0,0.0,0.0,0.0,0.0,0.0,0.0,0.0,0.0,0.0,0.0,121.0,36.0,85.0,0.0,55.0,4,0.0,0.0,0.0,0.0,0.0,0.0,MID,Coventry City,Brighton,1,2026-09-13T13:00:00Z,35,0.0,5.0
656,Mfuni,4,0,0.0,0.0,0.0,0.0,0.0,0.0,0.0,0.0,0.0,0.0,0.0,0.0,0.0,0.0,0.0,0.0,0.0,0.0,0.0,6138.0,1454.0,4684.0,0.1,40.0,4,0.0,0.0,0.0,0.0,0.0,0.0,DEF,Coventry City,Brighton,1,2026-09-13T13:00:00Z,35,0.0,5.0
42,Guessand,4,0,0.0,0.0,0.0,0.0,0.0,0.0,0.0,0.0,0.0,0.0,0.0,0.0,0.0,0.0,0.0,0.0,0.0,0.0,0.0,317.0,723.0,-406.0,0.0,54.0,4,0.0,0.0,0.0,0.0,0.0,0.0,MID,Crystal Palace,Ipswich Town,1,2026-09-12T14:00:00Z,33,2.0,3.0
153,Disasi,4,-3,33.0,0.0,0.0,0.0,3.0,0.0,0.0,0.0,0.0,1.0,0.0,0.0,-18.0,0.2000000000000001,0.0,0.0,0.0,0.3800000000000003,1.0,1024.0,4455.0,-3431.0,0.1,45.0,4,2.199999999999996,0.0999999999999996,0.0,6.0,2.0,0.0,DEF,Crystal Palace,Ipswich Town,1,2026-09-12T14:00:00Z,33,2.0,3.0
651,J.Angulo,4,0,0.0,0.0,0.0,0.0,0.0,0.0,0.0,0.0,0.0,0.0,0.0,0.0,0.0,0.0,0.0,0.0,0.0,0.0,0.0,29762.0,10410.0,19352.0,0.7,45.0,4,0.0,0.0,0.0,0.0,0.0,0.0,FWD,Sunderland,Arsenal,1,2026-09-12T19:00:00Z,36,0.0,2.0
192,Andrews,4,0,0.0,0.0,0.0,0.0,0.0,0.0,0.0,0.0,0.0,0.0,0.0,0.0,0.0,0.0,0.0,0.0,0.0,0.0,0.0,0.0,5202.0,-5202.0,0.3,45.0,4,0.0,0.0,0.0,0.0,0.0,0.0,MID,Coventry City,Brighton,1,2026-09-13T13:00:00Z,35,0.0,5.0
575,Yirenkyi,4,1,17.0,0.0,0.0,0.0,2.0,0.0,0.0,0.0,0.0,0.0,0.0,0.0,3.0,1.0,0.0,0.01,0.01,0.6400000000000001,0.0,255.0,2281.0,-2026.0,0.2,49.0,4,0.0,10.5,0.0,0.0,0.0,0.0,MID,Coventry City,Brighton,1,2026-09-13T13:00:00Z,35,0.0,5.0
198,Henderson,4,0,0.0,0.0,0.0,0.0,0.0,0.0,0.0,0.0,0.0,0.0,0.0,0.0,0.0,0.0,0.0,0.0,0.0,0.0,0.0,3817.0,51950.0,-48133.0,1.5,50.0,4,0.0,0.0,0.0,0.0,0.0,0.0,GK,Crystal Palace,Ipswich Town,1,2026-09-12T14:00:00Z,33,2.0,3.0
199,Benitez,4,2,90.0,0.0,0.0,0.0,3.0,0.0,0.0,0.0,0.0,0.0,3.0,0.0,3.0,1.9,0.0,0.0,0.0,1.68,1.0,1152.0,702.0,450.0,0.1,45.0,4,18.8,0.0,0.0,1.0,7.0,0.0,GK,Crystal Palace,Ipswich Town,1,2026-09-12T14:00:00Z,33,2.0,3.0
202,Richards,4,2,90.0,0.0,0.0,0.0,3.0,0.0,0.0,0.0,1.0,0.0,0.0,0.0,2.0,2.8000000000000007,0.0,0.06,0.06,1.6800000000000006,1.0,2400.0,8134.0,-5734.0,0.6,50.0,4,22.39999999999999,5.9,0.0,12.0,6.0,1.0,DEF,Crystal Palace,Ipswich Town,1,2026-09-12T14:00:00Z,33,2.0,3.0
203,Canvot,4,0,0.0,0.0,0.0,0.0,0.0,0.0,0.0,0.0,0.0,0.0,0.0,0.0,0.0,0.0,0.0,0.0,0.0,0.0,0.0,423.0,3976.0,-3553.0,0.2,49.0,4,0.0,0.0,0.0,0.0,0.0,0.0,DEF,Crystal Palace,Ipswich Town,1,2026-09-12T14:00:00Z,33,2.0,3.0
204,Mitchell,4,1,76.0,0.0,0.0,0.0,2.0,0.0,0.0,0.0,0.0,0.0,0.0,0.0,6.0,2.599999999999998,0.0,0.06,0.06,1.13,1.0,45805.0,61873.0,-16068.0,6.1,45.0,4,7.799999999999997,18.1,0.0,1.0,8.0,0.0,DEF,Crystal Palace,Ipswich Town,1,2026-09-12T14:00:00Z,33,2.0,3.0
205,Sosa,4,0,0.0,0.0,0.0,0.0,0.0,0.0,0.0,0.0,0.0,0.0,0.0,0.0,0.0,0.0,0.0,0.0,0.0,0.0,0.0,0.0,256.0,-256.0,0.0,45.0,4,0.0,0.0,0.0,0.0,0.0,0.0,DEF,Crystal Palace,Ipswich Town,1,2026-09-12T14:00:00Z,33,2.0,3.0
206,Chadi Riad,4,0,0.0,0.0,0.0,0.0,0.0,0.0,0.0,0.0,0.0,0.0,0.0,0.0,0.0,0.0,0.0,0.0,0.0,0.0,0.0,43.0,369.0,-326.0,0.0,44.0,4,0.0,0.0,0.0,0.0,0.0,0.0,DEF,Crystal Palace,Ipswich Town,1,2026-09-12T14:00:00Z,33,2.0,3.0
207,Mingueza,4,0,0.0,0.0,0.0,0.0,0.0,0.0,0.0,0.0,0.0,0.0,0.0,0.0,0.0,0.0,0.0,0.0,0.0,0.0,0.0,278.0,856.0,-578.0,0.1,44.0,4,0.0,0.0,0.0,0.0,0.0,0.0,DEF,Crystal Palace,Ipswich Town,1,2026-09-12T14:00:00Z,33,2.0,3.0
208,Sarr,4,0,0.0,0.0,0.0,0.0,0.0,0.0,0.0,0.0,0.0,0.0,0.0,0.0,0.0,0.0,0.0,0.0,0.0,0.0,0.0,522.0,13755.0,-13233.0,0.6,62.0,4,0.0,0.0,0.0,0.0,0.0,0.0,MID,Crystal Palace,Ipswich Town,1,2026-09-12T14:00:00Z,33,2.0,3.0
210,Wharton,4,2,76.0,0.0,0.0,0.0,2.0,0.0,0.0,0.0,0.0,0.0,0.0,0.0,13.0,2.0,0.08,0.0399999999999999,0.12,1.13,1.0,2999.0,10604.0,-7605.0,0.8,55.0,4,5.200000000000003,11.800000000000004,3.0,1.0,3.0,1.0,MID,Crystal Palace,Ipswich Town,1,2026-09-12T14:00:00Z,33,2.0,3.0
211,Yeremy,4,1,36.0,0.0,0.0,0.0,1.0,0.0,0.0,0.0,0.0,0.0,0.0,0.0,4.0,0.5,0.0,0.01,0.01,0.3799999999999999,1.0,6258.0,11631.0,-5373.0,0.4,55.0,4,0.0,2.700000000000003,2.0,0.0,1.0,0.0,MID,Crystal Palace,Ipswich Town,1,2026-09-12T14:00:00Z,33,2.0,3.0
212,Hughes,4,1,13.0,0.0,0.0,0.0,1.0,0.0,0.0,0.0,0.0,0.0,0.0,0.0,6.0,2.1,0.0,0.04,0.04,0.5500000000000002,0.0,24430.0,88957.0,-64527.0,7.9,44.0,4,5.6,15.0,0.0,1.0,2.0,1.0,MID,Crystal Palace,Ipswich Town,1,2026-09-12T14:00:00Z,33,2.0,3.0
213,Lerma,4,1,6.0,0.0,0.0,0.0,1.0,0.0,0.0,0.0,0.0,0.0,0.0,0.0,3.0,0.3,0.0,0.0,0.0,0.48,0.0,187.0,767.0,-580.0,0.1,49.0,4,2.2,0.3,0.0,1.0,0.0,0.0,MID,Crystal Palace,Ipswich Town,1,2026-09-12T14:00:00Z,33,2.0,3.0
214,Kamada,4,8,83.0,0.0,2.0,0.0,2.0,0.0,0.0,0.0,0.0,0.0,0.0,0.0,30.0,6.000000000000002,0.0,0.0499999999999999,0.05,1.2000000000000002,1.0,20170.0,6697.0,13473.0,0.5,50.0,4,36.2,21.90000000000001,2.0,0.0,0.0,1.0,MID,Crystal Palace,Ipswich Town,1,2026-09-12T14:00:00Z,33,2.0,3.0
215,Devenny,4,0,0.0,0.0,0.0,0.0,0.0,0.0,0.0,0.0,0.0,0.0,0.0,0.0,0.0,0.0,0.0,0.0,0.0,0.0,0.0,0.0,107.0,-107.0,0.0,50.0,4,0.0,0.0,0.0,0.0,0.0,0.0,MID,Crystal Palace,Ipswich Town,1,2026-09-12T14:00:00Z,33,2.0,3.0
216,Esse,4,0,0.0,0.0,0.0,0.0,0.0,0.0,0.0,0.0,0.0,0.0,0.0,0.0,0.0,0.0,0.0,0.0,0.0,0.0,0.0,0.0,388.0,-388.0,0.0,50.0,4,0.0,0.0,0.0,0.0,0.0,0.0,MID,Crystal Palace,Ipswich Town,1,2026-09-12T14:00:00Z,33,2.0,3.0
217,M.França,4,0,0.0,0.0,0.0,0.0,0.0,0.0,0.0,0.0,0.0,0.0,0.0,0.0,0.0,0.0,0.0,0.0,0.0,0.0,0.0,0.0,625.0,-625.0,0.0,49.0,4,0.0,0.0,0.0,0.0,0.0,0.0,MID,Crystal Palace,Ipswich Town,1,2026-09-12T14:00:00Z,33,2.0,3.0
218,Doucouré,4,0,0.0,0.0,0.0,0.0,0.0,0.0,0.0,0.0,0.0,0.0,0.0,0.0,0.0,0.0,0.0,0.0,0.0,0.0,0.0,235.0,763.0,-528.0,0.0,49.0,4,0.0,0.0,0.0,0.0,0.0,0.0,MID,Crystal Palace,Ipswich Town,1,2026-09-12T14:00:00Z,33,2.0,3.0
219,J.Rak-Sakyi,4,0,0.0,0.0,0.0,0.0,0.0,0.0,0.0,0.0,0.0,0.0,0.0,0.0,0.0,0.0,0.0,0.0,0.0,0.0,0.0,0.0,95.0,-95.0,0.0,49.0,4,0.0,0.0,0.0,0.0,0.0,0.0,MID,Crystal Palace,Ipswich Town,1,2026-09-12T14:00:00Z,33,2.0,3.0
220,Cardines,4,0,0.0,0.0,0.0,0.0,0.0,0.0,0.0,0.0,0.0,0.0,0.0,0.0,0.0,0.0,0.0,0.0,0.0,0.0,0.0,0.0,8.0,-8.0,0.0,45.0,4,0.0,0.0,0.0,0.0,0.0,0.0,DEF,Crystal Palace,Ipswich Town,1,2026-09-12T14:00:00Z,33,2.0,3.0
221,Drakes-Thomas,4,0,0.0,0.0,0.0,0.0,0.0,0.0,0.0,0.0,0.0,0.0,0.0,0.0,0.0,0.0,0.0,0.0,0.0,0.0,0.0,335.0,913.0,-578.0,0.1,45.0,4,0.0,0.0,0.0,0.0,0.0,0.0,MID,Crystal Palace,Ipswich Town,1,2026-09-12T14:00:00Z,33,2.0,3.0
222,Strand Larsen,4,8,83.0,1.0,0.0,0.0,2.0,0.0,0.0,0.0,0.0,0.0,0.0,2.0,39.0,8.5,0.09,0.0199999999999999,0.1099999999999999,1.1999999999999995,1.0,15186.0,9288.0,5898.0,0.6,60.0,4,40.8,12.8,31.0,0.0,1.0,1.0,FWD,Crystal Palace,Ipswich Town,1,2026-09-12T14:00:00Z,33,2.0,3.0
223,Mateta,4,0,0.0,0.0,0.0,0.0,0.0,0.0,0.0,0.0,0.0,0.0,0.0,0.0,0.0,0.0,0.0,0.0,0.0,0.0,0.0,197.0,28615.0,-28418.0,1.4,63.0,4,0.0,0.0,0.0,0.0,0.0,0.0,FWD,Crystal Palace,Ipswich Town,1,2026-09-12T14:00:00Z,33,2.0,3.0
224,Nketiah,4,0,0.0,0.0,0.0,0.0,0.0,0.0,0.0,0.0,0.0,0.0,0.0,0.0,0.0,0.0,0.0,0.0,0.0,0.0,0.0,2904.0,20681.0,-17777.0,0.5,55.0,4,0.0,0.0,0.0,0.0,0.0,0.0,FWD,Crystal Palace,Ipswich Town,1,2026-09-12T14:00:00Z,33,2.0,3.0
225,Uche,4,0,0.0,0.0,0.0,0.0,0.0,0.0,0.0,0.0,0.0,0.0,0.0,0.0,0.0,0.0,0.0,0.0,0.0,0.0,0.0,0.0,0.0,0.0,0.0,50.0,4,0.0,0.0,0.0,0.0,0.0,0.0,FWD,Crystal Palace,Ipswich Town,1,2026-09-12T14:00:00Z,33,2.0,3.0
241,McNeil,4,0,0.0,0.0,0.0,0.0,0.0,0.0,0.0,0.0,0.0,0.0,0.0,0.0,0.0,0.0,0.0,0.0,0.0,0.0,0.0,200.0,1389.0,-1189.0,0.1,54.0,4,0.0,0.0,0.0,0.0,0.0,0.0,MID,Crystal Palace,Ipswich Town,1,2026-09-12T14:00:00Z,33,2.0,3.0
555,Matthews,4,0,0.0,0.0,0.0,0.0,0.0,0.0,0.0,0.0,0.0,0.0,0.0,0.0,0.0,0.0,0.0,0.0,0.0,0.0,0.0,3301.0,5797.0,-2496.0,1.7,40.0,4,0.0,0.0,0.0,0.0,0.0,0.0,GK,Crystal Palace,Ipswich Town,1,2026-09-12T14:00:00Z,33,2.0,3.0
577,Tomiyasu,4,0,53.0,0.0,0.0,0.0,2.0,0.0,0.0,0.0,0.0,0.0,0.0,0.0,6.0,1.6,0.0,0.01,0.01,1.29,0.0,422.0,2564.0,-2142.0,0.3,44.0,4,10.2,1.2999999999999998,4.0,4.0,3.0,1.0,DEF,Crystal Palace,Ipswich Town,1,2026-09-12T14:00:00Z,33,2.0,3.0
588,Khalaili,4,7,90.0,1.0,0.0,0.0,3.0,0.0,0.0,0.0,0.0,0.0,0.0,0.0,4.0,8.7,0.2199999999999999,0.1399999999999999,0.36,1.6799999999999995,1.0,8263.0,5327.0,2936.0,0.3,50.0,4,40.400000000000006,15.999999999999996,31.0,3.0,4.0,2.0,DEF,Crystal Palace,Ipswich Town,1,2026-09-12T14:00:00Z,33,2.0,3.0
595,Gozo,4,1,6.0,0.0,0.0,0.0,1.0,0.0,0.0,0.0,0.0,0.0,0.0,0.0,3.0,0.0,0.0,0.0,0.0,0.48,0.0,79.0,182.0,-103.0,0.0,50.0,4,0.0,0.3,0.0,0.0,0.0,0.0,MID,Crystal Palace,Ipswich Town,1,2026-09-12T14:00:00Z,33,2.0,3.0
643,Chilwell,4,1,13.0,0.0,0.0,0.0,1.0,0.0,0.0,0.0,0.0,0.0,0.0,0.0,1.0,0.8000000000000007,0.12,0.01,0.13,0.5500000000000002,0.0,6364.0,8296.0,-1932.0,0.5,45.0,4,0.1999999999999957,3.5,4.0,1.0,0.0,0.0,DEF,Crystal Palace,Ipswich Town,1,2026-09-12T14:00:00Z,33,2.0,3.0
644,Timber,4,4,90.0,0.0,0.0,0.0,3.0,0.0,0.0,0.0,0.0,0.0,0.0,0.0,24.0,5.7,0.0999999999999999,0.03,0.13,1.6800000000000002,1.0,1309.0,572.0,737.0,0.0,50.0,4,25.2,4.9,27.0,2.0,6.0,8.0,MID,Crystal Palace,Ipswich Town,1,2026-09-12T14:00:00Z,33,2.0,3.0
647,Osorio,4,0,0.0,0.0,0.0,0.0,0.0,0.0,0.0,0.0,0.0,0.0,0.0,0.0,0.0,0.0,0.0,0.0,0.0,0.0,0.0,80.0,145.0,-65.0,0.0,55.0,4,0.0,0.0,0.0,0.0,0.0,0.0,MID,Crystal Palace,Ipswich Town,1,2026-09-12T14:00:00Z,33,2.0,3.0
21,Nørgaard,4,0,0.0,0.0,0.0,0.0,0.0,0.0,0.0,0.0,0.0,0.0,0.0,0.0,0.0,0.0,0.0,0.0,0.0,0.0,0.0,40.0,741.0,-701.0,0.0,49.0,4,0.0,0.0,0.0,0.0,0.0,0.0,MID,Everton,Spurs,0,2026-09-12T16:30:00Z,40,0.0,0.0
633,Ahanor,4,3,90.0,0.0,0.0,0.0,3.0,0.0,0.0,0.0,0.0,0.0,0.0,0.0,10.0,4.1,0.0,0.01,0.01,1.68,1.0,695.0,209.0,486.0,0.0,45.0,4,24.6,11.9,4.0,9.0,4.0,2.0,DEF,Crystal Palace,Ipswich Town,1,2026-09-12T14:00:00Z,33,2.0,3.0
209,Johnson,4,3,74.0,0.0,0.0,1.0,0.0,0.0,0.0,0.0,0.0,0.0,0.0,0.0,13.0,4.6,0.1599999999999999,0.18,0.3399999999999999,0.4299999999999997,1.0,1839.0,1293.0,546.0,0.1,59.0,4,11.2,29.000000000000004,6.0,2.0,2.0,2.0,MID,Everton,Spurs,0,2026-09-12T16:30:00Z,40,0.0,0.0
226,Pickford,4,6,90.0,0.0,0.0,1.0,0.0,0.0,0.0,0.0,0.0,0.0,2.0,0.0,25.0,1.2000000000000002,0.0,0.0,0.0,0.6900000000000004,1.0,65042.0,39297.0,25745.0,9.1,55.0,4,11.600000000000009,0.0,0.0,2.0,11.0,0.0,GK,Everton,Spurs,0,2026-09-12T16:30:00Z,40,0.0,0.0
227,Travers,4,0,0.0,0.0,0.0,0.0,0.0,0.0,0.0,0.0,0.0,0.0,0.0,0.0,0.0,0.0,0.0,0.0,0.0,0.0,0.0,500.0,427.0,73.0,0.0,50.0,4,0.0,0.0,0.0,0.0,0.0,0.0,GK,Everton,Spurs,0,2026-09-12T16:30:00Z,40,0.0,0.0
229,Tarkowski,4,8,90.0,0.0,0.0,1.0,0.0,0.0,0.0,0.0,0.0,0.0,0.0,2.0,32.0,2.1,0.0,0.0099999999999999,0.01,0.6900000000000004,1.0,250969.0,46068.0,204901.0,14.1,61.0,4,19.19999999999999,1.8000000000000007,0.0,3.0,3.0,5.0,DEF,Everton,Spurs,0,2026-09-12T16:30:00Z,40,0.0,0.0
230,Branthwaite,4,6,90.0,0.0,0.0,1.0,0.0,0.0,0.0,0.0,0.0,0.0,0.0,0.0,27.0,3.3000000000000007,0.0,0.0,0.0,0.6900000000000004,1.0,42314.0,12497.0,29817.0,2.2,55.0,4,30.0,3.4,0.0,8.0,2.0,1.0,DEF,Everton,Spurs,0,2026-09-12T16:30:00Z,40,0.0,0.0
231,Keane,4,0,0.0,0.0,0.0,0.0,0.0,0.0,0.0,0.0,0.0,0.0,0.0,0.0,0.0,0.0,0.0,0.0,0.0,0.0,0.0,1731.0,11305.0,-9574.0,0.8,48.0,4,0.0,0.0,0.0,0.0,0.0,0.0,DEF,Everton,Spurs,0,2026-09-12T16:30:00Z,40,0.0,0.0
232,O'Brien,4,1,15.0,0.0,0.0,0.0,0.0,0.0,0.0,0.0,0.0,0.0,0.0,0.0,2.0,0.1,0.0,0.0,0.0,0.26,0.0,1077.0,2575.0,-1498.0,0.3,49.0,4,1.0,0.0,0.0,1.0,1.0,0.0,DEF,Everton,Spurs,0,2026-09-12T16:30:00Z,40,0.0,0.0
233,Mykolenko,4,11,90.0,0.0,0.0,1.0,0.0,0.0,0.0,0.0,0.0,0.0,0.0,3.0,38.0,4.0,0.0,0.07,0.07,0.6900000000000004,1.0,180374.0,22055.0,158319.0,3.6,45.0,4,24.4,11.3,4.0,4.0,4.0,7.0,DEF,Everton,Spurs,0,2026-09-12T16:30:00Z,40,0.0,0.0
234,Patterson,4,0,0.0,0.0,0.0,0.0,0.0,0.0,0.0,0.0,0.0,0.0,0.0,0.0,0.0,0.0,0.0,0.0,0.0,0.0,0.0,0.0,298.0,-298.0,0.0,45.0,4,0.0,0.0,0.0,0.0,0.0,0.0,DEF,Everton,Spurs,0,2026-09-12T16:30:00Z,40,0.0,0.0
235,Aznou,4,0,0.0,0.0,0.0,0.0,0.0,0.0,0.0,0.0,0.0,0.0,0.0,0.0,0.0,0.0,0.0,0.0,0.0,0.0,0.0,0.0,1525.0,-1525.0,0.1,40.0,4,0.0,0.0,0.0,0.0,0.0,0.0,DEF,Everton,Spurs,0,2026-09-12T16:30:00Z,40,0.0,0.0
236,Dewsbury-Hall,4,2,90.0,0.0,0.0,1.0,0.0,0.0,0.0,0.0,1.0,0.0,0.0,0.0,16.0,6.199999999999996,0.1699999999999999,0.0899999999999999,0.2600000000000001,0.6900000000000004,1.0,160012.0,57281.0,102731.0,5.9,65.0,4,15.0,19.0,28.0,2.0,4.0,0.0,MID,Everton,Spurs,0,2026-09-12T16:30:00Z,40,0.0,0.0
238,Grealish,4,1,25.0,0.0,0.0,0.0,0.0,0.0,0.0,0.0,0.0,0.0,0.0,0.0,4.0,0.7000000000000002,0.0,0.01,0.01,0.3,0.0,8920.0,5495.0,3425.0,0.4,65.0,4,3.4000000000000004,1.1999999999999993,2.0,2.0,1.0,1.0,MID,Everton,Spurs,0,2026-09-12T16:30:00Z,40,0.0,0.0
239,Garner,4,4,90.0,0.0,0.0,1.0,0.0,0.0,0.0,0.0,1.0,0.0,0.0,0.0,23.0,3.6,0.04,0.02,0.06,0.6899999999999997,1.0,10005.0,2826.0,7179.0,0.2,60.0,4,23.6,5.100000000000001,7.0,3.0,8.0,6.0,MID,Everton,Spurs,0,2026-09-12T16:30:00Z,40,0.0,0.0
242,George,4,3,64.0,0.0,0.0,1.0,0.0,0.0,0.0,0.0,0.0,0.0,0.0,0.0,13.0,2.6999999999999997,0.0499999999999999,0.15,0.2,0.3900000000000001,1.0,42985.0,10124.0,32861.0,0.9,55.0,4,6.399999999999999,15.400000000000006,5.0,1.0,2.0,0.0,MID,Everton,Spurs,0,2026-09-12T16:30:00Z,40,0.0,0.0
243,Alcaraz,4,0,0.0,0.0,0.0,0.0,0.0,0.0,0.0,0.0,0.0,0.0,0.0,0.0,0.0,0.0,0.0,0.0,0.0,0.0,0.0,460.0,923.0,-463.0,0.1,49.0,4,0.0,0.0,0.0,0.0,0.0,0.0,MID,Everton,Spurs,0,2026-09-12T16:30:00Z,40,0.0,0.0
244,Armstrong,4,3,90.0,0.0,0.0,1.0,0.0,0.0,0.0,0.0,0.0,0.0,0.0,0.0,6.0,1.8999999999999984,0.0,0.0199999999999999,0.0199999999999999,0.6900000000000004,1.0,6637.0,7248.0,-611.0,0.4,50.0,4,12.4,4.5,2.0,3.0,2.0,0.0,MID,Everton,Spurs,0,2026-09-12T16:30:00Z,40,0.0,0.0
245,Dibling,4,0,0.0,0.0,0.0,0.0,0.0,0.0,0.0,0.0,0.0,0.0,0.0,0.0,0.0,0.0,0.0,0.0,0.0,0.0,0.0,233.0,348.0,-115.0,0.0,54.0,4,0.0,0.0,0.0,0.0,0.0,0.0,MID,Everton,Spurs,0,2026-09-12T16:30:00Z,40,0.0,0.0
246,Röhl,4,0,0.0,0.0,0.0,0.0,0.0,0.0,0.0,0.0,0.0,0.0,0.0,0.0,0.0,0.0,0.0,0.0,0.0,0.0,0.0,319.0,985.0,-666.0,0.0,49.0,4,0.0,0.0,0.0,0.0,0.0,0.0,MID,Everton,Spurs,0,2026-09-12T16:30:00Z,40,0.0,0.0
247,Hackney,4,1,15.0,0.0,0.0,0.0,0.0,0.0,0.0,0.0,0.0,0.0,0.0,0.0,3.0,1.799999999999999,0.0,0.02,0.0199999999999999,0.2599999999999998,0.0,699.0,1777.0,-1078.0,0.2,55.0,4,3.200000000000003,10.799999999999995,4.0,1.0,0.0,0.0,MID,Everton,Spurs,0,2026-09-12T16:30:00Z,40,0.0,0.0
248,Beto,4,0,0.0,0.0,0.0,0.0,0.0,0.0,0.0,0.0,0.0,0.0,0.0,0.0,0.0,0.0,0.0,0.0,0.0,0.0,0.0,0.0,23816.0,-23816.0,0.7,54.0,4,0.0,0.0,0.0,0.0,0.0,0.0,FWD,Everton,Spurs,0,2026-09-12T16:30:00Z,40,0.0,0.0
249,Barry,4,2,90.0,0.0,0.0,1.0,0.0,0.0,0.0,0.0,0.0,0.0,0.0,0.0,5.0,7.400000000000002,0.6699999999999999,0.03,0.7000000000000002,0.69,1.0,183632.0,80791.0,102841.0,7.3,56.0,4,3.199999999999996,14.0,57.0,1.0,1.0,0.0,FWD,Everton,Spurs,0,2026-09-12T16:30:00Z,40,0.0,0.0
649,Maitland-Niles,4,6,74.0,0.0,0.0,1.0,0.0,0.0,0.0,0.0,0.0,0.0,0.0,0.0,23.0,2.3000000000000007,0.03,0.14,0.17,0.43,1.0,42972.0,5444.0,37528.0,0.9,45.0,4,10.0,12.0,1.0,3.0,4.0,2.0,DEF,Everton,Spurs,0,2026-09-12T16:30:00Z,40,0.0,0.0
654,Graham,4,0,0.0,0.0,0.0,0.0,0.0,0.0,0.0,0.0,0.0,0.0,0.0,0.0,0.0,0.0,0.0,0.0,0.0,0.0,0.0,1770.0,2170.0,-400.0,0.1,45.0,4,0.0,0.0,0.0,0.0,0.0,0.0,MID,Everton,Spurs,0,2026-09-12T16:30:00Z,40,0.0,0.0
250,Leno,4,9,90.0,0.0,0.0,1.0,0.0,0.0,0.0,0.0,0.0,0.0,3.0,2.0,29.0,2.500000000000001,0.0,0.0,0.0,1.2799999999999994,1.0,31573.0,16805.0,14768.0,3.1,45.0,4,25.40000000000001,0.0,0.0,1.0,8.0,0.0,GK,Fulham,Liverpool,0,2026-09-12T14:00:00Z,37,0.0,0.0
251,Lecomte,4,0,0.0,0.0,0.0,0.0,0.0,0.0,0.0,0.0,0.0,0.0,0.0,0.0,0.0,0.0,0.0,0.0,0.0,0.0,0.0,3662.0,4115.0,-453.0,1.1,40.0,4,0.0,0.0,0.0,0.0,0.0,0.0,GK,Fulham,Liverpool,0,2026-09-12T14:00:00Z,37,0.0,0.0
252,McNally,4,0,0.0,0.0,0.0,0.0,0.0,0.0,0.0,0.0,0.0,0.0,0.0,0.0,0.0,0.0,0.0,0.0,0.0,0.0,0.0,0.0,889.0,-889.0,0.1,40.0,4,0.0,0.0,0.0,0.0,0.0,0.0,GK,Fulham,Liverpool,0,2026-09-12T14:00:00Z,37,0.0,0.0
253,Andersen,4,0,0.0,0.0,0.0,0.0,0.0,0.0,0.0,0.0,0.0,0.0,0.0,0.0,0.0,0.0,0.0,0.0,0.0,0.0,0.0,1651.0,1936.0,-285.0,0.1,50.0,4,0.0,0.0,0.0,0.0,0.0,0.0,DEF,Fulham,Liverpool,0,2026-09-12T14:00:00Z,37,0.0,0.0
254,Robinson,4,6,90.0,0.0,0.0,1.0,0.0,0.0,0.0,0.0,0.0,0.0,0.0,0.0,25.0,4.600000000000001,0.05,0.0499999999999999,0.0999999999999999,1.2800000000000002,1.0,9359.0,11069.0,-1710.0,1.4,45.0,4,17.6,22.1,6.0,7.0,4.0,2.0,DEF,Fulham,Liverpool,0,2026-09-12T14:00:00Z,37,0.0,0.0
255,J.Cuenca,4,0,0.0,0.0,0.0,0.0,0.0,0.0,0.0,0.0,0.0,0.0,0.0,0.0,0.0,0.0,0.0,0.0,0.0,0.0,0.0,87.0,340.0,-253.0,0.0,45.0,4,0.0,0.0,0.0,0.0,0.0,0.0,DEF,Fulham,Liverpool,0,2026-09-12T14:00:00Z,37,0.0,0.0
256,Tete,4,0,27.0,0.0,0.0,0.0,0.0,0.0,0.0,0.0,1.0,0.0,0.0,0.0,-1.0,0.4,0.0,0.0,0.0,0.65,0.0,328.0,1514.0,-1186.0,0.2,44.0,4,1.6,0.3,2.0,3.0,0.0,0.0,DEF,Fulham,Liverpool,0,2026-09-12T14:00:00Z,37,0.0,0.0
257,Bassey,4,6,90.0,0.0,0.0,1.0,0.0,0.0,0.0,0.0,0.0,0.0,0.0,0.0,27.0,4.499999999999999,0.05,0.0,0.05,1.2799999999999994,1.0,3214.0,3870.0,-656.0,0.7,45.0,4,23.40000000000001,0.6999999999999993,21.0,7.0,3.0,1.0,DEF,Fulham,Liverpool,0,2026-09-12T14:00:00Z,37,0.0,0.0
258,Castagne,4,6,71.0,0.0,0.0,1.0,0.0,0.0,0.0,0.0,0.0,0.0,0.0,0.0,23.0,1.400000000000002,0.0,0.01,0.01,0.7400000000000002,1.0,11610.0,7729.0,3881.0,0.8,45.0,4,11.199999999999996,0.7999999999999972,2.0,3.0,3.0,2.0,DEF,Fulham,Liverpool,0,2026-09-12T14:00:00Z,37,0.0,0.0
261,Iwobi,4,3,76.0,0.0,0.0,1.0,0.0,0.0,0.0,0.0,0.0,0.0,0.0,0.0,15.0,5.1,0.15,0.1100000000000001,0.26,0.8099999999999996,1.0,2698.0,8973.0,-6275.0,0.7,54.0,4,7.600000000000001,33.7,10.0,0.0,3.0,1.0,MID,Fulham,Liverpool,0,2026-09-12T14:00:00Z,37,0.0,0.0
262,Smith Rowe,4,1,13.0,0.0,0.0,0.0,0.0,0.0,0.0,0.0,0.0,0.0,0.0,0.0,3.0,0.2000000000000001,0.0,0.0,0.0,0.46,0.0,524.0,3180.0,-2656.0,0.2,54.0,4,1.1999999999999993,0.5,0.0,1.0,1.0,0.0,MID,Fulham,Liverpool,0,2026-09-12T14:00:00Z,37,0.0,0.0
263,Kevin,4,1,18.0,0.0,0.0,0.0,0.0,0.0,0.0,0.0,0.0,0.0,0.0,0.0,4.0,0.5,0.03,0.0699999999999999,0.0999999999999999,0.54,0.0,528.0,628.0,-100.0,0.0,53.0,4,0.2000000000000001,3.3000000000000003,1.0,0.0,2.0,1.0,MID,Fulham,Liverpool,0,2026-09-12T14:00:00Z,37,0.0,0.0
264,Bobb,4,3,62.0,0.0,0.0,1.0,0.0,0.0,0.0,0.0,0.0,0.0,0.0,0.0,12.0,4.399999999999999,0.0,0.13,0.1300000000000001,0.6299999999999999,1.0,2340.0,3669.0,-1329.0,0.3,55.0,4,10.0,30.0,4.0,2.0,4.0,1.0,MID,Fulham,Liverpool,0,2026-09-12T14:00:00Z,37,0.0,0.0
265,Berge,4,3,90.0,0.0,0.0,1.0,0.0,0.0,0.0,0.0,0.0,0.0,0.0,0.0,14.0,3.6,0.0,0.01,0.01,1.2799999999999994,1.0,1484.0,2931.0,-1447.0,0.3,49.0,4,18.6,11.699999999999996,6.0,4.0,2.0,3.0,MID,Fulham,Liverpool,0,2026-09-12T14:00:00Z,37,0.0,0.0
266,Cairney,4,0,0.0,0.0,0.0,0.0,0.0,0.0,0.0,0.0,0.0,0.0,0.0,0.0,0.0,0.0,0.0,0.0,0.0,0.0,0.0,24.0,49.0,-25.0,0.0,49.0,4,0.0,0.0,0.0,0.0,0.0,0.0,MID,Fulham,Liverpool,0,2026-09-12T14:00:00Z,37,0.0,0.0
268,King,4,3,76.0,0.0,0.0,1.0,0.0,0.0,0.0,0.0,0.0,0.0,0.0,0.0,19.0,6.300000000000001,0.2099999999999999,0.0899999999999999,0.3,0.8099999999999996,1.0,83125.0,23872.0,59253.0,1.8,55.0,4,11.400000000000006,14.299999999999995,37.0,0.0,2.0,2.0,MID,Fulham,Liverpool,0,2026-09-12T14:00:00Z,37,0.0,0.0
269,Sessegnon,4,0,0.0,0.0,0.0,0.0,0.0,0.0,0.0,0.0,0.0,0.0,0.0,0.0,0.0,0.0,0.0,0.0,0.0,0.0,0.0,268.0,4462.0,-4194.0,0.3,44.0,4,0.0,0.0,0.0,0.0,0.0,0.0,DEF,Fulham,Liverpool,0,2026-09-12T14:00:00Z,37,0.0,0.0
270,Reed,4,0,0.0,0.0,0.0,0.0,0.0,0.0,0.0,0.0,0.0,0.0,0.0,0.0,0.0,0.0,0.0,0.0,0.0,0.0,0.0,14793.0,14843.0,-50.0,1.2,44.0,4,0.0,0.0,0.0,0.0,0.0,0.0,MID,Fulham,Liverpool,0,2026-09-12T14:00:00Z,37,0.0,0.0
271,Muniz,4,1,13.0,0.0,0.0,0.0,0.0,0.0,0.0,0.0,0.0,0.0,0.0,0.0,4.0,0.4000000000000003,0.0,0.0,0.0,0.4599999999999999,0.0,3047.0,5644.0,-2597.0,0.4,54.0,4,2.0,0.2999999999999971,2.0,1.0,0.0,0.0,FWD,Fulham,Liverpool,0,2026-09-12T14:00:00Z,37,0.0,0.0
569,Gonzalo,4,2,76.0,0.0,0.0,1.0,0.0,0.0,0.0,0.0,0.0,0.0,0.0,0.0,5.0,2.5,0.1999999999999999,0.03,0.2299999999999999,0.8099999999999996,1.0,31929.0,69094.0,-37165.0,3.6,60.0,4,4.399999999999999,10.9,10.0,1.0,2.0,0.0,FWD,Fulham,Liverpool,0,2026-09-12T14:00:00Z,37,0.0,0.0
570,Palacios,4,0,0.0,0.0,0.0,0.0,0.0,0.0,0.0,0.0,0.0,0.0,0.0,0.0,0.0,0.0,0.0,0.0,0.0,0.0,0.0,1545.0,2143.0,-598.0,0.2,54.0,4,0.0,0.0,0.0,0.0,0.0,0.0,MID,Fulham,Liverpool,0,2026-09-12T14:00:00Z,37,0.0,0.0
580,Charles,4,5,90.0,0.0,0.0,1.0,0.0,0.0,0.0,0.0,0.0,0.0,0.0,0.0,19.0,3.1999999999999997,0.0,0.02,0.02,1.2799999999999998,1.0,627.0,608.0,19.0,0.1,50.0,4,29.0,3.4000000000000057,0.0,8.0,8.0,1.0,MID,Fulham,Liverpool,0,2026-09-12T14:00:00Z,37,0.0,0.0
610,De Fougerolles,4,0,0.0,0.0,0.0,0.0,0.0,0.0,0.0,0.0,0.0,0.0,0.0,0.0,0.0,0.0,0.0,0.0,0.0,0.0,0.0,0.0,1125.0,-1125.0,0.1,40.0,4,0.0,0.0,0.0,0.0,0.0,0.0,DEF,Fulham,Liverpool,0,2026-09-12T14:00:00Z,37,0.0,0.0
626,Zepa,4,0,0.0,0.0,0.0,0.0,0.0,0.0,0.0,0.0,0.0,0.0,0.0,0.0,0.0,0.0,0.0,0.0,0.0,0.0,0.0,1107.0,4601.0,-3494.0,0.3,45.0,4,0.0,0.0,0.0,0.0,0.0,0.0,MID,Fulham,Liverpool,0,2026-09-12T14:00:00Z,37,0.0,0.0
635,Larsson,4,1,13.0,0.0,0.0,0.0,0.0,0.0,0.0,0.0,0.0,0.0,0.0,0.0,3.0,0.1,0.0,0.01,0.01,0.46,0.0,186.0,115.0,71.0,0.0,50.0,4,0.0,0.5,0.0,0.0,1.0,0.0,MID,Fulham,Liverpool,0,2026-09-12T14:00:00Z,37,0.0,0.0
636,Ángel,4,0,0.0,0.0,0.0,0.0,0.0,0.0,0.0,0.0,0.0,0.0,0.0,0.0,0.0,0.0,0.0,0.0,0.0,0.0,0.0,82.0,61.0,21.0,0.0,50.0,4,0.0,0.0,0.0,0.0,0.0,0.0,MID,Fulham,Liverpool,0,2026-09-12T14:00:00Z,37,0.0,0.0
650,Affengruber,4,8,90.0,0.0,0.0,1.0,0.0,0.0,0.0,0.0,0.0,0.0,0.0,0.0,23.0,2.2,0.0,0.0,0.0,1.28,1.0,1940.0,425.0,1515.0,0.0,45.0,4,18.6,3.3,0.0,11.0,3.0,1.0,DEF,Fulham,Liverpool,0,2026-09-12T14:00:00Z,37,0.0,0.0
240,Iroegbunam,4,0,21.0,0.0,0.0,0.0,0.0,0.0,0.0,0.0,1.0,0.0,0.0,0.0,2.0,0.3,0.0,0.0,0.0,0.35,0.0,360.0,255.0,105.0,0.0,50.0,4,3.0,0.2,0.0,1.0,0.0,1.0,MID,Hull City,Chelsea,0,2026-09-12T14:00:00Z,34,2.0,2.0
274,Butland,4,0,0.0,0.0,0.0,0.0,0.0,0.0,0.0,0.0,0.0,0.0,0.0,0.0,0.0,0.0,0.0,0.0,0.0,0.0,0.0,99.0,536.0,-437.0,0.1,45.0,4,0.0,0.0,0.0,0.0,0.0,0.0,GK,Hull City,Chelsea,0,2026-09-12T14:00:00Z,34,2.0,2.0
275,Cartwright,4,0,0.0,0.0,0.0,0.0,0.0,0.0,0.0,0.0,0.0,0.0,0.0,0.0,0.0,0.0,0.0,0.0,0.0,0.0,0.0,0.0,44.0,-44.0,0.0,40.0,4,0.0,0.0,0.0,0.0,0.0,0.0,GK,Hull City,Chelsea,0,2026-09-12T14:00:00Z,34,2.0,2.0
276,Lo-Tutala,4,0,0.0,0.0,0.0,0.0,0.0,0.0,0.0,0.0,0.0,0.0,0.0,0.0,0.0,0.0,0.0,0.0,0.0,0.0,0.0,0.0,135.0,-135.0,0.0,40.0,4,0.0,0.0,0.0,0.0,0.0,0.0,GK,Hull City,Chelsea,0,2026-09-12T14:00:00Z,34,2.0,2.0
272,Kusi-Asare,4,0,0.0,0.0,0.0,0.0,0.0,0.0,0.0,0.0,0.0,0.0,0.0,0.0,0.0,0.0,0.0,0.0,0.0,0.0,0.0,27058.0,60793.0,-33735.0,5.7,45.0,4,0.0,0.0,0.0,0.0,0.0,0.0,FWD,Fulham,Liverpool,0,2026-09-12T14:00:00Z,37,0.0,0.0
273,Phillips,4,0,0.0,0.0,0.0,0.0,0.0,0.0,0.0,0.0,0.0,0.0,0.0,0.0,0.0,0.0,0.0,0.0,0.0,0.0,0.0,4856.0,6352.0,-1496.0,1.4,40.0,4,0.0,0.0,0.0,0.0,0.0,0.0,GK,Hull City,Chelsea,0,2026-09-12T14:00:00Z,34,2.0,2.0
277,Egan,4,2,90.0,0.0,0.0,0.0,2.0,0.0,0.0,0.0,1.0,0.0,0.0,0.0,-1.0,2.1,0.04,0.0,0.04,0.91,1.0,108091.0,44578.0,63513.0,7.0,41.0,4,14.200000000000005,0.5000000000000001,6.0,12.0,6.0,2.0,DEF,Hull City,Chelsea,0,2026-09-12T14:00:00Z,34,2.0,2.0
278,Hughes,4,0,0.0,0.0,0.0,0.0,0.0,0.0,0.0,0.0,0.0,0.0,0.0,0.0,0.0,0.0,0.0,0.0,0.0,0.0,0.0,14381.0,4785.0,9596.0,0.3,39.0,4,0.0,0.0,0.0,0.0,0.0,0.0,DEF,Hull City,Chelsea,0,2026-09-12T14:00:00Z,34,2.0,2.0
279,Ajayi,4,1,90.0,0.0,0.0,0.0,2.0,0.0,0.0,0.0,0.0,0.0,0.0,0.0,-6.0,1.3000000000000007,0.13,0.0,0.13,0.91,1.0,231763.0,80229.0,151534.0,14.0,42.0,4,5.400000000000006,1.3,6.0,2.0,2.0,1.0,DEF,Hull City,Chelsea,0,2026-09-12T14:00:00Z,34,2.0,2.0
280,Coyle,4,1,81.0,0.0,0.0,0.0,2.0,0.0,0.0,0.0,0.0,0.0,0.0,0.0,2.0,2.2,0.13,0.0099999999999999,0.14,0.7200000000000006,1.0,11009.0,4031.0,6978.0,0.7,40.0,4,5.599999999999998,10.900000000000002,5.0,2.0,4.0,1.0,DEF,Hull City,Chelsea,0,2026-09-12T14:00:00Z,34,2.0,2.0
281,Drameh,4,0,0.0,0.0,0.0,0.0,0.0,0.0,0.0,0.0,0.0,0.0,0.0,0.0,0.0,0.0,0.0,0.0,0.0,0.0,0.0,0.0,629.0,-629.0,0.0,40.0,4,0.0,0.0,0.0,0.0,0.0,0.0,DEF,Hull City,Chelsea,0,2026-09-12T14:00:00Z,34,2.0,2.0
282,Giles,4,4,90.0,0.0,1.0,0.0,2.0,0.0,0.0,0.0,0.0,0.0,0.0,0.0,20.0,6.600000000000001,0.0,0.1699999999999999,0.1699999999999999,0.9099999999999993,1.0,126541.0,20496.0,106045.0,2.7,40.0,4,32.39999999999999,33.5,0.0,6.0,2.0,1.0,DEF,Hull City,Chelsea,0,2026-09-12T14:00:00Z,34,2.0,2.0
283,Jacob,4,0,0.0,0.0,0.0,0.0,0.0,0.0,0.0,0.0,0.0,0.0,0.0,0.0,0.0,0.0,0.0,0.0,0.0,0.0,0.0,0.0,88.0,-88.0,0.0,40.0,4,0.0,0.0,0.0,0.0,0.0,0.0,DEF,Hull City,Chelsea,0,2026-09-12T14:00:00Z,34,2.0,2.0
284,McCarthy,4,0,0.0,0.0,0.0,0.0,0.0,0.0,0.0,0.0,0.0,0.0,0.0,0.0,0.0,0.0,0.0,0.0,0.0,0.0,0.0,1254.0,845.0,409.0,0.1,40.0,4,0.0,0.0,0.0,0.0,0.0,0.0,DEF,Hull City,Chelsea,0,2026-09-12T14:00:00Z,34,2.0,2.0
285,McNair,4,0,0.0,0.0,0.0,0.0,0.0,0.0,0.0,0.0,0.0,0.0,0.0,0.0,0.0,0.0,0.0,0.0,0.0,0.0,0.0,653.0,822.0,-169.0,0.1,40.0,4,0.0,0.0,0.0,0.0,0.0,0.0,DEF,Hull City,Chelsea,0,2026-09-12T14:00:00Z,34,2.0,2.0
286,Belloumi,4,13,59.0,2.0,0.0,0.0,1.0,0.0,0.0,0.0,0.0,0.0,0.0,2.0,43.0,11.1,0.1699999999999999,0.06,0.2299999999999999,0.2599999999999998,1.0,303459.0,28178.0,275281.0,4.0,51.0,4,68.19999999999999,11.7,31.0,0.0,0.0,1.0,MID,Hull City,Chelsea,0,2026-09-12T14:00:00Z,34,2.0,2.0
287,Millar,4,0,0.0,0.0,0.0,0.0,0.0,0.0,0.0,0.0,0.0,0.0,0.0,0.0,0.0,0.0,0.0,0.0,0.0,0.0,0.0,0.0,960.0,-960.0,0.0,50.0,4,0.0,0.0,0.0,0.0,0.0,0.0,MID,Hull City,Chelsea,0,2026-09-12T14:00:00Z,34,2.0,2.0
288,Dowell,4,0,0.0,0.0,0.0,0.0,0.0,0.0,0.0,0.0,0.0,0.0,0.0,0.0,0.0,0.0,0.0,0.0,0.0,0.0,0.0,1448.0,4007.0,-2559.0,0.3,45.0,4,0.0,0.0,0.0,0.0,0.0,0.0,MID,Hull City,Chelsea,0,2026-09-12T14:00:00Z,34,2.0,2.0
289,Crooks,4,1,68.0,0.0,0.0,0.0,2.0,0.0,0.0,0.0,1.0,0.0,0.0,0.0,2.0,1.1,0.0,0.0,0.0,0.5499999999999998,1.0,3815.0,5464.0,-1649.0,0.5,45.0,4,11.0,0.3999999999999999,0.0,5.0,3.0,2.0,MID,Hull City,Chelsea,0,2026-09-12T14:00:00Z,34,2.0,2.0
290,Slater,4,2,90.0,0.0,0.0,0.0,2.0,0.0,0.0,0.0,0.0,0.0,0.0,0.0,22.0,5.299999999999999,0.04,0.1,0.14,0.91,1.0,72237.0,58177.0,14060.0,5.5,45.0,4,19.200000000000003,26.9,7.0,3.0,5.0,3.0,MID,Hull City,Chelsea,0,2026-09-12T14:00:00Z,34,2.0,2.0
291,Matazo,4,0,0.0,0.0,0.0,0.0,0.0,0.0,0.0,0.0,0.0,0.0,0.0,0.0,0.0,0.0,0.0,0.0,0.0,0.0,0.0,61.0,72.0,-11.0,0.0,45.0,4,0.0,0.0,0.0,0.0,0.0,0.0,MID,Hull City,Chelsea,0,2026-09-12T14:00:00Z,34,2.0,2.0
292,Ömür,4,0,0.0,0.0,0.0,0.0,0.0,0.0,0.0,0.0,0.0,0.0,0.0,0.0,0.0,0.0,0.0,0.0,0.0,0.0,0.0,271.0,300.0,-29.0,0.0,49.0,4,0.0,0.0,0.0,0.0,0.0,0.0,MID,Hull City,Chelsea,0,2026-09-12T14:00:00Z,34,2.0,2.0
293,Kamara,4,0,0.0,0.0,0.0,0.0,0.0,0.0,0.0,0.0,0.0,0.0,0.0,0.0,0.0,0.0,0.0,0.0,0.0,0.0,0.0,0.0,21.0,-21.0,0.0,50.0,4,0.0,0.0,0.0,0.0,0.0,0.0,MID,Hull City,Chelsea,0,2026-09-12T14:00:00Z,34,2.0,2.0
294,Zambrano,4,0,0.0,0.0,0.0,0.0,0.0,0.0,0.0,0.0,0.0,0.0,0.0,0.0,0.0,0.0,0.0,0.0,0.0,0.0,0.0,1228.0,1052.0,176.0,0.1,45.0,4,0.0,0.0,0.0,0.0,0.0,0.0,MID,Hull City,Chelsea,0,2026-09-12T14:00:00Z,34,2.0,2.0
295,McBurnie,4,4,81.0,0.0,1.0,0.0,2.0,0.0,0.0,0.0,1.0,0.0,0.0,0.0,17.0,5.299999999999999,0.3299999999999999,0.0399999999999999,0.37,0.7199999999999998,1.0,30777.0,25890.0,4887.0,2.0,55.0,4,23.6,10.799999999999995,19.0,2.0,0.0,1.0,FWD,Hull City,Chelsea,0,2026-09-12T14:00:00Z,34,2.0,2.0
296,Akintola,4,0,0.0,0.0,0.0,0.0,0.0,0.0,0.0,0.0,0.0,0.0,0.0,0.0,0.0,0.0,0.0,0.0,0.0,0.0,0.0,0.0,1185.0,-1185.0,0.0,50.0,4,0.0,0.0,0.0,0.0,0.0,0.0,MID,Hull City,Chelsea,0,2026-09-12T14:00:00Z,34,2.0,2.0
297,Gyabi,4,0,0.0,0.0,0.0,0.0,0.0,0.0,0.0,0.0,0.0,0.0,0.0,0.0,0.0,0.0,0.0,0.0,0.0,0.0,0.0,59.0,199.0,-140.0,0.0,45.0,4,0.0,0.0,0.0,0.0,0.0,0.0,MID,Hull City,Chelsea,0,2026-09-12T14:00:00Z,34,2.0,2.0
298,Destan,4,0,0.0,0.0,0.0,0.0,0.0,0.0,0.0,0.0,0.0,0.0,0.0,0.0,0.0,0.0,0.0,0.0,0.0,0.0,0.0,0.0,2545.0,-2545.0,0.2,45.0,4,0.0,0.0,0.0,0.0,0.0,0.0,FWD,Hull City,Chelsea,0,2026-09-12T14:00:00Z,34,2.0,2.0
299,Burstow,4,0,0.0,0.0,0.0,0.0,0.0,0.0,0.0,0.0,0.0,0.0,0.0,0.0,0.0,0.0,0.0,0.0,0.0,0.0,0.0,0.0,336.0,-336.0,0.0,45.0,4,0.0,0.0,0.0,0.0,0.0,0.0,FWD,Hull City,Chelsea,0,2026-09-12T14:00:00Z,34,2.0,2.0
340,Gelhardt,4,0,0.0,0.0,0.0,0.0,0.0,0.0,0.0,0.0,0.0,0.0,0.0,0.0,0.0,0.0,0.0,0.0,0.0,0.0,0.0,260.0,209.0,51.0,0.0,50.0,4,0.0,0.0,0.0,0.0,0.0,0.0,MID,Hull City,Chelsea,0,2026-09-12T14:00:00Z,34,2.0,2.0
556,Targett,4,0,0.0,0.0,0.0,0.0,0.0,0.0,0.0,0.0,0.0,0.0,0.0,0.0,0.0,0.0,0.0,0.0,0.0,0.0,0.0,4079.0,16205.0,-12126.0,1.8,40.0,4,0.0,0.0,0.0,0.0,0.0,0.0,DEF,Hull City,Chelsea,0,2026-09-12T14:00:00Z,34,2.0,2.0
563,Morita,4,0,0.0,0.0,0.0,0.0,0.0,0.0,0.0,0.0,0.0,0.0,0.0,0.0,0.0,0.0,0.0,0.0,0.0,0.0,0.0,28.0,418.0,-390.0,0.0,50.0,4,0.0,0.0,0.0,0.0,0.0,0.0,MID,Hull City,Chelsea,0,2026-09-12T14:00:00Z,34,2.0,2.0
572,Tzolakis,4,2,90.0,0.0,0.0,0.0,2.0,0.0,0.0,0.0,0.0,0.0,5.0,0.0,15.0,2.8999999999999995,0.0,0.0,0.0,0.91,1.0,149533.0,52202.0,97331.0,11.2,46.0,4,29.39999999999999,0.0,0.0,2.0,15.0,0.0,GK,Hull City,Chelsea,0,2026-09-12T14:00:00Z,34,2.0,2.0
574,Hjertø-Dahl,4,0,0.0,0.0,0.0,0.0,0.0,0.0,0.0,0.0,0.0,0.0,0.0,0.0,0.0,0.0,0.0,0.0,0.0,0.0,0.0,290.0,724.0,-434.0,0.1,49.0,4,0.0,0.0,0.0,0.0,0.0,0.0,MID,Hull City,Chelsea,0,2026-09-12T14:00:00Z,34,2.0,2.0
576,Stroud,4,1,59.0,0.0,0.0,0.0,1.0,0.0,0.0,0.0,0.0,0.0,0.0,0.0,3.0,0.1999999999999997,0.0099999999999999,0.0,0.0099999999999999,0.2600000000000007,1.0,632.0,817.0,-185.0,0.1,50.0,4,0.0,1.8000000000000007,1.0,0.0,3.0,2.0,MID,Hull City,Chelsea,0,2026-09-12T14:00:00Z,34,2.0,2.0
585,Herrington,4,1,31.0,0.0,0.0,0.0,1.0,0.0,0.0,0.0,0.0,0.0,0.0,0.0,-1.0,0.1999999999999999,0.0,0.01,0.01,0.6399999999999999,0.0,3177.0,3371.0,-194.0,0.6,40.0,4,1.599999999999998,0.3999999999999999,0.0,1.0,0.0,0.0,DEF,Hull City,Chelsea,0,2026-09-12T14:00:00Z,34,2.0,2.0
586,Mendy,4,1,58.0,0.0,0.0,0.0,1.0,0.0,0.0,0.0,0.0,0.0,0.0,0.0,3.0,1.299999999999999,0.0,0.0,0.0,0.2599999999999998,1.0,32396.0,139478.0,-107082.0,6.7,41.0,4,12.600000000000009,0.1999999999999999,0.0,5.0,0.0,2.0,DEF,Hull City,Chelsea,0,2026-09-12T14:00:00Z,34,2.0,2.0
589,Gourna-Douath,4,0,0.0,0.0,0.0,0.0,0.0,0.0,0.0,0.0,0.0,0.0,0.0,0.0,0.0,0.0,0.0,0.0,0.0,0.0,0.0,141.0,250.0,-109.0,0.0,50.0,4,0.0,0.0,0.0,0.0,0.0,0.0,MID,Hull City,Chelsea,0,2026-09-12T14:00:00Z,34,2.0,2.0
617,Cho,4,1,30.0,0.0,0.0,0.0,1.0,0.0,0.0,0.0,0.0,0.0,0.0,0.0,3.0,4.699999999999999,0.47,0.16,0.63,0.6399999999999999,0.0,361.0,215.0,146.0,0.0,50.0,4,7.199999999999999,18.5,21.0,1.0,1.0,0.0,MID,Hull City,Chelsea,0,2026-09-12T14:00:00Z,34,2.0,2.0
632,Ansah,4,0,0.0,0.0,0.0,0.0,0.0,0.0,0.0,0.0,0.0,0.0,0.0,0.0,0.0,0.0,0.0,0.0,0.0,0.0,0.0,131.0,1277.0,-1146.0,0.0,50.0,4,0.0,0.0,0.0,0.0,0.0,0.0,FWD,Hull City,Chelsea,0,2026-09-12T14:00:00Z,34,2.0,2.0
637,Vaz,4,1,8.0,0.0,0.0,0.0,0.0,0.0,0.0,0.0,0.0,0.0,0.0,0.0,3.0,0.0,0.0,0.0,0.0,0.18,0.0,5001.0,1505.0,3496.0,0.1,50.0,4,0.0,0.5,0.0,0.0,1.0,0.0,FWD,Hull City,Chelsea,0,2026-09-12T14:00:00Z,34,2.0,2.0
638,Norton-Cuffy,4,0,8.0,0.0,0.0,0.0,0.0,0.0,0.0,0.0,1.0,0.0,0.0,0.0,0.0,0.7,0.05,0.0,0.05,0.18,0.0,5009.0,3381.0,1628.0,0.3,40.0,4,0.0,0.3,7.0,0.0,2.0,0.0,DEF,Hull City,Chelsea,0,2026-09-12T14:00:00Z,34,2.0,2.0
642,Thomas,4,1,30.0,0.0,0.0,0.0,1.0,0.0,0.0,0.0,0.0,0.0,0.0,0.0,6.0,2.4,0.02,0.03,0.0499999999999999,0.64,0.0,1176.0,464.0,712.0,0.0,55.0,4,5.6000000000000005,14.8,4.0,0.0,4.0,0.0,MID,Hull City,Chelsea,0,2026-09-12T14:00:00Z,34,2.0,2.0
645,Mouzakitis,4,0,0.0,0.0,0.0,0.0,0.0,0.0,0.0,0.0,0.0,0.0,0.0,0.0,0.0,0.0,0.0,0.0,0.0,0.0,0.0,203.0,104.0,99.0,0.0,50.0,4,0.0,0.0,0.0,0.0,0.0,0.0,MID,Hull City,Chelsea,0,2026-09-12T14:00:00Z,34,2.0,2.0
259,Diop,4,1,90.0,0.0,0.0,0.0,2.0,0.0,0.0,0.0,0.0,0.0,0.0,0.0,8.0,1.9000000000000004,0.0,0.13,0.13,0.6200000000000001,1.0,20472.0,101084.0,-80612.0,13.4,40.0,4,15.0,1.799999999999999,2.0,6.0,5.0,1.0,DEF,Ipswich Town,Crystal Palace,0,2026-09-12T14:00:00Z,33,2.0,3.0
267,Lukić,4,1,76.0,0.0,0.0,0.0,2.0,0.0,0.0,0.0,1.0,0.0,0.0,0.0,8.0,3.6,0.0,0.1,0.0999999999999999,0.3500000000000005,1.0,404.0,1184.0,-780.0,0.1,50.0,4,10.199999999999996,23.500000000000007,2.0,5.0,4.0,1.0,MID,Ipswich Town,Crystal Palace,0,2026-09-12T14:00:00Z,33,2.0,3.0
300,Walton,4,0,0.0,0.0,0.0,0.0,0.0,0.0,0.0,0.0,0.0,0.0,0.0,0.0,0.0,0.0,0.0,0.0,0.0,0.0,0.0,754.0,1947.0,-1193.0,0.4,44.0,4,0.0,0.0,0.0,0.0,0.0,0.0,GK,Ipswich Town,Crystal Palace,0,2026-09-12T14:00:00Z,33,2.0,3.0
301,Palmer,4,0,0.0,0.0,0.0,0.0,0.0,0.0,0.0,0.0,0.0,0.0,0.0,0.0,0.0,0.0,0.0,0.0,0.0,0.0,0.0,9514.0,19377.0,-9863.0,4.0,40.0,4,0.0,0.0,0.0,0.0,0.0,0.0,GK,Ipswich Town,Crystal Palace,0,2026-09-12T14:00:00Z,33,2.0,3.0
302,Button,4,0,0.0,0.0,0.0,0.0,0.0,0.0,0.0,0.0,0.0,0.0,0.0,0.0,0.0,0.0,0.0,0.0,0.0,0.0,0.0,4836.0,2697.0,2139.0,0.6,40.0,4,0.0,0.0,0.0,0.0,0.0,0.0,GK,Ipswich Town,Crystal Palace,0,2026-09-12T14:00:00Z,33,2.0,3.0
303,Kipré,4,0,0.0,0.0,0.0,0.0,0.0,0.0,0.0,0.0,0.0,0.0,0.0,0.0,0.0,0.0,0.0,0.0,0.0,0.0,0.0,36495.0,8413.0,28082.0,1.0,39.0,4,0.0,0.0,0.0,0.0,0.0,0.0,DEF,Ipswich Town,Crystal Palace,0,2026-09-12T14:00:00Z,33,2.0,3.0
304,O'Shea,4,1,90.0,0.0,0.0,0.0,2.0,0.0,0.0,0.0,0.0,0.0,0.0,0.0,5.0,6.4,0.0,0.08,0.08,0.6200000000000001,1.0,8225.0,20282.0,-12057.0,2.8,40.0,4,29.60000000000001,30.8,4.0,7.0,2.0,2.0,DEF,Ipswich Town,Crystal Palace,0,2026-09-12T14:00:00Z,33,2.0,3.0
305,Davis,4,14,90.0,1.0,2.0,0.0,2.0,0.0,0.0,0.0,0.0,0.0,0.0,1.0,35.0,11.099999999999998,0.5199999999999999,0.19,0.7100000000000001,0.6200000000000001,1.0,173492.0,32641.0,140851.0,6.6,40.0,4,54.80000000000001,17.1,39.0,2.0,0.0,0.0,DEF,Ipswich Town,Crystal Palace,0,2026-09-12T14:00:00Z,33,2.0,3.0
306,Greaves,4,1,87.0,0.0,0.0,0.0,2.0,0.0,0.0,0.0,0.0,0.0,0.0,0.0,7.0,2.1,0.0,0.0099999999999999,0.0099999999999999,0.6200000000000001,1.0,1374.0,6547.0,-5173.0,1.1,40.0,4,18.8,1.9999999999999984,0.0,6.0,4.0,0.0,DEF,Ipswich Town,Crystal Palace,0,2026-09-12T14:00:00Z,33,2.0,3.0
307,Johnson,4,0,0.0,0.0,0.0,0.0,0.0,0.0,0.0,0.0,0.0,0.0,0.0,0.0,0.0,0.0,0.0,0.0,0.0,0.0,0.0,0.0,1093.0,-1093.0,0.1,40.0,4,0.0,0.0,0.0,0.0,0.0,0.0,DEF,Ipswich Town,Crystal Palace,0,2026-09-12T14:00:00Z,33,2.0,3.0
308,Furlong,4,0,0.0,0.0,0.0,0.0,0.0,0.0,0.0,0.0,0.0,0.0,0.0,0.0,0.0,0.0,0.0,0.0,0.0,0.0,0.0,3180.0,3041.0,139.0,0.5,39.0,4,0.0,0.0,0.0,0.0,0.0,0.0,DEF,Ipswich Town,Crystal Palace,0,2026-09-12T14:00:00Z,33,2.0,3.0
309,Núñez,4,0,0.0,0.0,0.0,0.0,0.0,0.0,0.0,0.0,0.0,0.0,0.0,0.0,0.0,0.0,0.0,0.0,0.0,0.0,0.0,306.0,1595.0,-1289.0,0.1,49.0,4,0.0,0.0,0.0,0.0,0.0,0.0,MID,Ipswich Town,Crystal Palace,0,2026-09-12T14:00:00Z,33,2.0,3.0
310,Matusiwa,4,0,0.0,0.0,0.0,0.0,0.0,0.0,0.0,0.0,0.0,0.0,0.0,0.0,0.0,0.0,0.0,0.0,0.0,0.0,0.0,51.0,35.0,16.0,0.0,49.0,4,0.0,0.0,0.0,0.0,0.0,0.0,MID,Ipswich Town,Crystal Palace,0,2026-09-12T14:00:00Z,33,2.0,3.0
311,Burns,4,0,0.0,0.0,0.0,0.0,0.0,0.0,0.0,0.0,0.0,0.0,0.0,0.0,0.0,0.0,0.0,0.0,0.0,0.0,0.0,0.0,21.0,-21.0,0.0,50.0,4,0.0,0.0,0.0,0.0,0.0,0.0,MID,Ipswich Town,Crystal Palace,0,2026-09-12T14:00:00Z,33,2.0,3.0
312,Taylor,4,0,0.0,0.0,0.0,0.0,0.0,0.0,0.0,0.0,0.0,0.0,0.0,0.0,0.0,0.0,0.0,0.0,0.0,0.0,0.0,84.0,322.0,-238.0,0.0,45.0,4,0.0,0.0,0.0,0.0,0.0,0.0,MID,Ipswich Town,Crystal Palace,0,2026-09-12T14:00:00Z,33,2.0,3.0
313,Clarke,4,1,62.0,0.0,0.0,0.0,1.0,0.0,0.0,0.0,1.0,0.0,0.0,0.0,8.0,3.9,0.15,0.02,0.17,0.1999999999999999,1.0,465.0,2608.0,-2143.0,0.2,54.0,4,5.0,13.0,21.0,0.0,1.0,1.0,MID,Ipswich Town,Crystal Palace,0,2026-09-12T14:00:00Z,33,2.0,3.0
314,Ogbene,4,0,0.0,0.0,0.0,0.0,0.0,0.0,0.0,0.0,0.0,0.0,0.0,0.0,0.0,0.0,0.0,0.0,0.0,0.0,0.0,0.0,149.0,-149.0,0.0,49.0,4,0.0,0.0,0.0,0.0,0.0,0.0,MID,Ipswich Town,Crystal Palace,0,2026-09-12T14:00:00Z,33,2.0,3.0
315,Fatawu,4,1,61.0,0.0,0.0,0.0,1.0,0.0,0.0,0.0,1.0,0.0,0.0,0.0,6.0,2.3999999999999986,0.0,0.0499999999999999,0.0499999999999999,0.2000000000000001,1.0,667.0,2377.0,-1710.0,0.2,54.0,4,6.200000000000003,11.300000000000011,6.0,2.0,3.0,2.0,MID,Ipswich Town,Crystal Palace,0,2026-09-12T14:00:00Z,33,2.0,3.0
316,Emersonn,4,12,62.0,1.0,1.0,0.0,1.0,0.0,0.0,0.0,0.0,0.0,0.0,3.0,45.0,9.2,0.4399999999999999,0.05,0.49,0.2000000000000001,1.0,133526.0,23435.0,110091.0,3.1,55.0,4,46.60000000000001,12.4,33.0,0.0,2.0,0.0,FWD,Ipswich Town,Crystal Palace,0,2026-09-12T14:00:00Z,33,2.0,3.0
317,Hirst,4,0,0.0,0.0,0.0,0.0,0.0,0.0,0.0,0.0,0.0,0.0,0.0,0.0,0.0,0.0,0.0,0.0,0.0,0.0,0.0,0.0,1206.0,-1206.0,0.1,50.0,4,0.0,0.0,0.0,0.0,0.0,0.0,FWD,Ipswich Town,Crystal Palace,0,2026-09-12T14:00:00Z,33,2.0,3.0
318,Philogene,4,1,28.0,0.0,0.0,0.0,1.0,0.0,0.0,0.0,0.0,0.0,0.0,0.0,6.0,1.3,0.02,0.0,0.01,0.41,0.0,85.0,385.0,-300.0,0.1,54.0,4,3.4,0.8,9.0,0.0,3.0,0.0,MID,Ipswich Town,Crystal Palace,0,2026-09-12T14:00:00Z,33,2.0,3.0
319,Szmodics,4,0,0.0,0.0,0.0,0.0,0.0,0.0,0.0,0.0,0.0,0.0,0.0,0.0,0.0,0.0,0.0,0.0,0.0,0.0,0.0,0.0,55.0,-55.0,0.0,50.0,4,0.0,0.0,0.0,0.0,0.0,0.0,MID,Ipswich Town,Crystal Palace,0,2026-09-12T14:00:00Z,33,2.0,3.0
320,Akpom,4,0,0.0,0.0,0.0,0.0,0.0,0.0,0.0,0.0,0.0,0.0,0.0,0.0,0.0,0.0,0.0,0.0,0.0,0.0,0.0,20602.0,19160.0,1442.0,1.2,50.0,4,0.0,0.0,0.0,0.0,0.0,0.0,FWD,Ipswich Town,Crystal Palace,0,2026-09-12T14:00:00Z,33,2.0,3.0
321,Walle Egeli,4,0,0.0,0.0,0.0,0.0,0.0,0.0,0.0,0.0,0.0,0.0,0.0,0.0,0.0,0.0,0.0,0.0,0.0,0.0,0.0,57139.0,43423.0,13716.0,3.7,45.0,4,0.0,0.0,0.0,0.0,0.0,0.0,FWD,Ipswich Town,Crystal Palace,0,2026-09-12T14:00:00Z,33,2.0,3.0
322,Al-Hamadi,4,0,0.0,0.0,0.0,0.0,0.0,0.0,0.0,0.0,0.0,0.0,0.0,0.0,0.0,0.0,0.0,0.0,0.0,0.0,0.0,0.0,909.0,-909.0,0.1,50.0,4,0.0,0.0,0.0,0.0,0.0,0.0,FWD,Ipswich Town,Crystal Palace,0,2026-09-12T14:00:00Z,33,2.0,3.0
323,McAteer,4,0,0.0,0.0,0.0,0.0,0.0,0.0,0.0,0.0,0.0,0.0,0.0,0.0,0.0,0.0,0.0,0.0,0.0,0.0,0.0,2352.0,12303.0,-9951.0,1.1,45.0,4,0.0,0.0,0.0,0.0,0.0,0.0,MID,Ipswich Town,Crystal Palace,0,2026-09-12T14:00:00Z,33,2.0,3.0
324,Mehmeti,4,0,0.0,0.0,0.0,0.0,0.0,0.0,0.0,0.0,0.0,0.0,0.0,0.0,0.0,0.0,0.0,0.0,0.0,0.0,0.0,62.0,314.0,-252.0,0.0,49.0,4,0.0,0.0,0.0,0.0,0.0,0.0,MID,Ipswich Town,Crystal Palace,0,2026-09-12T14:00:00Z,33,2.0,3.0
554,Van Oevelen,4,0,0.0,0.0,0.0,0.0,0.0,0.0,0.0,0.0,0.0,0.0,0.0,0.0,0.0,0.0,0.0,0.0,0.0,0.0,0.0,0.0,221.0,-221.0,0.0,45.0,4,0.0,0.0,0.0,0.0,0.0,0.0,GK,Ipswich Town,Crystal Palace,0,2026-09-12T14:00:00Z,33,2.0,3.0
562,Maeda,4,1,27.0,0.0,0.0,0.0,1.0,0.0,0.0,0.0,0.0,0.0,0.0,0.0,1.0,0.0,0.0,0.0,0.0,0.4100000000000001,0.0,247.0,3663.0,-3416.0,0.2,54.0,4,0.0,2.3000000000000003,0.0,0.0,0.0,0.0,MID,Ipswich Town,Crystal Palace,0,2026-09-12T14:00:00Z,33,2.0,3.0
564,Scherpen,4,1,90.0,0.0,0.0,0.0,2.0,0.0,0.0,0.0,0.0,0.0,2.0,0.0,6.0,1.5,0.0,0.0,0.0,0.6200000000000001,1.0,2952.0,3919.0,-967.0,0.6,45.0,4,15.0,0.0,0.0,3.0,9.0,0.0,GK,Ipswich Town,Crystal Palace,0,2026-09-12T14:00:00Z,33,2.0,3.0
571,Florentino,4,1,13.0,0.0,0.0,0.0,0.0,0.0,0.0,0.0,0.0,0.0,0.0,0.0,8.0,3.2,0.0,0.01,0.01,0.27,0.0,169.0,780.0,-611.0,0.1,49.0,4,9.0,21.3,2.0,1.0,0.0,1.0,MID,Ipswich Town,Crystal Palace,0,2026-09-12T14:00:00Z,33,2.0,3.0
591,Enciso,4,2,90.0,0.0,0.0,0.0,2.0,0.0,0.0,0.0,0.0,0.0,0.0,0.0,7.0,2.8999999999999986,0.05,0.1999999999999999,0.25,0.6200000000000001,1.0,9983.0,13457.0,-3474.0,0.8,55.0,4,2.199999999999996,13.800000000000004,13.0,1.0,4.0,0.0,MID,Ipswich Town,Crystal Palace,0,2026-09-12T14:00:00Z,33,2.0,3.0
592,Ouattara,4,1,2.0,0.0,0.0,0.0,0.0,0.0,0.0,0.0,0.0,0.0,0.0,0.0,5.0,0.2000000000000001,0.0,0.0,0.0,0.0,0.0,2489.0,4850.0,-2361.0,0.9,40.0,4,2.1999999999999997,0.1999999999999993,0.0,0.0,1.0,1.0,DEF,Ipswich Town,Crystal Palace,0,2026-09-12T14:00:00Z,33,2.0,3.0
602,Humphreys,4,0,0.0,0.0,0.0,0.0,0.0,0.0,0.0,0.0,0.0,0.0,0.0,0.0,0.0,0.0,0.0,0.0,0.0,0.0,0.0,0.0,474.0,-474.0,0.0,45.0,4,0.0,0.0,0.0,0.0,0.0,0.0,MID,Ipswich Town,Crystal Palace,0,2026-09-12T14:00:00Z,33,2.0,3.0
619,Palacios,4,4,90.0,0.0,0.0,0.0,2.0,0.0,0.0,0.0,0.0,0.0,0.0,0.0,14.0,2.6,0.0,0.04,0.04,0.6200000000000001,1.0,3780.0,1133.0,2647.0,0.1,50.0,4,18.0,5.899999999999999,2.0,5.0,5.0,3.0,MID,Ipswich Town,Crystal Palace,0,2026-09-12T14:00:00Z,33,2.0,3.0
640,Flemming,4,5,27.0,1.0,0.0,0.0,1.0,0.0,0.0,0.0,0.0,0.0,0.0,0.0,32.0,8.0,0.52,0.0,0.52,0.41,0.0,3591.0,1093.0,2498.0,0.1,55.0,4,35.0,1.3,44.0,1.0,1.0,0.0,FWD,Ipswich Town,Crystal Palace,0,2026-09-12T14:00:00Z,33,2.0,3.0
260,Wilson,4,1,18.0,0.0,0.0,0.0,1.0,0.0,0.0,0.0,0.0,0.0,0.0,0.0,4.0,0.7999999999999998,0.0,0.03,0.03,0.2999999999999998,0.0,3427.0,60379.0,-56952.0,2.3,62.0,4,3.1999999999999997,4.699999999999996,0.0,1.0,0.0,1.0,MID,Leeds,Newcastle,1,2026-09-14T19:00:00Z,39,4.0,1.0
326,Perri,4,0,0.0,0.0,0.0,0.0,0.0,0.0,0.0,0.0,0.0,0.0,0.0,0.0,0.0,0.0,0.0,0.0,0.0,0.0,0.0,0.0,3204.0,-3204.0,0.3,45.0,4,0.0,0.0,0.0,0.0,0.0,0.0,GK,Leeds,Newcastle,1,2026-09-14T19:00:00Z,39,4.0,1.0
327,Bijol,4,0,0.0,0.0,0.0,0.0,0.0,0.0,0.0,0.0,0.0,0.0,0.0,0.0,0.0,0.0,0.0,0.0,0.0,0.0,0.0,3465.0,11979.0,-8514.0,0.7,50.0,4,0.0,0.0,0.0,0.0,0.0,0.0,DEF,Leeds,Newcastle,1,2026-09-14T19:00:00Z,39,4.0,1.0
329,Rodon,4,0,0.0,0.0,0.0,0.0,0.0,0.0,0.0,0.0,0.0,0.0,0.0,0.0,0.0,0.0,0.0,0.0,0.0,0.0,0.0,62.0,35869.0,-35807.0,0.9,44.0,4,0.0,0.0,0.0,0.0,0.0,0.0,DEF,Leeds,Newcastle,1,2026-09-14T19:00:00Z,39,4.0,1.0
330,Bogle,4,15,82.0,1.0,0.0,1.0,0.0,0.0,0.0,0.0,0.0,0.0,0.0,3.0,45.0,13.7,0.41,0.05,0.4599999999999998,0.5900000000000001,1.0,298516.0,21851.0,276665.0,5.2,46.0,4,47.8,18.5,71.0,1.0,1.0,2.0,DEF,Leeds,Newcastle,1,2026-09-14T19:00:00Z,39,4.0,1.0
331,Gudmundsson,4,6,72.0,0.0,0.0,1.0,0.0,0.0,0.0,0.0,0.0,0.0,0.0,0.0,26.0,2.3,0.0,0.18,0.18,0.5800000000000001,1.0,1386.0,485.0,901.0,0.1,45.0,4,10.000000000000002,8.600000000000001,4.0,1.0,2.0,3.0,DEF,Leeds,Newcastle,1,2026-09-14T19:00:00Z,39,4.0,1.0
332,Justin,4,2,90.0,0.0,0.0,0.0,1.0,0.0,0.0,0.0,0.0,0.0,0.0,0.0,11.0,4.800000000000001,0.0,0.2799999999999999,0.2799999999999999,0.8800000000000008,1.0,10397.0,11935.0,-1538.0,1.5,45.0,4,18.40000000000001,25.6,4.0,3.0,1.0,2.0,DEF,Leeds,Newcastle,1,2026-09-14T19:00:00Z,39,4.0,1.0
333,Bornauw,4,0,0.0,0.0,0.0,0.0,0.0,0.0,0.0,0.0,0.0,0.0,0.0,0.0,0.0,0.0,0.0,0.0,0.0,0.0,0.0,0.0,21.0,-21.0,0.0,45.0,4,0.0,0.0,0.0,0.0,0.0,0.0,DEF,Leeds,Newcastle,1,2026-09-14T19:00:00Z,39,4.0,1.0
334,Muharemović,4,7,90.0,0.0,1.0,0.0,1.0,0.0,0.0,0.0,0.0,0.0,0.0,0.0,27.0,4.999999999999998,0.0,0.02,0.02,0.8800000000000008,1.0,69365.0,27622.0,41743.0,4.3,50.0,4,37.0,10.5,2.0,10.0,5.0,1.0,DEF,Leeds,Newcastle,1,2026-09-14T19:00:00Z,39,4.0,1.0
335,Stach,4,3,87.0,0.0,0.0,1.0,0.0,0.0,0.0,0.0,0.0,0.0,0.0,0.0,16.0,6.399999999999999,0.43,0.07,0.4999999999999999,0.5900000000000007,1.0,20535.0,30498.0,-9963.0,2.7,60.0,4,12.0,40.400000000000006,12.0,3.0,5.0,2.0,MID,Leeds,Newcastle,1,2026-09-14T19:00:00Z,39,4.0,1.0
336,Okafor,4,9,71.0,1.0,0.0,1.0,0.0,0.0,0.0,0.0,0.0,0.0,0.0,1.0,35.0,8.0,0.0699999999999999,0.08,0.1499999999999999,0.5799999999999998,1.0,14058.0,4684.0,9374.0,0.4,58.0,4,41.400000000000006,17.799999999999997,21.0,1.0,3.0,2.0,MID,Leeds,Newcastle,1,2026-09-14T19:00:00Z,39,4.0,1.0
337,Aaronson,4,1,18.0,0.0,0.0,0.0,1.0,0.0,0.0,0.0,0.0,0.0,0.0,0.0,4.0,0.2999999999999998,0.0,0.0,0.0,0.2999999999999998,0.0,791.0,7695.0,-6904.0,0.5,54.0,4,0.200000000000001,0.2999999999999998,2.0,0.0,1.0,0.0,MID,Leeds,Newcastle,1,2026-09-14T19:00:00Z,39,4.0,1.0
338,Ampadu,4,7,90.0,0.0,1.0,0.0,1.0,0.0,0.0,0.0,0.0,0.0,0.0,0.0,25.0,1.4000000000000004,0.07,0.0199999999999999,0.09,0.8800000000000008,1.0,4647.0,9345.0,-4698.0,1.0,54.0,4,8.0,1.6999999999999955,4.0,2.0,9.0,1.0,MID,Leeds,Newcastle,1,2026-09-14T19:00:00Z,39,4.0,1.0
339,Longstaff,4,1,2.0,0.0,0.0,0.0,1.0,0.0,0.0,0.0,0.0,0.0,0.0,0.0,4.0,0.0,0.0,0.0,0.0,0.2799999999999999,0.0,431.0,1305.0,-874.0,0.1,49.0,4,0.0,0.0,0.0,0.0,0.0,0.0,MID,Leeds,Newcastle,1,2026-09-14T19:00:00Z,39,4.0,1.0
341,Gnonto,4,0,0.0,0.0,0.0,0.0,0.0,0.0,0.0,0.0,0.0,0.0,0.0,0.0,0.0,0.0,0.0,0.0,0.0,0.0,0.0,0.0,177.0,-177.0,0.0,50.0,4,0.0,0.0,0.0,0.0,0.0,0.0,MID,Leeds,Newcastle,1,2026-09-14T19:00:00Z,39,4.0,1.0
342,Harrison,4,0,0.0,0.0,0.0,0.0,0.0,0.0,0.0,0.0,0.0,0.0,0.0,0.0,0.0,0.0,0.0,0.0,0.0,0.0,0.0,0.0,10.0,-10.0,0.0,50.0,4,0.0,0.0,0.0,0.0,0.0,0.0,MID,Leeds,Newcastle,1,2026-09-14T19:00:00Z,39,4.0,1.0
343,James,4,1,7.0,0.0,0.0,0.0,1.0,0.0,0.0,0.0,0.0,0.0,0.0,0.0,4.0,0.2999999999999998,0.1099999999999999,0.0,0.1099999999999999,0.2799999999999999,0.0,661.0,1303.0,-642.0,0.1,49.0,4,0.0,0.0,3.0,0.0,2.0,0.0,MID,Leeds,Newcastle,1,2026-09-14T19:00:00Z,39,4.0,1.0
344,Gruev,4,0,0.0,0.0,0.0,0.0,0.0,0.0,0.0,0.0,0.0,0.0,0.0,0.0,0.0,0.0,0.0,0.0,0.0,0.0,0.0,12.0,40.0,-28.0,0.0,50.0,4,0.0,0.0,0.0,0.0,0.0,0.0,MID,Leeds,Newcastle,1,2026-09-14T19:00:00Z,39,4.0,1.0
345,Tanaka,4,6,71.0,0.0,1.0,1.0,0.0,0.0,0.0,0.0,0.0,0.0,0.0,0.0,24.0,1.3999999999999997,0.0599999999999999,0.03,0.0899999999999999,0.5800000000000001,1.0,8257.0,2969.0,5288.0,0.3,49.0,4,9.200000000000005,3.1000000000000014,2.0,1.0,2.0,2.0,MID,Leeds,Newcastle,1,2026-09-14T19:00:00Z,39,4.0,1.0
346,Calvert-Lewin,4,10,77.0,1.0,1.0,1.0,0.0,0.0,0.0,0.0,1.0,0.0,0.0,2.0,37.0,13.000000000000002,0.8699999999999999,0.0,0.8700000000000001,0.5899999999999999,1.0,365453.0,165823.0,199630.0,24.8,60.0,4,51.0,12.2,67.0,1.0,4.0,0.0,FWD,Leeds,Newcastle,1,2026-09-14T19:00:00Z,39,4.0,1.0
347,Nmecha,4,1,12.0,0.0,0.0,0.0,1.0,0.0,0.0,0.0,0.0,0.0,0.0,0.0,4.0,0.0999999999999996,0.0,0.0099999999999999,0.01,0.2799999999999998,0.0,5655.0,6747.0,-1092.0,0.5,54.0,4,0.1999999999999993,0.2999999999999971,0.0,0.0,1.0,0.0,FWD,Leeds,Newcastle,1,2026-09-14T19:00:00Z,39,4.0,1.0
348,Piroe,4,0,0.0,0.0,0.0,0.0,0.0,0.0,0.0,0.0,0.0,0.0,0.0,0.0,0.0,0.0,0.0,0.0,0.0,0.0,0.0,0.0,918.0,-918.0,0.1,50.0,4,0.0,0.0,0.0,0.0,0.0,0.0,FWD,Leeds,Newcastle,1,2026-09-14T19:00:00Z,39,4.0,1.0
349,Mateo Joseph,4,0,0.0,0.0,0.0,0.0,0.0,0.0,0.0,0.0,0.0,0.0,0.0,0.0,0.0,0.0,0.0,0.0,0.0,0.0,0.0,636.0,726.0,-90.0,0.1,45.0,4,0.0,0.0,0.0,0.0,0.0,0.0,FWD,Leeds,Newcastle,1,2026-09-14T19:00:00Z,39,4.0,1.0
385,Trafford,4,3,90.0,0.0,0.0,0.0,1.0,0.0,0.0,0.0,0.0,0.0,4.0,0.0,17.0,2.9000000000000004,0.0,0.0,0.0,0.8800000000000008,1.0,30316.0,30763.0,-447.0,5.5,50.0,4,29.0,0.0,0.0,4.0,8.0,0.0,GK,Leeds,Newcastle,1,2026-09-14T19:00:00Z,39,4.0,1.0
598,Elvedi,4,2,90.0,0.0,0.0,0.0,1.0,0.0,0.0,0.0,0.0,0.0,0.0,0.0,8.0,3.000000000000001,0.05,0.0,0.05,0.8799999999999999,1.0,874.0,470.0,404.0,0.0,45.0,4,18.6,0.9000000000000021,10.0,8.0,3.0,1.0,DEF,Leeds,Newcastle,1,2026-09-14T19:00:00Z,39,4.0,1.0
604,Cresswell,4,0,0.0,0.0,0.0,0.0,0.0,0.0,0.0,0.0,0.0,0.0,0.0,0.0,0.0,0.0,0.0,0.0,0.0,0.0,0.0,1337.0,1788.0,-451.0,0.1,45.0,4,0.0,0.0,0.0,0.0,0.0,0.0,MID,Leeds,Newcastle,1,2026-09-14T19:00:00Z,39,4.0,1.0
625,Cairns,4,0,0.0,0.0,0.0,0.0,0.0,0.0,0.0,0.0,0.0,0.0,0.0,0.0,0.0,0.0,0.0,0.0,0.0,0.0,0.0,3352.0,1468.0,1884.0,0.2,40.0,4,0.0,0.0,0.0,0.0,0.0,0.0,GK,Leeds,Newcastle,1,2026-09-14T19:00:00Z,39,4.0,1.0
629,Zetterer,4,0,0.0,0.0,0.0,0.0,0.0,0.0,0.0,0.0,0.0,0.0,0.0,0.0,0.0,0.0,0.0,0.0,0.0,0.0,0.0,17762.0,4662.0,13100.0,0.7,40.0,4,0.0,0.0,0.0,0.0,0.0,0.0,GK,Leeds,Newcastle,1,2026-09-14T19:00:00Z,39,4.0,1.0
641,Bard,4,1,18.0,0.0,0.0,0.0,1.0,0.0,0.0,0.0,0.0,0.0,0.0,0.0,1.0,1.5,0.0,0.0,0.0,0.3,0.0,342.0,135.0,207.0,0.0,45.0,4,4.4,10.3,0.0,1.0,2.0,1.0,DEF,Leeds,Newcastle,1,2026-09-14T19:00:00Z,39,4.0,1.0
648,Bahoya,4,0,0.0,0.0,0.0,0.0,0.0,0.0,0.0,0.0,0.0,0.0,0.0,0.0,0.0,0.0,0.0,0.0,0.0,0.0,0.0,357.0,370.0,-13.0,0.0,50.0,4,0.0,0.0,0.0,0.0,0.0,0.0,MID,Leeds,Newcastle,1,2026-09-14T19:00:00Z,39,4.0,1.0
350,A.Becker,4,9,90.0,0.0,0.0,1.0,0.0,0.0,0.0,0.0,0.0,0.0,3.0,2.0,29.0,2.1000000000000005,0.0,0.0,0.0,0.7000000000000002,1.0,21464.0,21996.0,-532.0,3.9,55.0,4,21.0,0.0,0.0,0.0,14.0,0.0,GK,Liverpool,Fulham,1,2026-09-12T14:00:00Z,37,0.0,0.0
351,Mamardashvili,4,0,0.0,0.0,0.0,0.0,0.0,0.0,0.0,0.0,0.0,0.0,0.0,0.0,0.0,0.0,0.0,0.0,0.0,0.0,0.0,398.0,1247.0,-849.0,0.1,49.0,4,0.0,0.0,0.0,0.0,0.0,0.0,GK,Liverpool,Fulham,1,2026-09-12T14:00:00Z,37,0.0,0.0
352,Woodman,4,0,0.0,0.0,0.0,0.0,0.0,0.0,0.0,0.0,0.0,0.0,0.0,0.0,0.0,0.0,0.0,0.0,0.0,0.0,0.0,2390.0,4218.0,-1828.0,1.0,40.0,4,0.0,0.0,0.0,0.0,0.0,0.0,GK,Liverpool,Fulham,1,2026-09-12T14:00:00Z,37,0.0,0.0
353,Pecsi,4,0,0.0,0.0,0.0,0.0,0.0,0.0,0.0,0.0,0.0,0.0,0.0,0.0,0.0,0.0,0.0,0.0,0.0,0.0,0.0,0.0,108.0,-108.0,0.0,40.0,4,0.0,0.0,0.0,0.0,0.0,0.0,GK,Liverpool,Fulham,1,2026-09-12T14:00:00Z,37,0.0,0.0
354,Jaros,4,0,0.0,0.0,0.0,0.0,0.0,0.0,0.0,0.0,0.0,0.0,0.0,0.0,0.0,0.0,0.0,0.0,0.0,0.0,0.0,244.0,163.0,81.0,0.0,40.0,4,0.0,0.0,0.0,0.0,0.0,0.0,GK,Liverpool,Fulham,1,2026-09-12T14:00:00Z,37,0.0,0.0
355,Davies,4,0,0.0,0.0,0.0,0.0,0.0,0.0,0.0,0.0,0.0,0.0,0.0,0.0,0.0,0.0,0.0,0.0,0.0,0.0,0.0,833.0,762.0,71.0,0.2,40.0,4,0.0,0.0,0.0,0.0,0.0,0.0,GK,Liverpool,Fulham,1,2026-09-12T14:00:00Z,37,0.0,0.0
356,Virgil,4,8,90.0,0.0,0.0,1.0,0.0,0.0,0.0,0.0,0.0,0.0,0.0,0.0,25.0,3.9,0.0,0.01,0.01,0.7000000000000002,1.0,35918.0,81754.0,-45836.0,16.5,65.0,4,25.8,12.8,0.0,10.0,1.0,0.0,DEF,Liverpool,Fulham,1,2026-09-12T14:00:00Z,37,0.0,0.0
357,Frimpong,4,1,18.0,0.0,0.0,0.0,0.0,0.0,0.0,0.0,0.0,0.0,0.0,0.0,12.0,4.0,0.0,0.12,0.12,0.1,0.0,2958.0,41344.0,-38386.0,1.9,53.0,4,13.0,24.9,2.0,3.0,1.0,1.0,DEF,Liverpool,Fulham,1,2026-09-12T14:00:00Z,37,0.0,0.0
358,Kerkez,4,1,45.0,0.0,0.0,0.0,0.0,0.0,0.0,0.0,0.0,0.0,0.0,0.0,6.0,1.700000000000001,0.0,0.01,0.0099999999999999,0.3000000000000007,0.0,3459.0,37936.0,-34477.0,2.3,54.0,4,9.799999999999995,7.100000000000001,0.0,2.0,0.0,1.0,DEF,Liverpool,Fulham,1,2026-09-12T14:00:00Z,37,0.0,0.0
359,Gomez,4,0,0.0,0.0,0.0,0.0,0.0,0.0,0.0,0.0,0.0,0.0,0.0,0.0,0.0,0.0,0.0,0.0,0.0,0.0,0.0,140.0,105.0,35.0,0.0,49.0,4,0.0,0.0,0.0,0.0,0.0,0.0,DEF,Liverpool,Fulham,1,2026-09-12T14:00:00Z,37,0.0,0.0
360,Bradley,4,0,0.0,0.0,0.0,0.0,0.0,0.0,0.0,0.0,0.0,0.0,0.0,0.0,0.0,0.0,0.0,0.0,0.0,0.0,0.0,51.0,104.0,-53.0,0.0,50.0,4,0.0,0.0,0.0,0.0,0.0,0.0,DEF,Liverpool,Fulham,1,2026-09-12T14:00:00Z,37,0.0,0.0
361,Lucky,4,0,0.0,0.0,0.0,0.0,0.0,0.0,0.0,0.0,0.0,0.0,0.0,0.0,0.0,0.0,0.0,0.0,0.0,0.0,0.0,697.0,1082.0,-385.0,0.1,40.0,4,0.0,0.0,0.0,0.0,0.0,0.0,DEF,Liverpool,Fulham,1,2026-09-12T14:00:00Z,37,0.0,0.0
362,Jacquet,4,9,90.0,0.0,0.0,1.0,0.0,0.0,0.0,0.0,0.0,0.0,0.0,3.0,36.0,2.4000000000000004,0.0,0.0199999999999999,0.0199999999999999,0.7000000000000002,1.0,65096.0,17614.0,47482.0,3.2,50.0,4,20.200000000000003,3.299999999999997,0.0,4.0,5.0,1.0,DEF,Liverpool,Fulham,1,2026-09-12T14:00:00Z,37,0.0,0.0
363,Leoni,4,0,0.0,0.0,0.0,0.0,0.0,0.0,0.0,0.0,0.0,0.0,0.0,0.0,0.0,0.0,0.0,0.0,0.0,0.0,0.0,114.0,326.0,-212.0,0.0,40.0,4,0.0,0.0,0.0,0.0,0.0,0.0,DEF,Liverpool,Fulham,1,2026-09-12T14:00:00Z,37,0.0,0.0
364,Tsimikas,4,1,45.0,0.0,0.0,0.0,0.0,0.0,0.0,0.0,0.0,0.0,0.0,0.0,2.0,0.4000000000000001,0.0,0.01,0.0099999999999999,0.3999999999999999,1.0,303.0,628.0,-325.0,0.1,49.0,4,2.8000000000000003,1.6,0.0,2.0,3.0,1.0,DEF,Liverpool,Fulham,1,2026-09-12T14:00:00Z,37,0.0,0.0
365,Ramsay,4,0,0.0,0.0,0.0,0.0,0.0,0.0,0.0,0.0,0.0,0.0,0.0,0.0,0.0,0.0,0.0,0.0,0.0,0.0,0.0,0.0,1105.0,-1105.0,0.1,40.0,4,0.0,0.0,0.0,0.0,0.0,0.0,DEF,Liverpool,Fulham,1,2026-09-12T14:00:00Z,37,0.0,0.0
366,Wirtz,4,3,90.0,0.0,0.0,1.0,0.0,0.0,0.0,0.0,0.0,0.0,0.0,0.0,14.0,5.100000000000001,0.1099999999999999,0.06,0.1699999999999999,0.7000000000000002,1.0,10636.0,155179.0,-144543.0,6.4,73.0,4,7.599999999999994,31.8,12.0,2.0,6.0,1.0,MID,Liverpool,Fulham,1,2026-09-12T14:00:00Z,37,0.0,0.0
367,Gakpo,4,1,30.0,0.0,0.0,0.0,0.0,0.0,0.0,0.0,0.0,0.0,0.0,0.0,3.0,0.9000000000000021,0.08,0.02,0.0999999999999998,0.1600000000000001,0.0,150688.0,178428.0,-27740.0,12.5,72.0,4,0.7999999999999972,1.2999999999999972,7.0,0.0,2.0,0.0,MID,Liverpool,Fulham,1,2026-09-12T14:00:00Z,37,0.0,0.0
368,Szoboszlai,4,3,90.0,0.0,0.0,1.0,0.0,0.0,0.0,0.0,0.0,0.0,0.0,0.0,25.0,8.100000000000001,0.1200000000000001,0.28,0.3999999999999999,0.7000000000000002,1.0,112557.0,428234.0,-315677.0,35.0,70.0,4,16.0,55.7,9.0,3.0,3.0,0.0,MID,Liverpool,Fulham,1,2026-09-12T14:00:00Z,37,0.0,0.0
369,Ngumoha,4,1,18.0,0.0,0.0,0.0,0.0,0.0,0.0,0.0,0.0,0.0,0.0,0.0,-1.0,0.3,0.1099999999999999,0.0,0.11,0.1,0.0,1888.0,10338.0,-8450.0,0.5,58.0,4,0.0,0.7999999999999998,4.0,1.0,0.0,0.0,MID,Liverpool,Fulham,1,2026-09-12T14:00:00Z,37,0.0,0.0
370,Chiesa,4,0,0.0,0.0,0.0,0.0,0.0,0.0,0.0,0.0,0.0,0.0,0.0,0.0,0.0,0.0,0.0,0.0,0.0,0.0,0.0,16.0,643.0,-627.0,0.0,54.0,4,0.0,0.0,0.0,0.0,0.0,0.0,MID,Liverpool,Fulham,1,2026-09-12T14:00:00Z,37,0.0,0.0
371,Gravenberch,4,1,59.0,0.0,0.0,0.0,0.0,0.0,0.0,0.0,0.0,0.0,0.0,0.0,13.0,3.3000000000000007,0.04,0.01,0.05,0.5399999999999998,1.0,3471.0,21439.0,-17968.0,1.2,59.0,4,19.6,11.400000000000002,2.0,7.0,1.0,2.0,MID,Liverpool,Fulham,1,2026-09-12T14:00:00Z,37,0.0,0.0
372,Mac Allister,4,1,30.0,0.0,0.0,0.0,0.0,0.0,0.0,0.0,0.0,0.0,0.0,0.0,7.0,3.6,0.02,0.02,0.04,0.1599999999999997,0.0,10749.0,17628.0,-6879.0,1.3,54.0,4,9.200000000000005,22.4,4.0,2.0,1.0,1.0,MID,Liverpool,Fulham,1,2026-09-12T14:00:00Z,37,0.0,0.0
373,C.Jones,4,0,0.0,0.0,0.0,0.0,0.0,0.0,0.0,0.0,0.0,0.0,0.0,0.0,0.0,0.0,0.0,0.0,0.0,0.0,0.0,0.0,147.0,-147.0,0.0,55.0,4,0.0,0.0,0.0,0.0,0.0,0.0,MID,Liverpool,Fulham,1,2026-09-12T14:00:00Z,37,0.0,0.0
376,Bajcetic,4,0,0.0,0.0,0.0,0.0,0.0,0.0,0.0,0.0,0.0,0.0,0.0,0.0,0.0,0.0,0.0,0.0,0.0,0.0,0.0,0.0,9.0,-9.0,0.0,50.0,4,0.0,0.0,0.0,0.0,0.0,0.0,MID,Liverpool,Fulham,1,2026-09-12T14:00:00Z,37,0.0,0.0
377,Munoz,4,1,59.0,0.0,0.0,0.0,0.0,0.0,0.0,0.0,0.0,0.0,0.0,0.0,5.0,4.200000000000001,0.1,0.0,0.0999999999999999,0.54,1.0,6870.0,27149.0,-20279.0,1.0,65.0,4,3.3999999999999986,1.3999999999999986,37.0,0.0,2.0,0.0,MID,Liverpool,Fulham,1,2026-09-12T14:00:00Z,37,0.0,0.0
378,McConnell,4,0,0.0,0.0,0.0,0.0,0.0,0.0,0.0,0.0,0.0,0.0,0.0,0.0,0.0,0.0,0.0,0.0,0.0,0.0,0.0,2350.0,2334.0,16.0,0.2,44.0,4,0.0,0.0,0.0,0.0,0.0,0.0,MID,Liverpool,Fulham,1,2026-09-12T14:00:00Z,37,0.0,0.0
379,Isak,4,2,90.0,0.0,0.0,1.0,0.0,0.0,0.0,0.0,0.0,0.0,0.0,0.0,5.0,3.199999999999996,0.5,0.0,0.5,0.7000000000000002,1.0,166937.0,209675.0,-42738.0,21.8,91.0,4,1.1999999999999886,2.8000000000000007,28.0,0.0,1.0,0.0,FWD,Liverpool,Fulham,1,2026-09-12T14:00:00Z,37,0.0,0.0
374,Endo,4,0,0.0,0.0,0.0,0.0,0.0,0.0,0.0,0.0,0.0,0.0,0.0,0.0,0.0,0.0,0.0,0.0,0.0,0.0,0.0,334.0,778.0,-444.0,0.1,49.0,4,0.0,0.0,0.0,0.0,0.0,0.0,MID,Liverpool,Fulham,1,2026-09-12T14:00:00Z,37,0.0,0.0
375,Nyoni,4,0,0.0,0.0,0.0,0.0,0.0,0.0,0.0,0.0,0.0,0.0,0.0,0.0,0.0,0.0,0.0,0.0,0.0,0.0,0.0,180.0,511.0,-331.0,0.0,49.0,4,0.0,0.0,0.0,0.0,0.0,0.0,MID,Liverpool,Fulham,1,2026-09-12T14:00:00Z,37,0.0,0.0
380,Ekitiké,4,0,0.0,0.0,0.0,0.0,0.0,0.0,0.0,0.0,0.0,0.0,0.0,0.0,0.0,0.0,0.0,0.0,0.0,0.0,0.0,358.0,1128.0,-770.0,0.1,74.0,4,0.0,0.0,0.0,0.0,0.0,0.0,FWD,Liverpool,Fulham,1,2026-09-12T14:00:00Z,37,0.0,0.0
381,Koumas,4,0,0.0,0.0,0.0,0.0,0.0,0.0,0.0,0.0,0.0,0.0,0.0,0.0,0.0,0.0,0.0,0.0,0.0,0.0,0.0,187.0,274.0,-87.0,0.0,50.0,4,0.0,0.0,0.0,0.0,0.0,0.0,MID,Liverpool,Fulham,1,2026-09-12T14:00:00Z,37,0.0,0.0
382,Danns,4,0,0.0,0.0,0.0,0.0,0.0,0.0,0.0,0.0,0.0,0.0,0.0,0.0,0.0,0.0,0.0,0.0,0.0,0.0,0.0,8200.0,2920.0,5280.0,0.2,45.0,4,0.0,0.0,0.0,0.0,0.0,0.0,FWD,Liverpool,Fulham,1,2026-09-12T14:00:00Z,37,0.0,0.0
383,Elliott,4,0,0.0,0.0,0.0,0.0,0.0,0.0,0.0,0.0,0.0,0.0,0.0,0.0,0.0,0.0,0.0,0.0,0.0,0.0,0.0,0.0,587.0,-587.0,0.0,54.0,4,0.0,0.0,0.0,0.0,0.0,0.0,MID,Liverpool,Fulham,1,2026-09-12T14:00:00Z,37,0.0,0.0
579,Araujo,4,6,71.0,0.0,0.0,1.0,0.0,0.0,0.0,0.0,0.0,0.0,0.0,0.0,24.0,1.4000000000000004,0.0,0.0,0.0,0.5999999999999999,1.0,38947.0,15679.0,23268.0,2.9,54.0,4,9.799999999999995,1.7999999999999998,2.0,3.0,5.0,1.0,DEF,Liverpool,Fulham,1,2026-09-12T14:00:00Z,37,0.0,0.0
627,Barcola,4,3,71.0,0.0,0.0,1.0,0.0,0.0,0.0,0.0,0.0,0.0,0.0,0.0,9.0,2.7,0.21,0.03,0.24,0.6,1.0,31188.0,41373.0,-10185.0,1.9,80.0,4,5.6,13.6,8.0,0.0,2.0,3.0,MID,Liverpool,Fulham,1,2026-09-12T14:00:00Z,37,0.0,0.0
155,Enzo,4,2,81.0,0.0,0.0,1.0,0.0,0.0,0.0,0.0,1.0,0.0,0.0,0.0,17.0,4.6000000000000005,0.18,0.13,0.3099999999999999,0.5,1.0,47813.0,30741.0,17072.0,3.4,69.0,4,10.4,20.700000000000003,15.0,4.0,4.0,2.0,MID,Man City,Man Utd,0,2026-09-13T15:30:00Z,38,0.0,1.0
237,Ndiaye,4,1,45.0,0.0,0.0,0.0,0.0,0.0,0.0,0.0,0.0,0.0,0.0,0.0,15.0,1.3999999999999986,0.0,0.01,0.01,0.7999999999999998,0.0,35638.0,184167.0,-148529.0,7.5,59.0,4,9.800000000000004,1.7999999999999972,2.0,3.0,6.0,1.0,MID,Man City,Man Utd,0,2026-09-13T15:30:00Z,38,0.0,1.0
384,Donnarumma,4,7,90.0,0.0,0.0,1.0,0.0,0.0,0.0,0.0,0.0,0.0,3.0,0.0,29.0,2.1,0.0,0.0,0.0,1.0,1.0,46416.0,41600.0,4816.0,7.8,55.0,4,20.6,0.0,0.0,0.0,10.0,0.0,GK,Man City,Man Utd,0,2026-09-13T15:30:00Z,38,0.0,1.0
386,Bettinelli,4,0,0.0,0.0,0.0,0.0,0.0,0.0,0.0,0.0,0.0,0.0,0.0,0.0,0.0,0.0,0.0,0.0,0.0,0.0,0.0,79.0,175.0,-96.0,0.0,45.0,4,0.0,0.0,0.0,0.0,0.0,0.0,GK,Man City,Man Utd,0,2026-09-13T15:30:00Z,38,0.0,1.0
387,O'Reilly,4,1,8.0,0.0,0.0,0.0,0.0,0.0,0.0,0.0,0.0,0.0,0.0,0.0,3.0,0.1000000000000005,0.0,0.0,0.0,0.5,0.0,11609.0,173105.0,-161496.0,11.9,64.0,4,0.0,0.5,0.0,0.0,1.0,0.0,DEF,Man City,Man Utd,0,2026-09-13T15:30:00Z,38,0.0,1.0
388,Guéhi,4,6,90.0,0.0,0.0,1.0,0.0,0.0,0.0,0.0,0.0,0.0,0.0,0.0,27.0,1.900000000000002,0.0,0.0,0.0,1.0,1.0,74871.0,69643.0,5228.0,18.5,60.0,4,16.60000000000001,0.6000000000000014,2.0,7.0,3.0,0.0,DEF,Man City,Man Utd,0,2026-09-13T15:30:00Z,38,0.0,1.0
389,Matheus N.,4,9,90.0,0.0,0.0,1.0,0.0,0.0,0.0,0.0,0.0,0.0,0.0,1.0,34.0,3.3000000000000003,0.0,0.01,0.01,1.0,1.0,5896.0,4286.0,1610.0,1.0,59.0,4,31.2,1.5,0.0,9.0,8.0,2.0,DEF,Man City,Man Utd,0,2026-09-13T15:30:00Z,38,0.0,1.0
390,Rúben,4,6,90.0,0.0,0.0,1.0,0.0,0.0,0.0,0.0,0.0,0.0,0.0,0.0,24.0,2.0,0.0,0.0,0.0,1.0,1.0,18312.0,10307.0,8005.0,1.9,55.0,4,17.400000000000006,0.2000000000000028,2.0,7.0,2.0,0.0,DEF,Man City,Man Utd,0,2026-09-13T15:30:00Z,38,0.0,1.0
391,Gvardiol,4,11,90.0,0.0,1.0,1.0,0.0,0.0,0.0,0.0,1.0,0.0,0.0,3.0,36.0,2.1999999999999997,0.0199999999999999,0.0,0.02,1.0,1.0,476761.0,47381.0,429380.0,25.1,57.0,4,16.400000000000006,1.1000000000000014,4.0,3.0,3.0,4.0,DEF,Man City,Man Utd,0,2026-09-13T15:30:00Z,38,0.0,1.0
392,Aït-Nouri,4,0,0.0,0.0,0.0,0.0,0.0,0.0,0.0,0.0,0.0,0.0,0.0,0.0,0.0,0.0,0.0,0.0,0.0,0.0,0.0,1256.0,5954.0,-4698.0,0.4,53.0,4,0.0,0.0,0.0,0.0,0.0,0.0,DEF,Man City,Man Utd,0,2026-09-13T15:30:00Z,38,0.0,1.0
393,Khusanov,4,0,0.0,0.0,0.0,0.0,0.0,0.0,0.0,0.0,0.0,0.0,0.0,0.0,0.0,0.0,0.0,0.0,0.0,0.0,0.0,3196.0,17099.0,-13903.0,1.4,54.0,4,0.0,0.0,0.0,0.0,0.0,0.0,DEF,Man City,Man Utd,0,2026-09-13T15:30:00Z,38,0.0,1.0
394,Alleyne,4,0,0.0,0.0,0.0,0.0,0.0,0.0,0.0,0.0,0.0,0.0,0.0,0.0,0.0,0.0,0.0,0.0,0.0,0.0,0.0,0.0,32.0,-32.0,0.0,50.0,4,0.0,0.0,0.0,0.0,0.0,0.0,DEF,Man City,Man Utd,0,2026-09-13T15:30:00Z,38,0.0,1.0
395,Lewis,4,0,0.0,0.0,0.0,0.0,0.0,0.0,0.0,0.0,0.0,0.0,0.0,0.0,0.0,0.0,0.0,0.0,0.0,0.0,0.0,1072.0,2541.0,-1469.0,0.2,44.0,4,0.0,0.0,0.0,0.0,0.0,0.0,DEF,Man City,Man Utd,0,2026-09-13T15:30:00Z,38,0.0,1.0
396,Vitor Reis,4,0,0.0,0.0,0.0,0.0,0.0,0.0,0.0,0.0,0.0,0.0,0.0,0.0,0.0,0.0,0.0,0.0,0.0,0.0,0.0,144.0,235.0,-91.0,0.0,45.0,4,0.0,0.0,0.0,0.0,0.0,0.0,DEF,Man City,Man Utd,0,2026-09-13T15:30:00Z,38,0.0,1.0
397,Semenyo,4,3,90.0,0.0,0.0,1.0,0.0,0.0,0.0,0.0,0.0,0.0,0.0,0.0,7.0,2.3999999999999986,0.0,0.0599999999999999,0.0599999999999998,1.0,1.0,30895.0,178435.0,-147540.0,15.0,84.0,4,2.199999999999996,16.10000000000001,6.0,0.0,2.0,1.0,MID,Man City,Man Utd,0,2026-09-13T15:30:00Z,38,0.0,1.0
398,Foden,4,-2,22.0,0.0,0.0,0.0,0.0,0.0,0.0,0.0,0.0,1.0,0.0,0.0,-4.0,1.6000000000000014,0.0,0.02,0.02,0.0999999999999998,1.0,3128.0,178369.0,-175241.0,2.4,69.0,4,0.0,12.099999999999994,6.0,0.0,0.0,0.0,MID,Man City,Man Utd,0,2026-09-13T15:30:00Z,38,0.0,1.0
399,Cherki,4,1,45.0,0.0,0.0,0.0,0.0,0.0,0.0,0.0,0.0,0.0,0.0,0.0,4.0,1.2000000000000028,0.0299999999999999,0.0599999999999998,0.09,0.1999999999999999,1.0,142212.0,288205.0,-145993.0,28.1,78.0,4,1.5999999999999943,6.599999999999994,4.0,1.0,0.0,0.0,MID,Man City,Man Utd,0,2026-09-13T15:30:00Z,38,0.0,1.0
400,Doku,4,0,0.0,0.0,0.0,0.0,0.0,0.0,0.0,0.0,0.0,0.0,0.0,0.0,0.0,0.0,0.0,0.0,0.0,0.0,0.0,217.0,6864.0,-6647.0,0.7,74.0,4,0.0,0.0,0.0,0.0,0.0,0.0,MID,Man City,Man Utd,0,2026-09-13T15:30:00Z,38,0.0,1.0
402,Rodrigo,4,0,0.0,0.0,0.0,0.0,0.0,0.0,0.0,0.0,0.0,0.0,0.0,0.0,0.0,0.0,0.0,0.0,0.0,0.0,0.0,0.0,54.0,-54.0,0.0,65.0,4,0.0,0.0,0.0,0.0,0.0,0.0,MID,Man City,Man Utd,0,2026-09-13T15:30:00Z,38,0.0,1.0
404,Reijnders,4,0,0.0,0.0,0.0,0.0,0.0,0.0,0.0,0.0,0.0,0.0,0.0,0.0,0.0,0.0,0.0,0.0,0.0,0.0,0.0,0.0,224.0,-224.0,0.0,60.0,4,0.0,0.0,0.0,0.0,0.0,0.0,MID,Man City,Man Utd,0,2026-09-13T15:30:00Z,38,0.0,1.0
406,Kovačić,4,0,0.0,0.0,0.0,0.0,0.0,0.0,0.0,0.0,0.0,0.0,0.0,0.0,0.0,0.0,0.0,0.0,0.0,0.0,0.0,236.0,909.0,-673.0,0.1,54.0,4,0.0,0.0,0.0,0.0,0.0,0.0,MID,Man City,Man Utd,0,2026-09-13T15:30:00Z,38,0.0,1.0
407,Echeverri,4,0,0.0,0.0,0.0,0.0,0.0,0.0,0.0,0.0,0.0,0.0,0.0,0.0,0.0,0.0,0.0,0.0,0.0,0.0,0.0,0.0,132.0,-132.0,0.0,49.0,4,0.0,0.0,0.0,0.0,0.0,0.0,MID,Man City,Man Utd,0,2026-09-13T15:30:00Z,38,0.0,1.0
408,Phillips,4,0,0.0,0.0,0.0,0.0,0.0,0.0,0.0,0.0,0.0,0.0,0.0,0.0,0.0,0.0,0.0,0.0,0.0,0.0,0.0,0.0,37.0,-37.0,0.0,50.0,4,0.0,0.0,0.0,0.0,0.0,0.0,MID,Man City,Man Utd,0,2026-09-13T15:30:00Z,38,0.0,1.0
409,Mukasa,4,0,0.0,0.0,0.0,0.0,0.0,0.0,0.0,0.0,0.0,0.0,0.0,0.0,0.0,0.0,0.0,0.0,0.0,0.0,0.0,0.0,1586.0,-1586.0,0.1,45.0,4,0.0,0.0,0.0,0.0,0.0,0.0,MID,Man City,Man Utd,0,2026-09-13T15:30:00Z,38,0.0,1.0
410,Monga,4,0,0.0,0.0,0.0,0.0,0.0,0.0,0.0,0.0,0.0,0.0,0.0,0.0,0.0,0.0,0.0,0.0,0.0,0.0,0.0,0.0,114.0,-114.0,0.0,49.0,4,0.0,0.0,0.0,0.0,0.0,0.0,MID,Man City,Man Utd,0,2026-09-13T15:30:00Z,38,0.0,1.0
411,Haaland,4,9,90.0,1.0,0.0,1.0,0.0,0.0,0.0,0.0,0.0,0.0,0.0,3.0,36.0,7.300000000000004,0.8700000000000001,0.01,0.8799999999999999,1.0,1.0,169243.0,32681.0,136562.0,73.0,156.0,4,34.0,1.6000000000000014,37.0,0.0,3.0,0.0,FWD,Man City,Man Utd,0,2026-09-13T15:30:00Z,38,0.0,1.0
481,Anderson,4,5,90.0,0.0,0.0,1.0,0.0,0.0,0.0,0.0,0.0,0.0,0.0,0.0,18.0,1.9000000000000004,0.0,0.01,0.01,1.0,1.0,25776.0,38619.0,-12843.0,4.2,63.0,4,15.200000000000005,3.300000000000012,0.0,5.0,6.0,3.0,MID,Man City,Man Utd,0,2026-09-13T15:30:00Z,38,0.0,1.0
587,Rulli,4,0,0.0,0.0,0.0,0.0,0.0,0.0,0.0,0.0,0.0,0.0,0.0,0.0,0.0,0.0,0.0,0.0,0.0,0.0,0.0,143.0,182.0,-39.0,0.0,50.0,4,0.0,0.0,0.0,0.0,0.0,0.0,GK,Man City,Man Utd,0,2026-09-13T15:30:00Z,38,0.0,1.0
616,Bouaddi,4,0,0.0,0.0,0.0,0.0,0.0,0.0,0.0,0.0,0.0,0.0,0.0,0.0,0.0,0.0,0.0,0.0,0.0,0.0,0.0,2897.0,3612.0,-715.0,0.2,55.0,4,0.0,0.0,0.0,0.0,0.0,0.0,MID,Man City,Man Utd,0,2026-09-13T15:30:00Z,38,0.0,1.0
621,McAidoo,4,0,0.0,0.0,0.0,0.0,0.0,0.0,0.0,0.0,0.0,0.0,0.0,0.0,0.0,0.0,0.0,0.0,0.0,0.0,0.0,966.0,1792.0,-826.0,0.1,45.0,4,0.0,0.0,0.0,0.0,0.0,0.0,MID,Man City,Man Utd,0,2026-09-13T15:30:00Z,38,0.0,1.0
622,Braithwaite,4,0,0.0,0.0,0.0,0.0,0.0,0.0,0.0,0.0,0.0,0.0,0.0,0.0,0.0,0.0,0.0,0.0,0.0,0.0,0.0,2226.0,2489.0,-263.0,0.2,40.0,4,0.0,0.0,0.0,0.0,0.0,0.0,DEF,Man City,Man Utd,0,2026-09-13T15:30:00Z,38,0.0,1.0
628,Allan,4,0,0.0,0.0,0.0,0.0,0.0,0.0,0.0,0.0,0.0,0.0,0.0,0.0,0.0,0.0,0.0,0.0,0.0,0.0,0.0,291.0,224.0,67.0,0.0,60.0,4,0.0,0.0,0.0,0.0,0.0,0.0,MID,Man City,Man Utd,0,2026-09-13T15:30:00Z,38,0.0,1.0
653,Samba,4,0,0.0,0.0,0.0,0.0,0.0,0.0,0.0,0.0,0.0,0.0,0.0,0.0,0.0,0.0,0.0,0.0,0.0,0.0,0.0,683.0,842.0,-159.0,0.0,45.0,4,0.0,0.0,0.0,0.0,0.0,0.0,MID,Man City,Man Utd,0,2026-09-13T15:30:00Z,38,0.0,1.0
43,Tielemans,4,2,66.0,0.0,0.0,0.0,1.0,0.0,0.0,0.0,0.0,0.0,0.0,0.0,15.0,3.0,0.0,0.0399999999999999,0.04,0.5300000000000002,1.0,7609.0,23239.0,-15630.0,1.6,58.0,4,12.200000000000005,13.799999999999995,4.0,3.0,0.0,2.0,MID,Man Utd,Man City,1,2026-09-13T15:30:00Z,38,0.0,1.0
131,Baleba,4,0,0.0,0.0,0.0,0.0,0.0,0.0,0.0,0.0,0.0,0.0,0.0,0.0,0.0,0.0,0.0,0.0,0.0,0.0,0.0,563.0,1639.0,-1076.0,0.1,49.0,4,0.0,0.0,0.0,0.0,0.0,0.0,MID,Man Utd,Man City,1,2026-09-13T15:30:00Z,38,0.0,1.0
162,Andrey Santos,4,0,0.0,0.0,0.0,0.0,0.0,0.0,0.0,0.0,0.0,0.0,0.0,0.0,0.0,0.0,0.0,0.0,0.0,0.0,0.0,2659.0,11622.0,-8963.0,0.6,48.0,4,0.0,0.0,0.0,0.0,0.0,0.0,MID,Man Utd,Man City,1,2026-09-13T15:30:00Z,38,0.0,1.0
325,Darlow,4,0,0.0,0.0,0.0,0.0,0.0,0.0,0.0,0.0,0.0,0.0,0.0,0.0,0.0,0.0,0.0,0.0,0.0,0.0,0.0,156.0,291.0,-135.0,0.0,45.0,4,0.0,0.0,0.0,0.0,0.0,0.0,GK,Man Utd,Man City,1,2026-09-13T15:30:00Z,38,0.0,1.0
412,Lammens,4,2,90.0,0.0,0.0,0.0,1.0,0.0,0.0,0.0,0.0,0.0,1.0,0.0,5.0,0.6999999999999993,0.0,0.0,0.0,1.0999999999999996,1.0,12766.0,116964.0,-104198.0,10.4,49.0,4,6.599999999999994,0.0,0.0,1.0,5.0,0.0,GK,Man Utd,Man City,1,2026-09-13T15:30:00Z,38,0.0,1.0
413,Bayindir,4,0,0.0,0.0,0.0,0.0,0.0,0.0,0.0,0.0,0.0,0.0,0.0,0.0,0.0,0.0,0.0,0.0,0.0,0.0,0.0,0.0,91.0,-91.0,0.0,45.0,4,0.0,0.0,0.0,0.0,0.0,0.0,GK,Man Utd,Man City,1,2026-09-13T15:30:00Z,38,0.0,1.0
414,Heaton,4,0,0.0,0.0,0.0,0.0,0.0,0.0,0.0,0.0,0.0,0.0,0.0,0.0,0.0,0.0,0.0,0.0,0.0,0.0,0.0,346.0,452.0,-106.0,0.1,40.0,4,0.0,0.0,0.0,0.0,0.0,0.0,GK,Man Utd,Man City,1,2026-09-13T15:30:00Z,38,0.0,1.0
415,Dorgu,4,4,90.0,0.0,0.0,0.0,1.0,0.0,0.0,0.0,0.0,0.0,0.0,0.0,19.0,4.2,0.0,0.03,0.03,1.1,1.0,2736.0,8667.0,-5931.0,0.6,58.0,4,19.6,18.7,4.0,3.0,3.0,6.0,MID,Man Utd,Man City,1,2026-09-13T15:30:00Z,38,0.0,1.0
416,De Ligt,4,0,0.0,0.0,0.0,0.0,0.0,0.0,0.0,0.0,0.0,0.0,0.0,0.0,0.0,0.0,0.0,0.0,0.0,0.0,0.0,71.0,188.0,-117.0,0.0,50.0,4,0.0,0.0,0.0,0.0,0.0,0.0,DEF,Man Utd,Man City,1,2026-09-13T15:30:00Z,38,0.0,1.0
417,Dalot,4,2,90.0,0.0,0.0,0.0,1.0,0.0,0.0,0.0,0.0,0.0,0.0,0.0,9.0,2.6000000000000014,0.0199999999999999,0.0499999999999999,0.07,1.1,1.0,3438.0,18860.0,-15422.0,1.7,49.0,4,6.199999999999999,16.5,3.0,2.0,9.0,1.0,DEF,Man Utd,Man City,1,2026-09-13T15:30:00Z,38,0.0,1.0
418,Maguire,4,1,90.0,0.0,0.0,0.0,1.0,0.0,0.0,0.0,1.0,0.0,0.0,0.0,4.0,2.1999999999999997,0.12,0.01,0.13,1.0999999999999996,1.0,13033.0,152712.0,-139679.0,9.6,49.0,4,9.4,1.6000000000000014,11.0,4.0,6.0,1.0,DEF,Man Utd,Man City,1,2026-09-13T15:30:00Z,38,0.0,1.0
419,Martinez,4,2,90.0,0.0,0.0,0.0,1.0,0.0,0.0,0.0,0.0,0.0,0.0,0.0,14.0,3.1,0.03,0.08,0.11,1.1,1.0,10059.0,9000.0,1059.0,1.3,50.0,4,20.200000000000003,3.4,7.0,3.0,5.0,3.0,DEF,Man Utd,Man City,1,2026-09-13T15:30:00Z,38,0.0,1.0
420,Yoro,4,0,0.0,0.0,0.0,0.0,0.0,0.0,0.0,0.0,0.0,0.0,0.0,0.0,0.0,0.0,0.0,0.0,0.0,0.0,0.0,598.0,4650.0,-4052.0,0.5,49.0,4,0.0,0.0,0.0,0.0,0.0,0.0,DEF,Man Utd,Man City,1,2026-09-13T15:30:00Z,38,0.0,1.0
422,Mazraoui,4,0,0.0,0.0,0.0,0.0,0.0,0.0,0.0,0.0,0.0,0.0,0.0,0.0,0.0,0.0,0.0,0.0,0.0,0.0,0.0,2461.0,7416.0,-4955.0,0.5,44.0,4,0.0,0.0,0.0,0.0,0.0,0.0,DEF,Man Utd,Man City,1,2026-09-13T15:30:00Z,38,0.0,1.0
423,Shaw,4,0,0.0,0.0,0.0,0.0,0.0,0.0,0.0,0.0,0.0,0.0,0.0,0.0,0.0,0.0,0.0,0.0,0.0,0.0,0.0,2708.0,303874.0,-301166.0,9.2,44.0,4,0.0,0.0,0.0,0.0,0.0,0.0,DEF,Man Utd,Man City,1,2026-09-13T15:30:00Z,38,0.0,1.0
424,Amass,4,0,0.0,0.0,0.0,0.0,0.0,0.0,0.0,0.0,0.0,0.0,0.0,0.0,0.0,0.0,0.0,0.0,0.0,0.0,0.0,1319.0,1560.0,-241.0,0.2,40.0,4,0.0,0.0,0.0,0.0,0.0,0.0,DEF,Man Utd,Man City,1,2026-09-13T15:30:00Z,38,0.0,1.0
421,Heaven,4,0,0.0,0.0,0.0,0.0,0.0,0.0,0.0,0.0,0.0,0.0,0.0,0.0,0.0,0.0,0.0,0.0,0.0,0.0,0.0,570.0,3417.0,-2847.0,0.3,44.0,4,0.0,0.0,0.0,0.0,0.0,0.0,DEF,Man Utd,Man City,1,2026-09-13T15:30:00Z,38,0.0,1.0
425,Fredricson,4,0,0.0,0.0,0.0,0.0,0.0,0.0,0.0,0.0,0.0,0.0,0.0,0.0,0.0,0.0,0.0,0.0,0.0,0.0,0.0,0.0,105.0,-105.0,0.0,40.0,4,0.0,0.0,0.0,0.0,0.0,0.0,DEF,Man Utd,Man City,1,2026-09-13T15:30:00Z,38,0.0,1.0
426,B.Fernandes,4,2,90.0,0.0,0.0,0.0,1.0,0.0,0.0,0.0,0.0,0.0,0.0,0.0,17.0,5.5,0.0299999999999998,0.3299999999999998,0.3600000000000003,1.0999999999999996,1.0,65636.0,349550.0,-283914.0,40.6,120.0,4,17.0,31.40000000000001,7.0,1.0,4.0,2.0,MID,Man Utd,Man City,1,2026-09-13T15:30:00Z,38,0.0,1.0
427,Mbeumo,4,2,90.0,0.0,0.0,0.0,1.0,0.0,0.0,0.0,0.0,0.0,0.0,0.0,9.0,6.800000000000001,0.4899999999999997,0.08,0.5700000000000003,1.0999999999999996,1.0,89200.0,280439.0,-191239.0,22.0,79.0,4,11.200000000000005,32.80000000000001,24.0,1.0,3.0,1.0,MID,Man Utd,Man City,1,2026-09-13T15:30:00Z,38,0.0,1.0
428,Cunha,4,2,90.0,0.0,0.0,0.0,1.0,0.0,0.0,0.0,0.0,0.0,0.0,0.0,8.0,3.200000000000003,0.1099999999999999,0.03,0.14,1.0999999999999996,1.0,10820.0,80356.0,-69536.0,5.9,79.0,4,2.400000000000002,14.299999999999995,15.0,0.0,1.0,1.0,MID,Man Utd,Man City,1,2026-09-13T15:30:00Z,38,0.0,1.0
429,Rashford,4,2,82.0,0.0,0.0,0.0,1.0,0.0,0.0,0.0,0.0,0.0,0.0,0.0,6.0,4.899999999999999,0.12,0.0799999999999999,0.2,1.0799999999999998,1.0,17739.0,20610.0,-2871.0,1.6,70.0,4,5.399999999999999,14.099999999999994,29.0,2.0,2.0,1.0,MID,Man Utd,Man City,1,2026-09-13T15:30:00Z,38,0.0,1.0
430,Mount,4,0,0.0,0.0,0.0,0.0,0.0,0.0,0.0,0.0,0.0,0.0,0.0,0.0,0.0,0.0,0.0,0.0,0.0,0.0,0.0,326.0,259.0,67.0,0.0,54.0,4,0.0,0.0,0.0,0.0,0.0,0.0,MID,Man Utd,Man City,1,2026-09-13T15:30:00Z,38,0.0,1.0
431,Amad,4,0,0.0,0.0,0.0,0.0,0.0,0.0,0.0,0.0,0.0,0.0,0.0,0.0,0.0,0.0,0.0,0.0,0.0,0.0,0.0,68.0,5799.0,-5731.0,0.3,57.0,4,0.0,0.0,0.0,0.0,0.0,0.0,MID,Man Utd,Man City,1,2026-09-13T15:30:00Z,38,0.0,1.0
432,Mainoo,4,4,90.0,0.0,0.0,0.0,1.0,0.0,0.0,0.0,0.0,0.0,0.0,0.0,20.0,5.800000000000001,0.03,0.07,0.0999999999999999,1.1,1.0,31504.0,11975.0,19529.0,1.6,55.0,4,19.8,37.2,1.0,4.0,9.0,0.0,MID,Man Utd,Man City,1,2026-09-13T15:30:00Z,38,0.0,1.0
433,Ugarte,4,0,0.0,0.0,0.0,0.0,0.0,0.0,0.0,0.0,0.0,0.0,0.0,0.0,0.0,0.0,0.0,0.0,0.0,0.0,0.0,15.0,36.0,-21.0,0.0,50.0,4,0.0,0.0,0.0,0.0,0.0,0.0,MID,Man Utd,Man City,1,2026-09-13T15:30:00Z,38,0.0,1.0
434,J.Fletcher,4,0,0.0,0.0,0.0,0.0,0.0,0.0,0.0,0.0,0.0,0.0,0.0,0.0,0.0,0.0,0.0,0.0,0.0,0.0,0.0,53.0,115.0,-62.0,0.0,49.0,4,0.0,0.0,0.0,0.0,0.0,0.0,MID,Man Utd,Man City,1,2026-09-13T15:30:00Z,38,0.0,1.0
435,Lacey,4,0,0.0,0.0,0.0,0.0,0.0,0.0,0.0,0.0,0.0,0.0,0.0,0.0,0.0,0.0,0.0,0.0,0.0,0.0,0.0,403.0,542.0,-139.0,0.1,49.0,4,0.0,0.0,0.0,0.0,0.0,0.0,MID,Man Utd,Man City,1,2026-09-13T15:30:00Z,38,0.0,1.0
436,Collyer,4,0,0.0,0.0,0.0,0.0,0.0,0.0,0.0,0.0,0.0,0.0,0.0,0.0,0.0,0.0,0.0,0.0,0.0,0.0,0.0,0.0,132.0,-132.0,0.0,50.0,4,0.0,0.0,0.0,0.0,0.0,0.0,MID,Man Utd,Man City,1,2026-09-13T15:30:00Z,38,0.0,1.0
437,Bendito Mantato,4,0,0.0,0.0,0.0,0.0,0.0,0.0,0.0,0.0,0.0,0.0,0.0,0.0,0.0,0.0,0.0,0.0,0.0,0.0,0.0,601.0,1595.0,-994.0,0.2,45.0,4,0.0,0.0,0.0,0.0,0.0,0.0,MID,Man Utd,Man City,1,2026-09-13T15:30:00Z,38,0.0,1.0
438,Fletcher,4,0,0.0,0.0,0.0,0.0,0.0,0.0,0.0,0.0,0.0,0.0,0.0,0.0,0.0,0.0,0.0,0.0,0.0,0.0,0.0,2556.0,2906.0,-350.0,0.3,44.0,4,0.0,0.0,0.0,0.0,0.0,0.0,MID,Man Utd,Man City,1,2026-09-13T15:30:00Z,38,0.0,1.0
439,Šeško,4,1,23.0,0.0,0.0,0.0,0.0,0.0,0.0,0.0,0.0,0.0,0.0,0.0,4.0,0.5999999999999996,0.06,0.0,0.06,0.5700000000000001,0.0,22090.0,20736.0,1354.0,1.8,70.0,4,1.2000000000000028,0.7000000000000011,4.0,0.0,2.0,0.0,FWD,Man Utd,Man City,1,2026-09-13T15:30:00Z,38,0.0,1.0
440,Zirkzee,4,1,7.0,0.0,0.0,0.0,0.0,0.0,0.0,0.0,0.0,0.0,0.0,0.0,4.0,0.9,0.0,0.01,0.01,0.02,0.0,2428.0,5515.0,-3087.0,0.4,54.0,4,4.4,4.8,0.0,1.0,2.0,0.0,FWD,Man Utd,Man City,1,2026-09-13T15:30:00Z,38,0.0,1.0
441,Obi,4,0,0.0,0.0,0.0,0.0,0.0,0.0,0.0,0.0,0.0,0.0,0.0,0.0,0.0,0.0,0.0,0.0,0.0,0.0,0.0,5728.0,18916.0,-13188.0,1.1,45.0,4,0.0,0.0,0.0,0.0,0.0,0.0,FWD,Man Utd,Man City,1,2026-09-13T15:30:00Z,38,0.0,1.0
405,N.Gonzalez,4,1,18.0,0.0,0.0,0.0,0.0,0.0,0.0,0.0,0.0,0.0,0.0,0.0,3.0,0.0,0.0,0.0,0.0,0.27,1.0,1296.0,5562.0,-4266.0,0.2,55.0,4,0.0,0.1000000000000014,0.0,0.0,1.0,0.0,MID,Newcastle,Leeds,0,2026-09-14T19:00:00Z,39,4.0,1.0
442,Pope,4,0,0.0,0.0,0.0,0.0,0.0,0.0,0.0,0.0,0.0,0.0,0.0,0.0,0.0,0.0,0.0,0.0,0.0,0.0,0.0,1688.0,6776.0,-5088.0,1.0,49.0,4,0.0,0.0,0.0,0.0,0.0,0.0,GK,Newcastle,Leeds,0,2026-09-14T19:00:00Z,39,4.0,1.0
443,Gillespie,4,0,0.0,0.0,0.0,0.0,0.0,0.0,0.0,0.0,0.0,0.0,0.0,0.0,0.0,0.0,0.0,0.0,0.0,0.0,0.0,159.0,204.0,-45.0,0.0,45.0,4,0.0,0.0,0.0,0.0,0.0,0.0,GK,Newcastle,Leeds,0,2026-09-14T19:00:00Z,39,4.0,1.0
444,Jaouen,4,0,0.0,0.0,0.0,0.0,0.0,0.0,0.0,0.0,0.0,0.0,0.0,0.0,0.0,0.0,0.0,0.0,0.0,0.0,0.0,24.0,247.0,-223.0,0.0,45.0,4,0.0,0.0,0.0,0.0,0.0,0.0,GK,Newcastle,Leeds,0,2026-09-14T19:00:00Z,39,4.0,1.0
445,Thiaw,4,2,90.0,0.0,0.0,0.0,4.0,0.0,0.0,0.0,0.0,0.0,0.0,0.0,-6.0,2.3999999999999995,0.0,0.0,0.0,2.08,1.0,27723.0,23750.0,3973.0,2.2,50.0,4,22.599999999999994,0.9000000000000004,0.0,11.0,1.0,0.0,DEF,Newcastle,Leeds,0,2026-09-14T19:00:00Z,39,4.0,1.0
446,Schär,4,0,0.0,0.0,0.0,0.0,0.0,0.0,0.0,0.0,0.0,0.0,0.0,0.0,0.0,0.0,0.0,0.0,0.0,0.0,0.0,1093.0,2283.0,-1190.0,0.2,49.0,4,0.0,0.0,0.0,0.0,0.0,0.0,DEF,Newcastle,Leeds,0,2026-09-14T19:00:00Z,39,4.0,1.0
447,Botman,4,2,90.0,0.0,0.0,0.0,4.0,0.0,0.0,0.0,0.0,0.0,0.0,0.0,2.0,3.1999999999999997,0.0,0.0,0.0,2.08,1.0,7313.0,6033.0,1280.0,0.7,50.0,4,31.200000000000003,0.2999999999999998,0.0,15.0,4.0,2.0,DEF,Newcastle,Leeds,0,2026-09-14T19:00:00Z,39,4.0,1.0
448,Burn,4,0,0.0,0.0,0.0,0.0,0.0,0.0,0.0,0.0,0.0,0.0,0.0,0.0,0.0,0.0,0.0,0.0,0.0,0.0,0.0,164.0,11058.0,-10894.0,0.8,49.0,4,0.0,0.0,0.0,0.0,0.0,0.0,DEF,Newcastle,Leeds,0,2026-09-14T19:00:00Z,39,4.0,1.0
449,Hall,4,0,90.0,0.0,0.0,0.0,4.0,0.0,0.0,0.0,0.0,0.0,0.0,0.0,9.0,3.200000000000001,0.0199999999999999,0.01,0.03,2.08,1.0,215780.0,108543.0,107237.0,14.6,52.0,4,21.0,3.899999999999999,7.0,2.0,4.0,4.0,DEF,Newcastle,Leeds,0,2026-09-14T19:00:00Z,39,4.0,1.0
450,Livramento,4,3,32.0,0.0,1.0,0.0,1.0,0.0,0.0,0.0,1.0,0.0,0.0,0.0,9.0,1.3,0.0,0.01,0.01,0.16,0.0,3961.0,1092.0,2869.0,0.1,49.0,4,4.8,3.8,4.0,1.0,4.0,2.0,DEF,Newcastle,Leeds,0,2026-09-14T19:00:00Z,39,4.0,1.0
451,A.Murphy,4,0,0.0,0.0,0.0,0.0,0.0,0.0,0.0,0.0,0.0,0.0,0.0,0.0,0.0,0.0,0.0,0.0,0.0,0.0,0.0,0.0,588.0,-588.0,0.1,40.0,4,0.0,0.0,0.0,0.0,0.0,0.0,DEF,Newcastle,Leeds,0,2026-09-14T19:00:00Z,39,4.0,1.0
453,Barnes,4,2,90.0,0.0,0.0,0.0,4.0,0.0,0.0,0.0,0.0,0.0,0.0,0.0,13.0,5.900000000000002,0.29,0.31,0.6,2.08,1.0,170009.0,38096.0,131913.0,3.8,60.0,4,12.200000000000005,16.8,30.0,3.0,3.0,0.0,MID,Newcastle,Leeds,0,2026-09-14T19:00:00Z,39,4.0,1.0
454,Elanga,4,0,0.0,0.0,0.0,0.0,0.0,0.0,0.0,0.0,0.0,0.0,0.0,0.0,0.0,0.0,0.0,0.0,0.0,0.0,0.0,74296.0,484376.0,-410080.0,7.2,62.0,4,0.0,0.0,0.0,0.0,0.0,0.0,MID,Newcastle,Leeds,0,2026-09-14T19:00:00Z,39,4.0,1.0
456,J.Ramsey,4,0,0.0,0.0,0.0,0.0,0.0,0.0,0.0,0.0,0.0,0.0,0.0,0.0,0.0,0.0,0.0,0.0,0.0,0.0,0.0,2500.0,7959.0,-5459.0,0.3,49.0,4,0.0,0.0,0.0,0.0,0.0,0.0,MID,Newcastle,Leeds,0,2026-09-14T19:00:00Z,39,4.0,1.0
457,J.Murphy,4,0,56.0,0.0,0.0,0.0,3.0,0.0,0.0,0.0,1.0,0.0,0.0,0.0,2.0,0.7000000000000001,0.0,0.14,0.14,1.91,1.0,1682.0,1660.0,22.0,0.1,59.0,4,1.2000000000000002,3.7,2.0,0.0,3.0,1.0,MID,Newcastle,Leeds,0,2026-09-14T19:00:00Z,39,4.0,1.0
458,Joelinton,4,0,0.0,0.0,0.0,0.0,0.0,0.0,0.0,0.0,0.0,0.0,0.0,0.0,0.0,0.0,0.0,0.0,0.0,0.0,0.0,39.0,168.0,-129.0,0.0,54.0,4,0.0,0.0,0.0,0.0,0.0,0.0,MID,Newcastle,Leeds,0,2026-09-14T19:00:00Z,39,4.0,1.0
459,L.Miley,4,0,79.0,0.0,0.0,0.0,4.0,1.0,0.0,0.0,0.0,0.0,0.0,0.0,9.0,1.1000000000000003,0.0,0.03,0.03,1.9700000000000009,1.0,1008.0,1207.0,-199.0,0.1,55.0,4,6.600000000000001,4.5,0.0,3.0,6.0,1.0,MID,Newcastle,Leeds,0,2026-09-14T19:00:00Z,39,4.0,1.0
460,Willock,4,1,32.0,0.0,0.0,0.0,1.0,0.0,0.0,0.0,0.0,0.0,0.0,0.0,8.0,3.9,0.12,0.06,0.18,0.1600000000000001,0.0,6790.0,7631.0,-841.0,0.5,50.0,4,7.600000000000001,13.300000000000004,18.0,1.0,2.0,1.0,MID,Newcastle,Leeds,0,2026-09-14T19:00:00Z,39,4.0,1.0
461,Touré,4,6,33.0,1.0,0.0,0.0,1.0,0.0,0.0,0.0,0.0,0.0,0.0,0.0,24.0,6.3,0.28,0.01,0.29,0.16,0.0,1412.0,1497.0,-85.0,0.1,58.0,4,36.6,5.3,21.0,0.0,2.0,0.0,MID,Newcastle,Leeds,0,2026-09-14T19:00:00Z,39,4.0,1.0
462,Steur,4,2,71.0,0.0,0.0,0.0,4.0,0.0,0.0,0.0,0.0,0.0,0.0,0.0,14.0,3.2,0.0,0.03,0.03,1.81,0.0,358.0,920.0,-562.0,0.1,49.0,4,11.999999999999998,20.2,0.0,3.0,2.0,2.0,MID,Newcastle,Leeds,0,2026-09-14T19:00:00Z,39,4.0,1.0
463,Woltemade,4,0,0.0,0.0,0.0,0.0,0.0,0.0,0.0,0.0,0.0,0.0,0.0,0.0,0.0,0.0,0.0,0.0,0.0,0.0,0.0,0.0,11458.0,-11458.0,0.5,59.0,4,0.0,0.0,0.0,0.0,0.0,0.0,FWD,Newcastle,Leeds,0,2026-09-14T19:00:00Z,39,4.0,1.0
464,Wissa,4,2,90.0,0.0,0.0,0.0,4.0,0.0,0.0,0.0,0.0,0.0,0.0,0.0,3.0,3.599999999999998,0.1599999999999999,0.0,0.1600000000000001,2.08,1.0,273816.0,199321.0,74495.0,18.6,62.0,4,2.199999999999996,21.5,12.0,2.0,2.0,1.0,FWD,Newcastle,Leeds,0,2026-09-14T19:00:00Z,39,4.0,1.0
465,Osula,4,0,0.0,0.0,0.0,0.0,0.0,0.0,0.0,0.0,0.0,0.0,0.0,0.0,0.0,0.0,0.0,0.0,0.0,0.0,0.0,171.0,6158.0,-5987.0,0.3,59.0,4,0.0,0.0,0.0,0.0,0.0,0.0,FWD,Newcastle,Leeds,0,2026-09-14T19:00:00Z,39,4.0,1.0
466,Neave,4,0,0.0,0.0,0.0,0.0,0.0,0.0,0.0,0.0,0.0,0.0,0.0,0.0,0.0,0.0,0.0,0.0,0.0,0.0,0.0,0.0,8530.0,-8530.0,0.6,45.0,4,0.0,0.0,0.0,0.0,0.0,0.0,FWD,Newcastle,Leeds,0,2026-09-14T19:00:00Z,39,4.0,1.0
559,Bamba,4,1,10.0,0.0,0.0,0.0,0.0,0.0,0.0,0.0,0.0,0.0,0.0,0.0,4.0,0.1999999999999999,0.0,0.0,0.0,0.1099999999999998,0.0,341.0,1043.0,-702.0,0.1,49.0,4,1.4000000000000004,0.3,0.0,0.0,1.0,1.0,MID,Newcastle,Leeds,0,2026-09-14T19:00:00Z,39,4.0,1.0
567,Horníček,4,1,90.0,0.0,0.0,0.0,4.0,0.0,0.0,0.0,0.0,0.0,3.0,0.0,2.0,2.9000000000000004,0.0,0.0,0.0,2.08,1.0,23609.0,14725.0,8884.0,1.5,50.0,4,29.39999999999999,0.0,0.0,3.0,4.0,0.0,GK,Newcastle,Leeds,0,2026-09-14T19:00:00Z,39,4.0,1.0
593,Dedić,4,0,57.0,0.0,0.0,0.0,3.0,0.0,0.0,0.0,0.0,0.0,0.0,0.0,-3.0,1.299999999999999,0.0,0.0,0.0,1.91,1.0,13526.0,73935.0,-60409.0,2.4,45.0,4,10.4,2.700000000000003,0.0,3.0,4.0,3.0,DEF,Newcastle,Leeds,0,2026-09-14T19:00:00Z,39,4.0,1.0
609,Shahar,4,0,0.0,0.0,0.0,0.0,0.0,0.0,0.0,0.0,0.0,0.0,0.0,0.0,0.0,0.0,0.0,0.0,0.0,0.0,0.0,0.0,5454.0,-5454.0,0.2,40.0,4,0.0,0.0,0.0,0.0,0.0,0.0,DEF,Newcastle,Leeds,0,2026-09-14T19:00:00Z,39,4.0,1.0
634,Fernandez-Pardo,4,1,57.0,0.0,0.0,0.0,3.0,0.0,0.0,0.0,0.0,0.0,0.0,0.0,5.0,1.7,0.0,0.01,0.01,1.91,1.0,3048.0,2086.0,962.0,0.1,60.0,4,2.2,10.9,4.0,0.0,1.0,1.0,FWD,Newcastle,Leeds,0,2026-09-14T19:00:00Z,39,4.0,1.0
659,Miley,4,0,0.0,0.0,0.0,0.0,0.0,0.0,0.0,0.0,0.0,0.0,0.0,0.0,0.0,0.0,0.0,0.0,0.0,0.0,0.0,2579.0,451.0,2128.0,0.0,45.0,4,0.0,0.0,0.0,0.0,0.0,0.0,MID,Newcastle,Leeds,0,2026-09-14T19:00:00Z,39,4.0,1.0
167,Delap,4,5,90.0,1.0,0.0,0.0,1.0,0.0,0.0,0.0,1.0,0.0,0.0,0.0,25.0,7.9,0.63,0.08,0.71,0.73,1.0,142530.0,17016.0,125514.0,2.3,55.0,4,28.6,12.6,38.0,1.0,2.0,1.0,FWD,Nott'm Forest,Aston Villa,0,2026-09-12T14:00:00Z,32,1.0,2.0
201,Muñoz,4,2,90.0,0.0,0.0,0.0,1.0,0.0,0.0,0.0,0.0,0.0,0.0,0.0,23.0,12.7,0.2199999999999999,0.18,0.4,0.8199999999999998,1.0,62104.0,49758.0,12346.0,6.0,54.0,4,31.6,55.9,39.0,3.0,4.0,4.0,DEF,Nott'm Forest,Aston Villa,0,2026-09-12T14:00:00Z,32,1.0,2.0
467,Sels,4,3,90.0,0.0,0.0,0.0,1.0,0.0,0.0,0.0,0.0,0.0,5.0,0.0,19.0,3.5,0.0,0.0,0.0,0.8199999999999998,1.0,30866.0,11323.0,19543.0,1.7,50.0,4,35.0,0.0,0.0,2.0,11.0,0.0,GK,Nott'm Forest,Aston Villa,0,2026-09-12T14:00:00Z,32,1.0,2.0
468,John,4,0,0.0,0.0,0.0,0.0,0.0,0.0,0.0,0.0,0.0,0.0,0.0,0.0,0.0,0.0,0.0,0.0,0.0,0.0,0.0,174.0,315.0,-141.0,0.1,45.0,4,0.0,0.0,0.0,0.0,0.0,0.0,GK,Nott'm Forest,Aston Villa,0,2026-09-12T14:00:00Z,32,1.0,2.0
469,N.Williams,4,2,90.0,0.0,0.0,0.0,1.0,0.0,0.0,0.0,0.0,0.0,0.0,0.0,9.0,3.9,0.2,0.16,0.36,0.8199999999999998,1.0,110219.0,47540.0,62679.0,9.1,50.0,4,8.799999999999997,19.9,10.0,2.0,1.0,1.0,DEF,Nott'm Forest,Aston Villa,0,2026-09-12T14:00:00Z,32,1.0,2.0
470,Morato,4,0,0.0,0.0,0.0,0.0,0.0,0.0,0.0,0.0,0.0,0.0,0.0,0.0,0.0,0.0,0.0,0.0,0.0,0.0,0.0,0.0,408.0,-408.0,0.0,50.0,4,0.0,0.0,0.0,0.0,0.0,0.0,DEF,Nott'm Forest,Aston Villa,0,2026-09-12T14:00:00Z,32,1.0,2.0
471,Milenković,4,0,0.0,0.0,0.0,0.0,0.0,0.0,0.0,0.0,0.0,0.0,0.0,0.0,0.0,0.0,0.0,0.0,0.0,0.0,0.0,1062.0,40552.0,-39490.0,1.2,55.0,4,0.0,0.0,0.0,0.0,0.0,0.0,DEF,Nott'm Forest,Aston Villa,0,2026-09-12T14:00:00Z,32,1.0,2.0
472,Murillo,4,6,90.0,0.0,1.0,0.0,1.0,0.0,0.0,0.0,1.0,0.0,0.0,0.0,18.0,4.4,0.0,0.0099999999999999,0.01,0.8199999999999998,1.0,47041.0,9722.0,37319.0,2.2,55.0,4,33.0,10.9,0.0,10.0,6.0,2.0,DEF,Nott'm Forest,Aston Villa,0,2026-09-12T14:00:00Z,32,1.0,2.0
473,Aina,4,2,90.0,0.0,0.0,0.0,1.0,0.0,0.0,0.0,0.0,0.0,0.0,0.0,11.0,1.8999999999999984,0.0,0.01,0.0099999999999998,0.8200000000000003,1.0,16282.0,24366.0,-8084.0,2.6,45.0,4,17.400000000000006,1.6999999999999955,0.0,5.0,2.0,3.0,DEF,Nott'm Forest,Aston Villa,0,2026-09-12T14:00:00Z,32,1.0,2.0
474,Jair Cunha,4,0,0.0,0.0,0.0,0.0,0.0,0.0,0.0,0.0,0.0,0.0,0.0,0.0,0.0,0.0,0.0,0.0,0.0,0.0,0.0,1017.0,4383.0,-3366.0,0.2,45.0,4,0.0,0.0,0.0,0.0,0.0,0.0,DEF,Nott'm Forest,Aston Villa,0,2026-09-12T14:00:00Z,32,1.0,2.0
475,Savona,4,0,0.0,0.0,0.0,0.0,0.0,0.0,0.0,0.0,0.0,0.0,0.0,0.0,0.0,0.0,0.0,0.0,0.0,0.0,0.0,19.0,33.0,-14.0,0.0,45.0,4,0.0,0.0,0.0,0.0,0.0,0.0,DEF,Nott'm Forest,Aston Villa,0,2026-09-12T14:00:00Z,32,1.0,2.0
476,O.Richards,4,0,0.0,0.0,0.0,0.0,0.0,0.0,0.0,0.0,0.0,0.0,0.0,0.0,0.0,0.0,0.0,0.0,0.0,0.0,0.0,933.0,1471.0,-538.0,0.2,40.0,4,0.0,0.0,0.0,0.0,0.0,0.0,DEF,Nott'm Forest,Aston Villa,0,2026-09-12T14:00:00Z,32,1.0,2.0
477,Abbott,4,0,0.0,0.0,0.0,0.0,0.0,0.0,0.0,0.0,0.0,0.0,0.0,0.0,0.0,0.0,0.0,0.0,0.0,0.0,0.0,0.0,2100.0,-2100.0,0.2,40.0,4,0.0,0.0,0.0,0.0,0.0,0.0,DEF,Nott'm Forest,Aston Villa,0,2026-09-12T14:00:00Z,32,1.0,2.0
478,Netz,4,0,0.0,0.0,0.0,0.0,0.0,0.0,0.0,0.0,0.0,0.0,0.0,0.0,0.0,0.0,0.0,0.0,0.0,0.0,0.0,203.0,321.0,-118.0,0.0,44.0,4,0.0,0.0,0.0,0.0,0.0,0.0,DEF,Nott'm Forest,Aston Villa,0,2026-09-12T14:00:00Z,32,1.0,2.0
479,Bindon,4,0,0.0,0.0,0.0,0.0,0.0,0.0,0.0,0.0,0.0,0.0,0.0,0.0,0.0,0.0,0.0,0.0,0.0,0.0,0.0,0.0,1268.0,-1268.0,0.1,40.0,4,0.0,0.0,0.0,0.0,0.0,0.0,DEF,Nott'm Forest,Aston Villa,0,2026-09-12T14:00:00Z,32,1.0,2.0
480,Gibbs-White,4,8,90.0,0.0,1.0,0.0,1.0,0.0,0.0,0.0,0.0,0.0,0.0,3.0,42.0,16.400000000000002,0.1600000000000001,0.91,1.07,0.8199999999999998,1.0,537285.0,44672.0,492613.0,14.9,80.0,4,39.0,98.5,26.0,0.0,3.0,1.0,MID,Nott'm Forest,Aston Villa,0,2026-09-12T14:00:00Z,32,1.0,2.0
482,Hudson-Odoi,4,0,0.0,0.0,0.0,0.0,0.0,0.0,0.0,0.0,0.0,0.0,0.0,0.0,0.0,0.0,0.0,0.0,0.0,0.0,0.0,1584.0,2424.0,-840.0,0.2,58.0,4,0.0,0.0,0.0,0.0,0.0,0.0,MID,Nott'm Forest,Aston Villa,0,2026-09-12T14:00:00Z,32,1.0,2.0
483,Ndoye,4,1,74.0,0.0,0.0,0.0,1.0,0.0,0.0,0.0,1.0,0.0,0.0,0.0,1.0,4.699999999999999,0.7000000000000001,0.25,0.95,0.73,1.0,19910.0,10461.0,9449.0,0.8,55.0,4,0.0,12.499999999999996,38.0,0.0,2.0,0.0,MID,Nott'm Forest,Aston Villa,0,2026-09-12T14:00:00Z,32,1.0,2.0
484,Hutchinson,4,0,0.0,0.0,0.0,0.0,0.0,0.0,0.0,0.0,0.0,0.0,0.0,0.0,0.0,0.0,0.0,0.0,0.0,0.0,0.0,0.0,1075.0,-1075.0,0.1,54.0,4,0.0,0.0,0.0,0.0,0.0,0.0,MID,Nott'm Forest,Aston Villa,0,2026-09-12T14:00:00Z,32,1.0,2.0
485,Bakwa,4,0,0.0,0.0,0.0,0.0,0.0,0.0,0.0,0.0,0.0,0.0,0.0,0.0,0.0,0.0,0.0,0.0,0.0,0.0,0.0,0.0,59.0,-59.0,0.0,55.0,4,0.0,0.0,0.0,0.0,0.0,0.0,MID,Nott'm Forest,Aston Villa,0,2026-09-12T14:00:00Z,32,1.0,2.0
486,McAtee,4,3,81.0,0.0,0.0,0.0,1.0,0.0,0.0,0.0,1.0,0.0,0.0,0.0,18.0,5.199999999999999,0.03,0.38,0.41,0.73,1.0,2918.0,1440.0,1478.0,0.1,55.0,4,14.799999999999995,27.30000000000001,10.0,4.0,5.0,3.0,MID,Nott'm Forest,Aston Villa,0,2026-09-12T14:00:00Z,32,1.0,2.0
487,Dominguez,4,0,0.0,0.0,0.0,0.0,0.0,0.0,0.0,0.0,0.0,0.0,0.0,0.0,0.0,0.0,0.0,0.0,0.0,0.0,0.0,229.0,684.0,-455.0,0.1,49.0,4,0.0,0.0,0.0,0.0,0.0,0.0,MID,Nott'm Forest,Aston Villa,0,2026-09-12T14:00:00Z,32,1.0,2.0
488,I.Sangaré,4,1,8.0,0.0,0.0,0.0,0.0,0.0,0.0,0.0,0.0,0.0,0.0,0.0,2.0,0.5,0.06,0.01,0.07,0.09,0.0,1479.0,6038.0,-4559.0,0.5,49.0,4,2.3999999999999986,0.4000000000000003,2.0,1.0,0.0,1.0,MID,Nott'm Forest,Aston Villa,0,2026-09-12T14:00:00Z,32,1.0,2.0
490,Wood,4,1,1.0,0.0,0.0,0.0,0.0,0.0,0.0,0.0,0.0,0.0,0.0,0.0,3.0,0.0,0.0,0.0,0.0,0.0899999999999999,0.0,4650.0,14462.0,-9812.0,0.9,58.0,4,0.0,0.0,0.0,0.0,0.0,0.0,FWD,Nott'm Forest,Aston Villa,0,2026-09-12T14:00:00Z,32,1.0,2.0
491,Igor Jesus,4,7,15.0,1.0,0.0,0.0,0.0,0.0,0.0,0.0,0.0,0.0,0.0,2.0,34.0,6.399999999999999,0.1300000000000001,0.01,0.1399999999999999,0.0899999999999998,0.0,53045.0,31312.0,21733.0,2.7,58.0,4,36.4,11.0,17.0,0.0,3.0,0.0,FWD,Nott'm Forest,Aston Villa,0,2026-09-12T14:00:00Z,32,1.0,2.0
493,Kalimuendo,4,0,0.0,0.0,0.0,0.0,0.0,0.0,0.0,0.0,0.0,0.0,0.0,0.0,0.0,0.0,0.0,0.0,0.0,0.0,0.0,458.0,767.0,-309.0,0.1,54.0,4,0.0,0.0,0.0,0.0,0.0,0.0,FWD,Nott'm Forest,Aston Villa,0,2026-09-12T14:00:00Z,32,1.0,2.0
558,Schlager,4,3,90.0,0.0,0.0,0.0,1.0,0.0,0.0,0.0,1.0,0.0,0.0,0.0,18.0,5.4,0.06,0.02,0.0799999999999999,0.8199999999999998,1.0,2526.0,1136.0,1390.0,0.1,50.0,4,21.8,15.2,17.0,3.0,7.0,6.0,MID,Nott'm Forest,Aston Villa,0,2026-09-12T14:00:00Z,32,1.0,2.0
489,Yates,4,0,0.0,0.0,0.0,0.0,0.0,0.0,0.0,0.0,0.0,0.0,0.0,0.0,0.0,0.0,0.0,0.0,0.0,0.0,0.0,2937.0,13852.0,-10915.0,1.2,45.0,4,0.0,0.0,0.0,0.0,0.0,0.0,MID,Nott'm Forest,Aston Villa,0,2026-09-12T14:00:00Z,32,1.0,2.0
581,Diomande,4,4,90.0,0.0,0.0,0.0,1.0,0.0,0.0,0.0,0.0,0.0,0.0,0.0,10.0,3.6,0.11,0.0,0.11,0.82,1.0,3293.0,3363.0,-70.0,0.5,54.0,4,24.6,0.4,11.0,13.0,3.0,1.0,DEF,Nott'm Forest,Aston Villa,0,2026-09-12T14:00:00Z,32,1.0,2.0
590,Benda,4,0,0.0,0.0,0.0,0.0,0.0,0.0,0.0,0.0,0.0,0.0,0.0,0.0,0.0,0.0,0.0,0.0,0.0,0.0,0.0,395.0,503.0,-108.0,0.1,45.0,4,0.0,0.0,0.0,0.0,0.0,0.0,GK,Nott'm Forest,Aston Villa,0,2026-09-12T14:00:00Z,32,1.0,2.0
112,Van Hecke,4,8,90.0,0.0,0.0,1.0,0.0,0.0,0.0,0.0,0.0,0.0,0.0,0.0,27.0,6.1,0.14,0.0499999999999999,0.19,1.1100000000000003,1.0,37826.0,41059.0,-3233.0,6.7,49.0,4,38.39999999999999,15.2,7.0,11.0,2.0,2.0,DEF,Spurs,Everton,1,2026-09-12T16:30:00Z,40,0.0,0.0
147,Tosin,4,1,5.0,0.0,0.0,0.0,0.0,0.0,0.0,0.0,0.0,0.0,0.0,0.0,5.0,0.9,0.0,0.0,0.0,0.03,0.0,397.0,952.0,-555.0,0.2,44.0,4,9.0,0.2,0.0,2.0,1.0,2.0,DEF,Spurs,Everton,1,2026-09-12T16:30:00Z,40,0.0,0.0
401,Marmoush,4,2,76.0,0.0,0.0,1.0,0.0,0.0,0.0,0.0,0.0,0.0,0.0,0.0,9.0,2.9000000000000004,0.0199999999999999,0.03,0.0499999999999999,1.08,1.0,28711.0,40683.0,-11972.0,2.2,70.0,4,3.200000000000001,11.6,14.0,0.0,5.0,0.0,FWD,Spurs,Everton,1,2026-09-12T16:30:00Z,40,0.0,0.0
403,Sávio,4,3,90.0,0.0,0.0,1.0,0.0,0.0,0.0,0.0,0.0,0.0,0.0,0.0,22.0,10.3,0.0999999999999999,0.26,0.36,1.11,1.0,11153.0,11748.0,-595.0,0.7,65.0,4,20.8,53.7,28.0,1.0,5.0,0.0,MID,Spurs,Everton,1,2026-09-12T16:30:00Z,40,0.0,0.0
455,Tonali,4,3,90.0,0.0,0.0,1.0,0.0,0.0,0.0,0.0,0.0,0.0,0.0,0.0,16.0,4.9,0.09,0.31,0.3999999999999999,1.1100000000000003,1.0,3949.0,54851.0,-50902.0,2.0,54.0,4,12.200000000000005,30.700000000000003,6.0,5.0,6.0,0.0,MID,Spurs,Everton,1,2026-09-12T16:30:00Z,40,0.0,0.0
494,Vicario,4,0,0.0,0.0,0.0,0.0,0.0,0.0,0.0,0.0,0.0,0.0,0.0,0.0,0.0,0.0,0.0,0.0,0.0,0.0,0.0,0.0,1629.0,-1629.0,0.1,45.0,4,0.0,0.0,0.0,0.0,0.0,0.0,GK,Spurs,Everton,1,2026-09-12T16:30:00Z,40,0.0,0.0
496,Kinsky,4,7,90.0,0.0,0.0,1.0,0.0,0.0,0.0,0.0,0.0,0.0,3.0,0.0,29.0,2.000000000000001,0.0,0.0,0.0,1.1100000000000003,1.0,92725.0,94836.0,-2111.0,18.2,45.0,4,19.8,0.0,0.0,4.0,3.0,0.0,GK,Spurs,Everton,1,2026-09-12T16:30:00Z,40,0.0,0.0
497,Dubravka,4,0,0.0,0.0,0.0,0.0,0.0,0.0,0.0,0.0,0.0,0.0,0.0,0.0,0.0,0.0,0.0,0.0,0.0,0.0,0.0,63557.0,79564.0,-16007.0,17.6,40.0,4,0.0,0.0,0.0,0.0,0.0,0.0,GK,Spurs,Everton,1,2026-09-12T16:30:00Z,40,0.0,0.0
498,Senesi,4,0,0.0,0.0,0.0,0.0,0.0,0.0,0.0,0.0,0.0,0.0,0.0,0.0,0.0,0.0,0.0,0.0,0.0,0.0,0.0,2491.0,67367.0,-64876.0,3.8,58.0,4,0.0,0.0,0.0,0.0,0.0,0.0,DEF,Spurs,Everton,1,2026-09-12T16:30:00Z,40,0.0,0.0
499,Pedro Porro,4,0,0.0,0.0,0.0,0.0,0.0,0.0,0.0,0.0,0.0,0.0,0.0,0.0,0.0,0.0,0.0,0.0,0.0,0.0,0.0,2172.0,242081.0,-239909.0,8.4,54.0,4,0.0,0.0,0.0,0.0,0.0,0.0,DEF,Spurs,Everton,1,2026-09-12T16:30:00Z,40,0.0,0.0
500,Romero,4,0,0.0,0.0,0.0,0.0,0.0,0.0,0.0,0.0,0.0,0.0,0.0,0.0,0.0,0.0,0.0,0.0,0.0,0.0,0.0,0.0,615.0,-615.0,0.1,50.0,4,0.0,0.0,0.0,0.0,0.0,0.0,DEF,Spurs,Everton,1,2026-09-12T16:30:00Z,40,0.0,0.0
502,Robertson,4,7,90.0,0.0,0.0,1.0,0.0,0.0,0.0,0.0,0.0,0.0,0.0,1.0,30.0,5.0,0.07,0.09,0.1599999999999999,1.1099999999999994,1.0,17327.0,21994.0,-4667.0,2.6,44.0,4,10.799999999999995,31.5,8.0,2.0,3.0,0.0,DEF,Spurs,Everton,1,2026-09-12T16:30:00Z,40,0.0,0.0
503,Van de Ven,4,6,90.0,0.0,0.0,1.0,0.0,0.0,0.0,0.0,0.0,0.0,0.0,0.0,27.0,1.7999999999999998,0.0,0.02,0.02,1.11,1.0,28180.0,18791.0,9389.0,3.9,50.0,4,15.0,3.1000000000000005,0.0,6.0,4.0,0.0,DEF,Spurs,Everton,1,2026-09-12T16:30:00Z,40,0.0,0.0
506,Udogie,4,0,0.0,0.0,0.0,0.0,0.0,0.0,0.0,0.0,0.0,0.0,0.0,0.0,0.0,0.0,0.0,0.0,0.0,0.0,0.0,723.0,5031.0,-4308.0,0.3,44.0,4,0.0,0.0,0.0,0.0,0.0,0.0,DEF,Spurs,Everton,1,2026-09-12T16:30:00Z,40,0.0,0.0
507,Phillips,4,0,0.0,0.0,0.0,0.0,0.0,0.0,0.0,0.0,0.0,0.0,0.0,0.0,0.0,0.0,0.0,0.0,0.0,0.0,0.0,0.0,99.0,-99.0,0.0,45.0,4,0.0,0.0,0.0,0.0,0.0,0.0,DEF,Spurs,Everton,1,2026-09-12T16:30:00Z,40,0.0,0.0
505,Spence,4,0,0.0,0.0,0.0,0.0,0.0,0.0,0.0,0.0,0.0,0.0,0.0,0.0,0.0,0.0,0.0,0.0,0.0,0.0,0.0,0.0,2590.0,-2590.0,0.2,45.0,4,0.0,0.0,0.0,0.0,0.0,0.0,DEF,Spurs,Everton,1,2026-09-12T16:30:00Z,40,0.0,0.0
508,Davies,4,0,0.0,0.0,0.0,0.0,0.0,0.0,0.0,0.0,0.0,0.0,0.0,0.0,0.0,0.0,0.0,0.0,0.0,0.0,0.0,1920.0,6883.0,-4963.0,0.8,40.0,4,0.0,0.0,0.0,0.0,0.0,0.0,DEF,Spurs,Everton,1,2026-09-12T16:30:00Z,40,0.0,0.0
509,Byfield,4,0,0.0,0.0,0.0,0.0,0.0,0.0,0.0,0.0,0.0,0.0,0.0,0.0,0.0,0.0,0.0,0.0,0.0,0.0,0.0,531.0,516.0,15.0,0.1,40.0,4,0.0,0.0,0.0,0.0,0.0,0.0,DEF,Spurs,Everton,1,2026-09-12T16:30:00Z,40,0.0,0.0
510,Rowswell,4,0,0.0,0.0,0.0,0.0,0.0,0.0,0.0,0.0,0.0,0.0,0.0,0.0,0.0,0.0,0.0,0.0,0.0,0.0,0.0,626.0,678.0,-52.0,0.1,40.0,4,0.0,0.0,0.0,0.0,0.0,0.0,DEF,Spurs,Everton,1,2026-09-12T16:30:00Z,40,0.0,0.0
511,Souza,4,0,0.0,0.0,0.0,0.0,0.0,0.0,0.0,0.0,0.0,0.0,0.0,0.0,0.0,0.0,0.0,0.0,0.0,0.0,0.0,0.0,2209.0,-2209.0,0.2,40.0,4,0.0,0.0,0.0,0.0,0.0,0.0,DEF,Spurs,Everton,1,2026-09-12T16:30:00Z,40,0.0,0.0
512,Kudus,4,1,27.0,0.0,0.0,0.0,0.0,0.0,0.0,0.0,0.0,0.0,0.0,0.0,8.0,2.5,0.0,0.0499999999999999,0.05,0.44,0.0,2353.0,2546.0,-193.0,0.1,65.0,4,6.0,12.8,6.0,0.0,1.0,1.0,MID,Spurs,Everton,1,2026-09-12T16:30:00Z,40,0.0,0.0
513,Xavi,4,0,0.0,0.0,0.0,0.0,0.0,0.0,0.0,0.0,0.0,0.0,0.0,0.0,0.0,0.0,0.0,0.0,0.0,0.0,0.0,50.0,115.0,-65.0,0.0,59.0,4,0.0,0.0,0.0,0.0,0.0,0.0,MID,Spurs,Everton,1,2026-09-12T16:30:00Z,40,0.0,0.0
514,Tel,4,1,27.0,0.0,0.0,0.0,0.0,0.0,0.0,0.0,0.0,0.0,0.0,0.0,3.0,1.299999999999999,0.0099999999999999,0.09,0.0999999999999999,0.4399999999999995,0.0,936.0,5474.0,-4538.0,0.2,58.0,4,0.6000000000000014,3.200000000000003,9.0,0.0,0.0,0.0,MID,Spurs,Everton,1,2026-09-12T16:30:00Z,40,0.0,0.0
515,Maddison,4,1,13.0,0.0,0.0,0.0,0.0,0.0,0.0,0.0,0.0,0.0,0.0,0.0,3.0,1.1,0.0,0.01,0.01,0.03,0.0,1437.0,4394.0,-2957.0,0.4,63.0,4,6.799999999999999,3.799999999999999,0.0,2.0,1.0,0.0,MID,Spurs,Everton,1,2026-09-12T16:30:00Z,40,0.0,0.0
516,Bentancur,4,3,62.0,0.0,0.0,1.0,0.0,0.0,0.0,0.0,0.0,0.0,0.0,0.0,15.0,3.1000000000000005,0.0,0.04,0.04,0.6700000000000004,1.0,1800.0,1406.0,394.0,0.2,55.0,4,22.6,7.899999999999999,0.0,5.0,2.0,3.0,MID,Spurs,Everton,1,2026-09-12T16:30:00Z,40,0.0,0.0
517,Odobert,4,0,0.0,0.0,0.0,0.0,0.0,0.0,0.0,0.0,0.0,0.0,0.0,0.0,0.0,0.0,0.0,0.0,0.0,0.0,0.0,24.0,20.0,4.0,0.0,55.0,4,0.0,0.0,0.0,0.0,0.0,0.0,MID,Spurs,Everton,1,2026-09-12T16:30:00Z,40,0.0,0.0
518,P.M.Sarr,4,0,0.0,0.0,0.0,0.0,0.0,0.0,0.0,0.0,0.0,0.0,0.0,0.0,0.0,0.0,0.0,0.0,0.0,0.0,0.0,0.0,2053.0,-2053.0,0.1,49.0,4,0.0,0.0,0.0,0.0,0.0,0.0,MID,Spurs,Everton,1,2026-09-12T16:30:00Z,40,0.0,0.0
519,Gallagher,4,0,0.0,0.0,0.0,0.0,0.0,0.0,0.0,0.0,0.0,0.0,0.0,0.0,0.0,0.0,0.0,0.0,0.0,0.0,0.0,630.0,2359.0,-1729.0,0.2,53.0,4,0.0,0.0,0.0,0.0,0.0,0.0,MID,Spurs,Everton,1,2026-09-12T16:30:00Z,40,0.0,0.0
520,Bergvall,4,1,27.0,0.0,0.0,0.0,0.0,0.0,0.0,0.0,0.0,0.0,0.0,0.0,8.0,2.3,0.06,0.25,0.31,0.4400000000000001,0.0,308.0,1155.0,-847.0,0.1,54.0,4,8.0,7.9,7.0,1.0,2.0,1.0,MID,Spurs,Everton,1,2026-09-12T16:30:00Z,40,0.0,0.0
521,Kulusevski,4,0,0.0,0.0,0.0,0.0,0.0,0.0,0.0,0.0,0.0,0.0,0.0,0.0,0.0,0.0,0.0,0.0,0.0,0.0,0.0,64.0,92.0,-28.0,0.0,65.0,4,0.0,0.0,0.0,0.0,0.0,0.0,MID,Spurs,Everton,1,2026-09-12T16:30:00Z,40,0.0,0.0
522,Gray,4,3,84.0,0.0,0.0,1.0,0.0,0.0,0.0,0.0,0.0,0.0,0.0,0.0,13.0,2.6,0.09,0.03,0.12,1.08,1.0,1447.0,2058.0,-611.0,0.2,49.0,4,9.6,6.7,10.0,4.0,5.0,2.0,MID,Spurs,Everton,1,2026-09-12T16:30:00Z,40,0.0,0.0
523,Moore,4,0,0.0,0.0,0.0,0.0,0.0,0.0,0.0,0.0,0.0,0.0,0.0,0.0,0.0,0.0,0.0,0.0,0.0,0.0,0.0,0.0,1872.0,-1872.0,0.1,50.0,4,0.0,0.0,0.0,0.0,0.0,0.0,MID,Spurs,Everton,1,2026-09-12T16:30:00Z,40,0.0,0.0
524,Olusesi,4,0,0.0,0.0,0.0,0.0,0.0,0.0,0.0,0.0,0.0,0.0,0.0,0.0,0.0,0.0,0.0,0.0,0.0,0.0,0.0,36033.0,13937.0,22096.0,1.1,44.0,4,0.0,0.0,0.0,0.0,0.0,0.0,MID,Spurs,Everton,1,2026-09-12T16:30:00Z,40,0.0,0.0
525,Fernandes,4,3,62.0,0.0,0.0,1.0,0.0,0.0,0.0,0.0,0.0,0.0,0.0,0.0,15.0,3.8000000000000007,0.11,0.03,0.14,0.6699999999999999,1.0,2153.0,13105.0,-10952.0,0.8,58.0,4,3.0,13.0,22.0,0.0,2.0,2.0,MID,Spurs,Everton,1,2026-09-12T16:30:00Z,40,0.0,0.0
526,Solanke,4,2,62.0,0.0,0.0,1.0,0.0,0.0,0.0,0.0,0.0,0.0,0.0,0.0,4.0,0.8000000000000003,0.0,0.01,0.01,0.67,1.0,4918.0,12146.0,-7228.0,0.9,58.0,4,0.0,4.300000000000001,6.0,0.0,2.0,0.0,FWD,Spurs,Everton,1,2026-09-12T16:30:00Z,40,0.0,0.0
527,Richarlison,4,0,0.0,0.0,0.0,0.0,0.0,0.0,0.0,0.0,0.0,0.0,0.0,0.0,0.0,0.0,0.0,0.0,0.0,0.0,0.0,0.0,22469.0,-22469.0,0.7,59.0,4,0.0,0.0,0.0,0.0,0.0,0.0,FWD,Spurs,Everton,1,2026-09-12T16:30:00Z,40,0.0,0.0
528,Scarlett,4,0,0.0,0.0,0.0,0.0,0.0,0.0,0.0,0.0,0.0,0.0,0.0,0.0,0.0,0.0,0.0,0.0,0.0,0.0,0.0,0.0,17057.0,-17057.0,1.2,45.0,4,0.0,0.0,0.0,0.0,0.0,0.0,FWD,Spurs,Everton,1,2026-09-12T16:30:00Z,40,0.0,0.0
578,Mudryk,4,0,0.0,0.0,0.0,0.0,0.0,0.0,0.0,0.0,0.0,0.0,0.0,0.0,0.0,0.0,0.0,0.0,0.0,0.0,0.0,35.0,2121.0,-2086.0,0.0,54.0,4,0.0,0.0,0.0,0.0,0.0,0.0,MID,Spurs,Everton,1,2026-09-12T16:30:00Z,40,0.0,0.0
601,Williams-Barnett,4,0,0.0,0.0,0.0,0.0,0.0,0.0,0.0,0.0,0.0,0.0,0.0,0.0,0.0,0.0,0.0,0.0,0.0,0.0,0.0,646.0,1532.0,-886.0,0.1,45.0,4,0.0,0.0,0.0,0.0,0.0,0.0,MID,Spurs,Everton,1,2026-09-12T16:30:00Z,40,0.0,0.0
501,Danso,4,1,90.0,0.0,0.0,0.0,2.0,0.0,0.0,0.0,0.0,0.0,0.0,0.0,6.0,3.0,0.0,0.08,0.08,1.88,1.0,1428.0,1398.0,30.0,0.2,50.0,4,16.8,10.999999999999998,2.0,4.0,3.0,0.0,DEF,Sunderland,Arsenal,1,2026-09-12T19:00:00Z,36,0.0,2.0
529,Roefs,4,2,90.0,0.0,0.0,0.0,2.0,0.0,0.0,0.0,0.0,0.0,3.0,0.0,9.0,2.7,0.0,0.0,0.0,1.88,1.0,2259.0,33693.0,-31434.0,2.6,49.0,4,27.2,0.0,0.0,1.0,3.0,0.0,GK,Sunderland,Arsenal,1,2026-09-12T19:00:00Z,36,0.0,2.0
530,Patterson,4,0,0.0,0.0,0.0,0.0,0.0,0.0,0.0,0.0,0.0,0.0,0.0,0.0,0.0,0.0,0.0,0.0,0.0,0.0,0.0,0.0,704.0,-704.0,0.1,40.0,4,0.0,0.0,0.0,0.0,0.0,0.0,GK,Sunderland,Arsenal,1,2026-09-12T19:00:00Z,36,0.0,2.0
531,Ellborg,4,0,0.0,0.0,0.0,0.0,0.0,0.0,0.0,0.0,0.0,0.0,0.0,0.0,0.0,0.0,0.0,0.0,0.0,0.0,0.0,168.0,507.0,-339.0,0.1,45.0,4,0.0,0.0,0.0,0.0,0.0,0.0,GK,Sunderland,Arsenal,1,2026-09-12T19:00:00Z,36,0.0,2.0
532,Ballard,4,0,90.0,0.0,0.0,0.0,2.0,0.0,0.0,0.0,1.0,0.0,0.0,0.0,0.0,2.9000000000000004,0.08,0.01,0.09,1.88,1.0,5888.0,49741.0,-43853.0,2.7,49.0,4,9.0,10.8,9.0,5.0,3.0,1.0,DEF,Sunderland,Arsenal,1,2026-09-12T19:00:00Z,36,0.0,2.0
533,Mukiele,4,0,90.0,0.0,0.0,0.0,2.0,0.0,0.0,0.0,1.0,0.0,0.0,0.0,-5.0,6.1,0.7,0.02,0.72,1.88,1.0,5026.0,26104.0,-21078.0,2.0,54.0,4,10.400000000000006,4.899999999999999,46.0,3.0,3.0,3.0,DEF,Sunderland,Arsenal,1,2026-09-12T19:00:00Z,36,0.0,2.0
534,Hume,4,0,0.0,0.0,0.0,0.0,0.0,0.0,0.0,0.0,0.0,0.0,0.0,0.0,0.0,0.0,0.0,0.0,0.0,0.0,0.0,1910.0,80011.0,-78101.0,3.2,44.0,4,0.0,0.0,0.0,0.0,0.0,0.0,DEF,Sunderland,Arsenal,1,2026-09-12T19:00:00Z,36,0.0,2.0
535,Alderete,4,0,0.0,0.0,0.0,0.0,0.0,0.0,0.0,0.0,0.0,0.0,0.0,0.0,0.0,0.0,0.0,0.0,0.0,0.0,0.0,255.0,3941.0,-3686.0,0.2,49.0,4,0.0,0.0,0.0,0.0,0.0,0.0,DEF,Sunderland,Arsenal,1,2026-09-12T19:00:00Z,36,0.0,2.0
545,Sadiki,4,2,90.0,0.0,0.0,0.0,2.0,0.0,0.0,0.0,0.0,0.0,0.0,0.0,11.0,1.2999999999999972,0.04,0.0,0.04,1.8800000000000003,1.0,1119.0,3286.0,-2167.0,0.2,49.0,4,11.0,1.3000000000000045,1.0,4.0,3.0,3.0,MID,Sunderland,Arsenal,1,2026-09-12T19:00:00Z,36,0.0,2.0
613,Ahoka,4,0,0.0,0.0,0.0,0.0,0.0,0.0,0.0,0.0,0.0,0.0,0.0,0.0,0.0,0.0,0.0,0.0,0.0,0.0,0.0,2253.0,3391.0,-1138.0,0.2,45.0,4,0.0,0.0,0.0,0.0,0.0,0.0,MID,Sunderland,Arsenal,1,2026-09-12T19:00:00Z,36,0.0,2.0
536,Reinildo,4,-2,90.0,0.0,0.0,0.0,2.0,0.0,0.0,0.0,0.0,1.0,0.0,0.0,-12.0,0.0,0.0,0.01,0.01,1.09,1.0,169.0,8240.0,-8071.0,0.3,45.0,4,0.0,1.3999999999999986,0.0,6.0,3.0,1.0,DEF,Sunderland,Arsenal,1,2026-09-12T19:00:00Z,36,0.0,2.0
537,Seelt,4,0,0.0,0.0,0.0,0.0,0.0,0.0,0.0,0.0,0.0,0.0,0.0,0.0,0.0,0.0,0.0,0.0,0.0,0.0,0.0,0.0,47.0,-47.0,0.0,45.0,4,0.0,0.0,0.0,0.0,0.0,0.0,DEF,Sunderland,Arsenal,1,2026-09-12T19:00:00Z,36,0.0,2.0
538,Hjelde,4,0,0.0,0.0,0.0,0.0,0.0,0.0,0.0,0.0,0.0,0.0,0.0,0.0,0.0,0.0,0.0,0.0,0.0,0.0,0.0,0.0,275.0,-275.0,0.0,40.0,4,0.0,0.0,0.0,0.0,0.0,0.0,DEF,Sunderland,Arsenal,1,2026-09-12T19:00:00Z,36,0.0,2.0
539,O'Nien,4,0,0.0,0.0,0.0,0.0,0.0,0.0,0.0,0.0,0.0,0.0,0.0,0.0,0.0,0.0,0.0,0.0,0.0,0.0,0.0,2138.0,22141.0,-20003.0,2.4,40.0,4,0.0,0.0,0.0,0.0,0.0,0.0,DEF,Sunderland,Arsenal,1,2026-09-12T19:00:00Z,36,0.0,2.0
540,Masuaku,4,0,0.0,0.0,0.0,0.0,0.0,0.0,0.0,0.0,0.0,0.0,0.0,0.0,0.0,0.0,0.0,0.0,0.0,0.0,0.0,0.0,1196.0,-1196.0,0.1,40.0,4,0.0,0.0,0.0,0.0,0.0,0.0,DEF,Sunderland,Arsenal,1,2026-09-12T19:00:00Z,36,0.0,2.0
541,Meunier,4,2,75.0,0.0,0.0,0.0,1.0,0.0,0.0,0.0,0.0,0.0,0.0,0.0,5.0,2.3000000000000007,0.13,0.0,0.1299999999999999,1.09,1.0,877.0,1953.0,-1076.0,0.3,45.0,4,5.799999999999997,1.8000000000000007,15.0,2.0,4.0,0.0,DEF,Sunderland,Arsenal,1,2026-09-12T19:00:00Z,36,0.0,2.0
542,E.Le Fée,4,0,90.0,0.0,0.0,0.0,2.0,0.0,0.0,1.0,0.0,0.0,0.0,0.0,6.0,6.300000000000001,0.8500000000000001,0.59,1.44,1.88,1.0,5308.0,88880.0,-83572.0,3.7,58.0,4,6.799999999999997,29.700000000000003,26.0,0.0,4.0,0.0,MID,Sunderland,Arsenal,1,2026-09-12T19:00:00Z,36,0.0,2.0
543,Diarra,4,0,0.0,0.0,0.0,0.0,0.0,0.0,0.0,0.0,0.0,0.0,0.0,0.0,0.0,0.0,0.0,0.0,0.0,0.0,0.0,11.0,649.0,-638.0,0.0,54.0,4,0.0,0.0,0.0,0.0,0.0,0.0,MID,Sunderland,Arsenal,1,2026-09-12T19:00:00Z,36,0.0,2.0
544,Xhaka,4,1,90.0,0.0,0.0,0.0,2.0,0.0,0.0,0.0,1.0,0.0,0.0,0.0,19.0,5.900000000000002,0.0,0.37,0.37,1.88,1.0,12621.0,52499.0,-39878.0,3.8,55.0,4,14.6,44.000000000000014,0.0,2.0,8.0,1.0,MID,Sunderland,Arsenal,1,2026-09-12T19:00:00Z,36,0.0,2.0
546,Adingra,4,0,0.0,0.0,0.0,0.0,0.0,0.0,0.0,0.0,0.0,0.0,0.0,0.0,0.0,0.0,0.0,0.0,0.0,0.0,0.0,0.0,613.0,-613.0,0.0,49.0,4,0.0,0.0,0.0,0.0,0.0,0.0,MID,Sunderland,Arsenal,1,2026-09-12T19:00:00Z,36,0.0,2.0
547,Mundle,4,0,0.0,0.0,0.0,0.0,0.0,0.0,0.0,0.0,0.0,0.0,0.0,0.0,0.0,0.0,0.0,0.0,0.0,0.0,0.0,15.0,125.0,-110.0,0.0,49.0,4,0.0,0.0,0.0,0.0,0.0,0.0,MID,Sunderland,Arsenal,1,2026-09-12T19:00:00Z,36,0.0,2.0
548,Rigg,4,0,0.0,0.0,0.0,0.0,0.0,0.0,0.0,0.0,0.0,0.0,0.0,0.0,0.0,0.0,0.0,0.0,0.0,0.0,0.0,60.0,452.0,-392.0,0.0,49.0,4,0.0,0.0,0.0,0.0,0.0,0.0,MID,Sunderland,Arsenal,1,2026-09-12T19:00:00Z,36,0.0,2.0
549,Talbi,4,0,0.0,0.0,0.0,0.0,0.0,0.0,0.0,0.0,0.0,0.0,0.0,0.0,0.0,0.0,0.0,0.0,0.0,0.0,0.0,290.0,1552.0,-1262.0,0.1,53.0,4,0.0,0.0,0.0,0.0,0.0,0.0,MID,Sunderland,Arsenal,1,2026-09-12T19:00:00Z,36,0.0,2.0
550,Jocelin.T,4,0,0.0,0.0,0.0,0.0,0.0,0.0,0.0,0.0,0.0,0.0,0.0,0.0,0.0,0.0,0.0,0.0,0.0,0.0,0.0,65.0,79.0,-14.0,0.0,50.0,4,0.0,0.0,0.0,0.0,0.0,0.0,MID,Sunderland,Arsenal,1,2026-09-12T19:00:00Z,36,0.0,2.0
551,N.Angulo,4,2,69.0,0.0,0.0,0.0,1.0,0.0,0.0,0.0,0.0,0.0,0.0,0.0,7.0,0.5,0.0,0.0,0.0,0.81,1.0,716.0,2024.0,-1308.0,0.1,50.0,4,2.199999999999996,0.9000000000000021,2.0,0.0,1.0,2.0,MID,Sunderland,Arsenal,1,2026-09-12T19:00:00Z,36,0.0,2.0
552,Brobbey,4,1,90.0,0.0,0.0,0.0,2.0,0.0,0.0,0.0,1.0,0.0,0.0,0.0,4.0,2.4000000000000004,0.0,0.01,0.01,1.8800000000000003,1.0,10769.0,141691.0,-130922.0,5.7,58.0,4,0.0,11.5,14.0,0.0,4.0,0.0,FWD,Sunderland,Arsenal,1,2026-09-12T19:00:00Z,36,0.0,2.0
553,Isidor,4,1,20.0,0.0,0.0,0.0,1.0,0.0,0.0,0.0,0.0,0.0,0.0,0.0,1.0,0.0999999999999996,0.0,0.0,0.0,1.0699999999999998,0.0,8158.0,22560.0,-14402.0,1.4,55.0,4,1.2000000000000028,0.0999999999999999,0.0,0.0,0.0,1.0,FWD,Sunderland,Arsenal,1,2026-09-12T19:00:00Z,36,0.0,2.0
612,Methalie,4,0,0.0,0.0,0.0,0.0,0.0,0.0,0.0,0.0,0.0,0.0,0.0,0.0,0.0,0.0,0.0,0.0,0.0,0.0,0.0,139.0,98.0,41.0,0.0,45.0,4,0.0,0.0,0.0,0.0,0.0,0.0,DEF,Sunderland,Arsenal,1,2026-09-12T19:00:00Z,36,0.0,2.0
